Date,Open,High,Low,Close,Volume,Dividends,Stock Splits
2020-09-28 00:00:00-04:00,111.87227777517529,112.17381792247089,109.70311378636897,111.82363891601562,137672400,0.0,0.0
2020-09-29 00:00:00-04:00,111.42483559860969,112.16409584063497,110.47156881534237,110.97737884521484,99382200,0.0,0.0
2020-09-30 00:00:00-04:00,110.68555737521241,114.0608892683136,110.52019713326597,112.65044403076172,142675200,0.0,0.0
2020-10-01 00:00:00-04:00,114.430522644009,114.50834184995564,112.66990578164197,113.60371398925781,116120400,0.0,0.0
2020-10-02 00:00:00-04:00,109.81013380502145,112.22247769672273,109.15841452980857,109.93658447265625,144712000,0.0,0.0
2020-10-05 00:00:00-04:00,110.80228919258478,113.46753391146844,110.4521101876222,113.32162475585938,106243800,0.0,0.0
2020-10-06 00:00:00-04:00,112.54345848013615,112.95200563980481,109.18758468115253,110.07276153564453,161498200,0.0,0.0
2020-10-07 00:00:00-04:00,111.49291934511135,112.39754721573827,111.01628226939263,111.94036865234375,96849000,0.0,0.0
2020-10-08 00:00:00-04:00,113.07844398775582,113.22435314166701,111.46372888130158,111.83336639404297,83477200,0.0,0.0
2020-10-09 00:00:00-04:00,112.13491304534423,113.80798894197643,111.7847340241306,113.77880859375,100506900,0.0,0.0
2020-10-12 00:00:00-04:00,116.78451149876966,121.76482993780782,116.02579270598136,121.00611114501953,240226800,0.0,0.0
2020-10-13 00:00:00-04:00,121.85235887523848,121.96908768608209,116.38568943923732,117.79612731933594,262330500,0.0,0.0
2020-10-14 00:00:00-04:00,117.69884824411241,119.67346409750246,116.35650041512618,117.8836669921875,150712000,0.0,0.0
2020-10-15 00:00:00-04:00,115.48104948176437,117.8933852834975,114.92660067544894,117.41675567626953,112559200,0.0,0.0
2020-10-16 00:00:00-04:00,117.97120952549623,118.23384747833158,115.56859545500912,115.77286529541016,115393800,0.0,0.0
2020-10-19 00:00:00-04:00,116.68721586654202,117.1346651236104,112.50453415677372,112.81580352783203,120639300,0.0,0.0
2020-10-20 00:00:00-04:00,113.02980416838349,115.73396585696945,112.47535532523321,114.30406951904297,124423700,0.0,0.0
2020-10-21 00:00:00-04:00,113.48697818121386,115.47132328298426,113.27297908868262,113.68152618408203,89946000,0.0,0.0
2020-10-22 00:00:00-04:00,114.24568862177946,114.81959591240101,111.46371546147097,112.59207153320312,101988000,0.0,0.0
2020-10-23 00:00:00-04:00,113.21463402999635,113.37027245377989,111.16219869915412,111.9014663696289,82572600,0.0,0.0
2020-10-26 00:00:00-04:00,110.89955881245987,113.37026292295224,109.80038294532771,111.91118621826172,111850700,0.0,0.0
2020-10-27 00:00:00-04:00,112.33918213169002,114.08034796929371,111.41510314504899,113.41889953613281,92276800,0.0,0.0
2020-10-28 00:00:00-04:00,111.91119126662696,112.28082137684017,108.06895131820131,108.16622161865234,143937800,0.0,0.0
2020-10-29 00:00:00-04:00,109.30430584931332,113.73989680449655,109.13893817712592,112.17382049560547,146129200,0.0,0.0
2020-10-30 00:00:00-04:00,108.03004440237355,108.93467231945372,104.78117027471363,105.89006805419922,190272600,0.0,0.0
2020-11-02 00:00:00-05:00,106.13321807788486,107.66038441516727,104.39205268090426,105.802490234375,122866900,0.0,0.0
2020-11-03 00:00:00-05:00,106.66822232934803,108.44829000986326,105.76359460724328,107.42694091796875,107624400,0.0,0.0
2020-11-04 00:00:00-05:00,111.02599722029115,112.43643491089769,109.28483165401832,111.81389617919922,138235500,0.0,0.0
2020-11-05 00:00:00-05:00,114.73205582071998,116.35650010587017,113.68152628924997,115.7825927734375,126387100,0.0,0.0
2020-11-06 00:00:00-05:00,115.2905328204704,116.14799861229584,113.15660323122867,115.65106201171875,114457900,0.205,0.0
2020-11-09 00:00:00-05:00,117.41471118065078,118.86655905479424,113.0786522061061,113.34173583984375,154515300,0.0,0.0
2020-11-10 00:00:00-05:00,112.59144977903753,114.57921088296683,111.20780194427195,113.00069427490234,138023400,0.0,0.0
2020-11-11 00:00:00-05:00,114.18946623657861,116.56698735100086,113.45866925822499,116.43057250976562,112295000,0.0,0.0
2020-11-12 00:00:00-05:00,116.5572589421894,117.44395548780155,115.53414010935421,116.15775299072266,103162300,0.0,0.0
2020-11-13 00:00:00-05:00,116.38185060768497,116.60595750533835,114.85204931664111,116.20645904541016,81581900,0.0,0.0
2020-11-16 00:00:00-05:00,115.87516977446028,117.89216918384535,115.12488813037272,117.21984100341797,91183000,0.0,0.0
2020-11-17 00:00:00-05:00,116.48902916086686,117.58034777680699,115.91413173221224,116.33312225341797,74271000,0.0,0.0
2020-11-18 00:00:00-05:00,115.57310124972858,116.75211942679815,114.97871914080206,115.00794982910156,76322100,0.0,0.0
2020-11-19 00:00:00-05:00,114.57923704966663,116.0116005463561,113.81920925976263,115.60235595703125,74113000,0.0,0.0
2020-11-20 00:00:00-05:00,115.60233477250766,115.72900356959502,114.28690172841969,114.33561706542969,73604300,0.0,0.0
2020-11-23 00:00:00-05:00,114.17973844528015,114.60847512000458,110.83755943271615,110.93499755859375,127959300,0.0,0.0
2020-11-24 00:00:00-05:00,110.99345018861624,112.88377334383199,109.70724035208704,112.22118377685547,113874200,0.0,0.0
2020-11-25 00:00:00-05:00,112.5914448450371,113.76071690599676,112.22116965962786,113.05915069580078,76499200,0.0,0.0
2020-11-27 00:00:00-05:00,113.58534323153174,114.4817857816356,113.24430611291088,113.60482788085938,46691300,0.0,0.0
2020-11-30 00:00:00-05:00,113.97510085734369,117.87268484188316,113.8191939296174,116.00184631347656,169410200,0.0,0.0
2020-12-01 00:00:00-05:00,117.91164950975933,120.30866252291607,116.93725361331916,119.57786560058594,127728200,0.0,0.0
2020-12-02 00:00:00-05:00,118.89580031413836,120.21124090192977,117.79473547645512,119.92866516113281,89004200,0.0,0.0
2020-12-03 00:00:00-05:00,120.3573879750848,120.61073301099076,119.08093162233982,119.79224395751953,78967600,0.0,0.0
2020-12-04 00:00:00-05:00,119.46094830759233,119.71429334953903,118.40859884170744,119.11991119384766,78260400,0.0,0.0
2020-12-07 00:00:00-05:00,119.17837974557071,121.38051692318322,119.11991836085464,120.58151245117188,86712000,0.0,0.0
2020-12-08 00:00:00-05:00,121.18561966997126,121.78000175835267,119.93838668457948,121.19535827636719,82225500,0.0,0.0
2020-12-09 00:00:00-05:00,121.34153828117272,122.72517888074941,117.90192143214601,118.66194915771484,115089200,0.0,0.0
2020-12-10 00:00:00-05:00,117.41472117824993,120.69843846339406,117.07368405582885,120.08456420898438,81312200,0.0,0.0
2020-12-11 00:00:00-05:00,119.29529488946088,119.61684733291102,117.46343320377245,119.27581024169922,86939800,0.0,0.0
2020-12-14 00:00:00-05:00,119.46095361716566,120.19175065083598,118.42809618847487,118.66194915771484,79184500,0.0,0.0
2020-12-15 00:00:00-05:00,121.15637365642122,124.62522785843208,120.95175142467582,124.6057357788086,157243700,0.0,0.0
2020-12-16 00:00:00-05:00,124.14779181691584,125.0832036047306,123.31954931044656,124.53754425048828,98208600,0.0,0.0
2020-12-17 00:00:00-05:00,125.59960792950882,126.26220477989793,124.76162697843105,125.40473175048828,94359800,0.0,0.0
2020-12-18 00:00:00-05:00,125.65812133826819,125.79453619074846,122.89083268641434,123.41700744628906,192541500,0.0,0.0
2020-12-21 00:00:00-05:00,121.81899726937544,125.02476133357642,120.2891956882512,124.94680786132812,121251600,0.0,0.0
2020-12-22 00:00:00-05:00,128.2402506072199,130.96856222026736,126.33042801765606,128.5033416748047,168904800,0.0,0.0
2020-12-23 00:00:00-05:00,128.77620606654096,129.03928233694725,127.43153454537297,127.60693359375,88223700,0.0,0.0
2020-12-24 00:00:00-05:00,127.95768251910687,130.04288924480903,127.74331422195132,128.59103393554688,54930100,0.0,0.0
2020-12-28 00:00:00-05:00,130.5593044830477,133.82352163941158,130.09158377292042,133.19017028808594,124486200,0.0,0.0
2020-12-29 00:00:00-05:00,134.5153498347467,135.236393246922,130.9003346955004,131.41676330566406,121047300,0.0,0.0
2020-12-30 00:00:00-05:00,132.10859581206566,132.5081016930773,129.9844050523243,130.2962188720703,96452100,0.0,0.0
2020-12-31 00:00:00-05:00,130.6470431683906,131.29014822326337,128.34746756123533,129.29263305664062,99116600,0.0,0.0
2021-01-04 00:00:00-05:00,130.101379847628,130.18907193395324,123.51445970417282,126.09661102294922,143301900,0.0,0.0
2021-01-05 00:00:00-05:00,125.5898719394662,128.36690586965622,125.14164333709634,127.65558624267578,97664900,0.0,0.0
2021-01-06 00:00:00-05:00,124.44986199518105,127.69460255545032,123.14416745080455,123.35853576660156,155088000,0.0,0.0
2021-01-07 00:00:00-05:00,125.07350300085072,128.2597828952079,124.58630487680068,127.56795501708984,109578200,0.0,0.0
2021-01-08 00:00:00-05:00,129.0392514479538,129.23414253685505,126.89558328296363,128.6689910888672,105158200,0.0,0.0
2021-01-11 00:00:00-05:00,125.88221911439801,126.8371230123308,125.20988350887804,125.6775894165039,100384500,0.0,0.0
2021-01-12 00:00:00-05:00,125.2099135745999,126.36944744885702,123.6119043773993,125.50223541259766,91951100,0.0,0.0
2021-01-13 00:00:00-05:00,125.4632279789547,128.08435568917824,125.20015175482261,127.5386962890625,88636800,0.0,0.0
2021-01-14 00:00:00-05:00,127.45099807958694,127.6458743033761,125.46322193987007,125.60939025878906,90221800,0.0,0.0
2021-01-15 00:00:00-05:00,125.48269795041179,126.88583037094017,123.74827450506447,123.88468933105469,111598500,0.0,0.0
2021-01-19 00:00:00-05:00,124.50829932907384,125.41449519229258,123.68981039127024,124.55702209472656,90757300,0.0,0.0
2021-01-20 00:00:00-05:00,125.36581064769301,129.09774963934194,125.25862647781936,128.64952087402344,104319500,0.0,0.0
2021-01-21 00:00:00-05:00,130.37416729095122,136.09386615455463,130.16953762113462,133.3655548095703,120150900,0.0,0.0
2021-01-22 00:00:00-05:00,132.79070380672675,136.26930513798973,131.5629700317484,135.50927734375,114459400,0.0,0.0
2021-01-25 00:00:00-05:00,139.40683420534555,141.37510329816405,133.04401504155618,139.2606658935547,157611700,0.0,0.0
2021-01-26 00:00:00-05:00,139.92327397986588,140.60534821810342,137.75036015705467,139.49453735351562,98390600,0.0,0.0
2021-01-27 00:00:00-05:00,139.7575705729346,140.60530495715494,136.814906212198,138.4226531982422,140843800,0.0,0.0
2021-01-28 00:00:00-05:00,135.94771521998626,138.35447419549072,133.19991174456135,133.57992553710938,142621100,0.0,0.0
2021-01-29 00:00:00-05:00,132.35219077043976,133.2388945668448,126.8760908230651,128.58128356933594,177523800,0.0,0.0
2021-02-01 00:00:00-05:00,130.32547623427098,131.9137466089755,127.57767214071629,130.7054901123047,106239800,0.0,0.0
2021-02-02 00:00:00-05:00,132.25478079358965,132.8199323256062,131.16346190037416,131.5337371826172,83305400,0.0,0.0
2021-02-03 00:00:00-05:00,132.283966945161,132.29372041863363,130.18902194631957,130.5105743408203,89880900,0.0,0.0
2021-02-04 00:00:00-05:00,132.8101805826387,133.8820072844467,131.14395684543172,133.8722686767578,84183100,0.0,0.0
2021-02-05 00:00:00-05:00,134.03326822644928,134.10157011842293,132.57924349365368,133.45750427246094,75693800,0.205,0.0
2021-02-08 00:00:00-05:00,132.74515775495385,133.65270793576502,131.6619613464302,133.60391235351562,71297200,0.0,0.0
2021-02-09 00:00:00-05:00,133.3209020588762,134.5504851694013,132.56950670280034,132.7256317138672,76774200,0.0,0.0
2021-02-10 00:00:00-05:00,133.18428060554035,133.6819746696006,131.15450660056266,132.12060546875,73046600,0.0,0.0
2021-02-11 00:00:00-05:00,132.61826227921486,133.09643505279266,130.53970793560018,131.8668670654297,64280000,0.0,0.0
2021-02-12 00:00:00-05:00,131.10573109073752,132.25722938185646,130.4616651531689,132.10108947753906,60145100,0.0,0.0
2021-02-16 00:00:00-05:00,132.2182178860353,132.72565030112574,129.58340507467835,129.9737548828125,80576300,0.0,0.0
2021-02-17 00:00:00-05:00,128.08058387844284,129.02716157528442,126.3435683892599,127.68048095703125,97918500,0.0,0.0
2021-02-18 00:00:00-05:00,126.08010277824297,126.86078752569648,124.33333387097746,126.57779693603516,96856700,0.0,0.0
2021-02-19 00:00:00-05:00,127.09497736433161,127.55362902270863,125.68974801869315,126.73390197753906,87668800,0.0,0.0
2021-02-22 00:00:00-05:00,124.91881659012454,126.5875301611266,122.56701700171384,122.95735931396484,103916400,0.0,0.0
2021-02-23 00:00:00-05:00,120.77145192783192,123.65021250049017,115.53112373320839,122.82073974609375,158273000,0.0,0.0
2021-02-24 00:00:00-05:00,121.92296359305101,122.52798712933733,119.27840529901451,122.32305908203125,111039900,0.0,0.0
2021-02-25 00:00:00-05:00,121.66923290454905,123.40624834822879,117.62920604594376,118.0683364868164,148199500,0.0,0.0
2021-02-26 00:00:00-05:00,119.62970286388716,121.83513064841705,118.2732690688628,118.33182525634766,164560400,0.0,0.0
2021-03-01 00:00:00-05:00,120.76169636502549,124.84075840671721,119.82487925027971,124.70413970947266,116307900,0.0,0.0
2021-03-02 00:00:00-05:00,125.30916402931615,125.61167577926304,121.99126560430425,122.0986099243164,102260900,0.0,0.0
2021-03-03 00:00:00-05:00,121.79609628413596,122.67436464921909,118.89781440194187,119.11250305175781,112966300,0.0,0.0
2021-03-04 00:00:00-05:00,118.80999380846009,120.61531871405342,115.75557939943269,117.22911071777344,178155000,0.0,0.0
2021-03-05 00:00:00-05:00,118.05856814664855,118.99538509316949,114.7309095373517,118.4879379272461,153766600,0.0,0.0
2021-03-08 00:00:00-05:00,118.00978376489019,118.07809310772461,113.40376109045417,113.55014038085938,154376600,0.0,0.0
2021-03-09 00:00:00-05:00,116.15566368258474,119.1124940848032,115.92146128458052,118.1659164428711,129525800,0.0,0.0
2021-03-10 00:00:00-05:00,118.75142380321871,119.21982856056245,116.56551011841668,117.08271789550781,111943300,0.0,0.0
2021-03-11 00:00:00-05:00,119.58090377809478,120.23472282472085,118.33181442180619,119.01490783691406,103026500,0.0,0.0
2021-03-12 00:00:00-05:00,117.49256919919979,118.24397187961576,116.28251493865656,118.10735321044922,88105100,0.0,0.0
2021-03-15 00:00:00-04:00,118.47818777651618,121.00564073101157,117.51208899403603,120.99588012695312,92403800,0.0,0.0
2021-03-16 00:00:00-04:00,122.66459306472457,124.14789226969461,121.70826227679905,122.53773498535156,115227900,0.0,0.0
2021-03-17 00:00:00-04:00,121.05444515870833,122.82073491932013,119.38573166517871,121.74729919433594,111932600,0.0,0.0
2021-03-18 00:00:00-04:00,119.91269661765824,120.20545520924264,117.41451776473627,117.61944580078125,121229700,0.0,0.0
2021-03-19 00:00:00-04:00,117.00466041109058,118.49771283246503,116.78997177230154,117.09248352050781,185549500,0.0,0.0
2021-03-22 00:00:00-04:00,117.42428020959487,120.87879739667785,117.3559708631763,120.41038513183594,111912300,0.0,0.0
2021-03-23 00:00:00-04:00,120.35183373308179,121.23985521691415,119.19056742444849,119.5809097290039,95467100,0.0,0.0
2021-03-24 00:00:00-04:00,119.8541505236829,119.9322204758505,117.17055734049535,117.19007110595703,88530500,0.0,0.0
2021-03-25 00:00:00-04:00,116.6533460379,118.7221549060971,116.1263850777415,117.67798614501953,98844700,0.0,0.0
2021-03-26 00:00:00-04:00,117.44380185449447,118.54651952158424,116.04833301675248,118.28303527832031,94071200,0.0,0.0
2021-03-29 00:00:00-04:00,118.71239516993987,119.61993781154605,117.81461313280423,118.45867156982422,80819200,0.0,0.0
2021-03-30 00:00:00-04:00,117.20956666760021,117.49256459840896,115.98975185126531,117.004638671875,85671900,0.0,0.0
2021-03-31 00:00:00-04:00,118.71241420148334,120.53725293655799,118.2244881319706,119.2003402709961,118323800,0.0,0.0
2021-04-01 00:00:00-04:00,120.67385099174045,121.1812907100269,119.5320985965673,120.02978515625,75089100,0.0,0.0
2021-04-05 00:00:00-04:00,120.87880081066227,123.1135029854138,120.09811616226364,122.85977935791016,88651200,0.0,0.0
2021-04-06 00:00:00-04:00,123.44526754172878,124.06005156938677,122.61579490103361,123.16226959228516,80171300,0.0,0.0
2021-04-07 00:00:00-04:00,122.79144922016141,124.83097616492763,122.11810901104752,124.81146240234375,83466700,0.0,0.0
2021-04-08 00:00:00-04:00,125.83608157641605,127.24131049441104,125.41647246662609,127.2120361328125,88844600,0.0,0.0
2021-04-09 00:00:00-04:00,126.66557653414618,129.8273270838628,126.34354362809765,129.78829956054688,106686700,0.0,0.0
2021-04-12 00:00:00-04:00,129.31992075985053,129.64195373047176,127.4755609392533,128.07083129882812,91420000,0.0,0.0
2021-04-13 00:00:00-04:00,129.24182587765023,131.4082182509909,128.74413188709045,131.1837615966797,91266500,0.0,0.0
2021-04-14 00:00:00-04:00,131.68149986798167,131.7400486182492,128.48070580389006,128.84176635742188,87222800,0.0,0.0
2021-04-15 00:00:00-04:00,130.58850307773702,131.7400011254066,130.41284199993794,131.2520751953125,89347100,0.0,0.0
2021-04-16 00:00:00-04:00,131.05690674965481,131.41796717012542,130.0615336909614,130.9202880859375,84922400,0.0,0.0
2021-04-19 00:00:00-04:00,130.2859624251534,132.19863841633452,130.12006941367238,131.58384704589844,94264200,0.0,0.0
2021-04-20 00:00:00-04:00,131.7595258175455,132.25720491889302,128.6270347117328,129.89564514160156,94812300,0.0,0.0
2021-04-21 00:00:00-04:00,129.16378953467097,130.5202234103885,128.12938865121586,130.27626037597656,68847100,0.0,0.0
2021-04-22 00:00:00-04:00,129.8273190546684,130.91051516608923,128.23669071993334,128.75389099121094,84566500,0.0,0.0
2021-04-23 00:00:00-04:00,128.96857263287026,131.85708551414197,128.96857263287026,131.076416015625,78657500,0.0,0.0
2021-04-26 00:00:00-04:00,131.57414120224303,131.79858301727063,130.33480485867753,131.466796875,66905100,0.0,0.0
2021-04-27 00:00:00-04:00,131.74976832594788,132.14011804581892,130.87150751429678,131.14474487304688,66015800,0.0,0.0
2021-04-28 00:00:00-04:00,131.0667075414383,131.7595691601595,129.86641349610298,130.35433959960938,107760100,0.0,0.0
2021-04-29 00:00:00-04:00,133.17450095202088,133.76001800843707,129.2515724107939,130.25669860839844,151101000,0.0,0.0
2021-04-30 00:00:00-04:00,128.59777209122348,130.33478741572688,127.90492552746106,128.28550720214844,109839500,0.0,0.0
2021-05-03 00:00:00-04:00,128.85149050777056,130.83248375117557,128.64656992797262,129.33941650390625,75135100,0.0,0.0
2021-05-04 00:00:00-04:00,128.0220375212291,128.31479612503944,123.64045629537989,124.76268768310547,137564700,0.0,0.0
2021-05-05 00:00:00-04:00,126.08008114657817,127.29989620196363,124.87978730136861,125.00665283203125,84000900,0.0,0.0
2021-05-06 00:00:00-04:00,124.8017308599431,126.61681645444045,124.06008114134522,126.60706329345703,78128300,0.0,0.0
2021-05-07 00:00:00-04:00,127.90713017156261,128.307897749906,126.56793194976201,127.28152465820312,78973300,0.22,0.0
2021-05-10 00:00:00-04:00,126.49952288698726,126.62658899435064,123.9579919211375,123.9970932006836,88071200,0.0,0.0
2021-05-11 00:00:00-04:00,120.72243020113098,123.43012839060427,120.00884494360865,123.07823181152344,126142800,0.0,0.0
2021-05-12 00:00:00-04:00,120.62470125465063,121.8368112224308,119.50056358215276,120.00886535644531,112172300,0.0,0.0
2021-05-13 00:00:00-04:00,121.77814229209847,123.31283199690465,121.46533953245027,122.15937042236328,105861300,0.0,0.0
2021-05-14 00:00:00-04:00,123.41057162633793,125.0136865740081,123.01956634348547,124.58358001708984,81918000,0.0,0.0
2021-05-17 00:00:00-04:00,123.96776325099312,124.07528990021518,122.35487097046837,123.43013000488281,74244600,0.0,0.0
2021-05-18 00:00:00-04:00,123.71361668726954,124.13394612750437,121.97365073488565,122.04207611083984,63342900,0.0,0.0
2021-05-19 00:00:00-04:00,120.39007750331018,122.11048890947326,120.09682166067931,121.88566589355469,92612000,0.0,0.0
2021-05-20 00:00:00-04:00,122.41350997859374,124.84750638658275,122.28642897889054,124.44672393798828,76857100,0.0,0.0
2021-05-21 00:00:00-04:00,124.94526351797502,125.12121552562014,122.39396313602347,122.60901641845703,79295400,0.0,0.0
2021-05-24 00:00:00-04:00,123.17598843835246,125.06258229000034,123.10756306374581,124.24147033691406,63092900,0.0,0.0
2021-05-25 00:00:00-04:00,124.94526644040783,125.4340286577924,123.47900216167147,124.04595947265625,72009500,0.0,0.0
2021-05-26 00:00:00-04:00,124.1046198549837,124.52494928784593,123.57676376782135,123.9970932006836,56575900,0.0,0.0
2021-05-27 00:00:00-04:00,123.5963093673209,124.76931783925218,122.26689578830224,122.46239471435547,94625600,0.0,0.0
2021-05-28 00:00:00-04:00,122.74588055296678,122.9707110430963,121.74882403932074,121.8074722290039,71311100,0.0,0.0
2021-06-01 00:00:00-04:00,122.26690447420742,122.53082878890919,121.15254410936616,121.48489379882812,67637100,0.0,0.0
2021-06-02 00:00:00-04:00,121.4848962778378,122.42330463275813,121.26007323809793,122.24735260009766,59278900,0.0,0.0
2021-06-03 00:00:00-04:00,121.87588828071905,122.04206311064841,120.36074552880676,120.76152801513672,76229200,0.0,0.0
2021-06-04 00:00:00-04:00,121.27961809499506,123.32261707615766,121.0645647856299,123.05868530273438,75169300,0.0,0.0
2021-06-07 00:00:00-04:00,123.33238286431767,123.47901079400312,122.02252359682196,123.0684585571289,71057600,0.0,0.0
2021-06-08 00:00:00-04:00,123.75269090399607,125.5708664770332,123.37146282736403,123.88954162597656,74403800,0.0,0.0
2021-06-09 00:00:00-04:00,124.34900029049098,124.87685639052275,123.67451625303815,124.27079772949219,56877900,0.0,0.0
2021-06-10 00:00:00-04:00,124.16327258007072,125.30696453959546,123.10756782499628,123.27374267578125,71186400,0.0,0.0
2021-06-11 00:00:00-04:00,123.68426714960414,124.57380431183692,123.26393779583135,124.48582458496094,53522400,0.0,0.0
2021-06-14 00:00:00-04:00,124.94526917403981,127.60408885976287,124.2121370186317,127.54544067382812,96906500,0.0,0.0
2021-06-15 00:00:00-04:00,127.01761349970843,127.66277348498704,126.47998017864292,126.72435760498047,62746300,0.0,0.0
2021-06-16 00:00:00-04:00,127.4379002537882,127.94620933630257,125.57086856900956,127.22284698486328,91815000,0.0,0.0
2021-06-17 00:00:00-04:00,126.88073910539828,129.56889029442954,126.73410372753868,128.8259735107422,96721700,0.0,0.0
2021-06-18 00:00:00-04:00,127.77027153665138,128.55226719332194,127.31084088477134,127.52589416503906,108953300,0.0,0.0
2021-06-21 00:00:00-04:00,127.36947465650123,129.4320200361711,126.30399301656993,129.32449340820312,79663300,0.0,0.0
2021-06-22 00:00:00-04:00,129.15833692853147,131.0644774987528,128.65979753012715,130.9667205810547,74783600,0.0,0.0
2021-06-23 00:00:00-04:00,130.76147177632404,131.29910507401638,130.2336082056393,130.6930389404297,60214200,0.0,0.0
2021-06-24 00:00:00-04:00,131.42616459271213,131.6118938058328,129.9403458033597,130.40956115722656,68711000,0.0,0.0
2021-06-25 00:00:00-04:00,130.45843681394894,130.87875877934593,129.82304662928087,130.11630249023438,70783700,0.0,0.0
2021-06-28 00:00:00-04:00,130.40956533844553,132.20817950576375,130.35091714623502,131.74874877929688,62111300,0.0,0.0
2021-06-29 00:00:00-04:00,131.76829700396732,133.42029061372372,131.32842066728736,133.26388549804688,64556100,0.0,0.0
2021-06-30 00:00:00-04:00,133.10748923684247,134.31960659055045,132.81423335434383,133.87973022460938,63261400,0.0,0.0
2021-07-01 00:00:00-04:00,133.5277792846948,134.2413569130277,132.70666011876276,134.18270874023438,52485800,0.0,0.0
2021-07-02 00:00:00-04:00,134.7985885048526,136.8513649452778,134.65196800865726,136.81227111816406,78852600,0.0,0.0
2021-07-06 00:00:00-04:00,136.91972666079707,139.93044199985897,136.91972666079707,138.82586669921875,108181800,0.0,0.0
2021-07-07 00:00:00-04:00,140.3117698167729,141.63141419818325,139.45157121469416,141.31861877441406,104911600,0.0,0.0
2021-07-08 00:00:00-04:00,138.39579381995796,140.8200131513889,137.50625661436462,140.01846313476562,105575500,0.0,0.0
2021-07-09 00:00:00-04:00,139.53949700886304,142.37426891530228,139.44174008149082,141.84642028808594,99890800,0.0,0.0
2021-07-12 00:00:00-04:00,142.92166987013806,143.02919651124512,140.76136732266437,141.2501220703125,76299700,0.0,0.0
2021-07-13 00:00:00-04:00,140.79071085179643,144.1435766396761,140.39971296594135,142.364501953125,100827100,0.0,0.0
2021-07-14 00:00:00-04:00,144.76915921032545,146.20609933179037,144.35859210509756,145.7955322265625,127050800,0.0,0.0
2021-07-15 00:00:00-04:00,145.88354186128097,146.62644380694877,143.7818872173468,145.140625,106820300,0.0,0.0
2021-07-16 00:00:00-04:00,145.12107770714312,146.39182821899888,142.5991012200298,143.09762573242188,93251400,0.0,0.0
2021-07-19 00:00:00-04:00,140.5169964650382,140.82980667753233,138.48377483066196,139.24623107910156,121434600,0.0,0.0
2021-07-20 00:00:00-04:00,140.23353355980825,143.79166790162552,139.74477876057173,142.86302185058594,96350000,0.0,0.0
2021-07-21 00:00:00-04:00,142.2569638271825,142.8434755242887,141.3772111971352,142.1298828125,74993500,0.0,0.0
2021-07-22 00:00:00-04:00,142.6577390590944,144.86690516323114,142.5306580508827,143.49839782714844,77338200,0.0,0.0
2021-07-23 00:00:00-04:00,144.23153179548808,145.3752161371665,143.6156960285799,145.21881103515625,71447400,0.0,0.0
2021-07-26 00:00:00-04:00,144.9353216834007,146.4602339479517,144.37813417064035,145.63912963867188,72434100,0.0,0.0
2021-07-27 00:00:00-04:00,145.76619325815656,145.85418043778847,142.27649254477765,143.46905517578125,104818600,0.0,0.0
2021-07-28 00:00:00-04:00,141.55315500100113,143.66457920057397,139.33420415472008,141.71932983398438,118931200,0.0,0.0
2021-07-29 00:00:00-04:00,141.43587078750923,143.25403929640055,141.32834413155712,142.364501953125,56699500,0.0,0.0
2021-07-30 00:00:00-04:00,141.13283410460213,143.03897475076792,140.86890234879084,142.5795440673828,70440600,0.0,0.0
2021-08-02 00:00:00-04:00,143.0682814694833,143.64500845625085,141.9832454002648,142.24717712402344,62880000,0.0,0.0
2021-08-03 00:00:00-04:00,142.5306490113704,144.71049088545726,141.91481329138477,144.04579162597656,64786600,0.0,0.0
2021-08-04 00:00:00-04:00,143.95786031802183,144.46615463203972,142.9901203277702,143.64505004882812,56368300,0.0,0.0
2021-08-05 00:00:00-04:00,143.67436091646556,144.51501979299104,142.88258050445233,143.7525634765625,46397700,0.0,0.0
2021-08-06 00:00:00-04:00,143.2728671370131,144.01688208379585,142.56800458197282,143.06727600097656,54126800,0.22,0.0
2021-08-09 00:00:00-04:00,143.12602882681142,143.61551593971976,142.46033352347743,143.01834106445312,48908700,0.0,0.0
2021-08-10 00:00:00-04:00,143.3610006082751,144.60430216687507,142.24497049035554,142.53866577148438,69023100,0.0,0.0
2021-08-11 00:00:00-04:00,142.97914403158916,143.6350547655628,142.47007341046165,142.7931365966797,48493500,0.0,0.0
2021-08-12 00:00:00-04:00,143.1162332344722,145.91609989817144,142.77358630713317,145.75946044921875,72282600,0.0,0.0
2021-08-13 00:00:00-04:00,145.83777070300374,146.29788971819715,145.15249183078768,145.9650421142578,59375000,0.0,0.0
2021-08-16 00:00:00-04:00,145.41679586878547,148.01108601151154,143.39032739407136,147.9425506591797,103296000,0.0,0.0
2021-08-17 00:00:00-04:00,147.07130266725517,148.4908123930511,145.95527257976488,147.0321502685547,92229700,0.0,0.0
2021-08-18 00:00:00-04:00,146.65031157772893,147.55096588599457,143.07704743235058,143.2826385498047,86326000,0.0,0.0
2021-08-19 00:00:00-04:00,141.9806088621801,144.88816305914702,141.4617537976131,143.61549377441406,86960300,0.0,0.0
2021-08-20 00:00:00-04:00,144.33995758675238,145.3776678425582,143.69383103345265,145.07418823242188,60549600,0.0,0.0
2021-08-23 00:00:00-04:00,145.191637464402,147.03211343952145,144.78047016020776,146.5622100830078,60131800,0.0,0.0
2021-08-24 00:00:00-04:00,146.30771250686072,147.6880699149707,146.0140172165024,146.47413635253906,48606400,0.0,0.0
2021-08-25 00:00:00-04:00,146.66011006790077,147.15939642783155,144.69237747052765,145.2406005859375,58991300,0.0,0.0
2021-08-26 00:00:00-04:00,145.23081728174643,145.98461660195343,144.4084676646739,144.43783569335938,48597200,0.0,0.0
2021-08-27 00:00:00-04:00,144.37910942757367,145.62241083209685,143.7427821789538,145.47557067871094,55802400,0.0,0.0
2021-08-30 00:00:00-04:00,145.86712924689024,150.2627279823977,145.48532997591,149.90049743652344,90956700,0.0,0.0
2021-08-31 00:00:00-04:00,149.45018454491938,149.5872403166816,148.1089799162903,148.63763427734375,86453100,0.0,0.0
2021-09-01 00:00:00-04:00,149.61665421161553,151.7214431242204,149.13695139440583,149.30337524414062,80313700,0.0,0.0
2021-09-02 00:00:00-04:00,150.63473278654652,151.46686670695442,149.1956397332981,150.4193572998047,71115500,0.0,0.0
2021-09-03 00:00:00-04:00,150.52704024294897,151.37875779988858,149.87112944077313,151.05569458007812,57808700,0.0,0.0
2021-09-07 00:00:00-04:00,151.7116554847735,153.953500162786,151.14384857194918,153.39549255371094,82278300,0.0,0.0
2021-09-08 00:00:00-04:00,153.67933999735516,153.73807604944514,150.74241788918883,151.84866333007812,74420200,0.0,0.0
2021-09-09 00:00:00-04:00,152.22067721794593,152.8276363360627,150.71304884732544,150.83053588867188,57305700,0.0,0.0
2021-09-10 00:00:00-04:00,151.74098100789337,152.21088437935384,145.573441372884,145.8377685546875,140893200,0.0,0.0
2021-09-13 00:00:00-04:00,147.46288779538614,148.23627083685082,145.62241152835927,146.4055938720703,102404300,0.0,0.0
2021-09-14 00:00:00-04:00,147.1887688532645,147.8936314335505,143.8210954003336,145.00564575195312,109296300,0.0,0.0
2021-09-15 00:00:00-04:00,145.43636543039682,146.2978672735614,143.2924101221302,145.896484375,83281300,0.0,0.0
2021-09-16 00:00:00-04:00,145.31888239346944,145.83773734503635,144.12453308738378,145.66151428222656,68034100,0.0,0.0
2021-09-17 00:00:00-04:00,145.6909151277315,145.6909151277315,142.69524219582632,142.9889373779297,129868800,0.0,0.0
2021-09-20 00:00:00-04:00,140.77645799540764,141.79458433792297,138.29965507938874,139.93453979492188,123478900,0.0,0.0
2021-09-21 00:00:00-04:00,140.9037785830911,141.55970457818128,139.77796399538977,140.41429138183594,75834000,0.0,0.0
2021-09-22 00:00:00-04:00,141.41281345310648,143.35117809396385,140.67858283814957,142.78338623046875,76404300,0.0,0.0
2021-09-23 00:00:00-04:00,143.56657471032472,143.9875414258644,142.57781604781135,143.7427978515625,64838200,0.0,0.0
2021-09-24 00:00:00-04:00,142.59736960568088,144.36931031939181,142.4994662214484,143.83087158203125,53477900,0.0,0.0
2021-09-27 00:00:00-04:00,142.41136468969736,142.8910673802959,140.7960633866369,142.31346130371094,74150700,0.0,0.0
2021-09-28 00:00:00-04:00,140.23803011414577,141.70649116246142,138.7108330139708,138.92620849609375,108972300,0.0,0.0
2021-09-29 00:00:00-04:00,139.47444250254287,141.41280705571026,139.04369150451467,139.82687377929688,74602000,0.0,0.0
2021-09-30 00:00:00-04:00,140.63942904371518,141.344291622089,138.30946580198176,138.52484130859375,89056700,0.0,0.0
2021-10-01 00:00:00-04:00,138.91643462464168,139.91499250291432,136.1851031474959,139.65066528320312,94639600,0.0,0.0
2021-10-04 00:00:00-04:00,138.7793542203645,139.2199044877396,135.3627443887481,136.21444702148438,98322000,0.0,0.0
2021-10-05 00:00:00-04:00,136.55710262635787,139.2492814021404,136.4298312131739,138.14303588867188,80861100,0.0,0.0
2021-10-06 00:00:00-04:00,136.5375396085011,139.16118342378243,135.46066196016233,139.01434326171875,83221100,0.0,0.0
2021-10-07 00:00:00-04:00,140.05203130343006,141.18764483600611,139.71918369704164,140.27719116210938,61732700,0.0,0.0
2021-10-08 00:00:00-04:00,141.00163119861574,141.14847133090333,139.56253815036328,139.8953857421875,58773200,0.0,0.0
2021-10-11 00:00:00-04:00,139.27868768386213,141.7652760088396,138.8283529013419,139.8073272705078,64452200,0.0,0.0
2021-10-12 00:00:00-04:00,140.2184279834745,140.23801164416776,138.07447274522886,138.5345916748047,73035900,0.0,0.0
2021-10-13 00:00:00-04:00,138.27031362663757,138.4269381369984,136.2731980054475,137.94725036621094,78762700,0.0,0.0
2021-10-14 00:00:00-04:00,139.12201855652793,140.85480700337075,138.53462808500012,140.73731994628906,69907100,0.0,0.0
2021-10-15 00:00:00-04:00,140.74712209396571,141.85335275996707,140.49257924677562,141.79461669921875,67940300,0.0,0.0
2021-10-18 00:00:00-04:00,140.4338327387145,143.75255436574946,140.14993682023066,143.46865844726562,85589200,0.0,0.0
2021-10-19 00:00:00-04:00,143.91899723333478,146.03358517080088,143.46867744948042,145.6322021484375,76378900,0.0,0.0
2021-10-20 00:00:00-04:00,145.57346566160615,146.6013915952755,145.00565881312252,146.12168884277344,58418800,0.0,0.0
2021-10-21 00:00:00-04:00,145.68114050530517,146.4936908403183,144.76090241654427,146.33705139160156,61421000,0.0,0.0
2021-10-22 00:00:00-04:00,146.5426337568644,147.02232150012944,145.51470797593214,145.56365966796875,58883400,0.0,0.0
2021-10-25 00:00:00-04:00,145.553892389702,146.22938704972722,144.51618201724224,145.51473999023438,50720600,0.0,0.0
2021-10-26 00:00:00-04:00,146.19023480483978,147.66848062819486,145.87695585691787,146.18045043945312,60893400,0.0,0.0
2021-10-27 00:00:00-04:00,146.21957782913032,146.58179347999342,145.36787510933436,145.72030639648438,56094900,0.0,0.0
2021-10-28 00:00:00-04:00,146.669927174846,149.94948190193364,146.57202377608343,149.3621063232422,100077900,0.0,0.0
2021-10-29 00:00:00-04:00,144.12455951269104,146.7873700992779,143.3315929295454,146.6503143310547,124953200,0.0,0.0
2021-11-01 00:00:00-04:00,145.85735569869297,146.55241894044252,144.69237413631248,145.82798767089844,74588300,0.0,0.0
2021-11-02 00:00:00-04:00,145.53430194477542,148.3831203302802,145.5245026428988,146.86570739746094,69122000,0.0,0.0
2021-11-03 00:00:00-04:00,147.2279168080061,148.77469770489486,146.66990932924497,148.30479431152344,54511500,0.0,0.0
2021-11-04 00:00:00-04:00,148.39289360081148,149.22501261030823,147.4726555708135,147.7859344482422,60394600,0.0,0.0
2021-11-05 00:00:00-04:00,148.9134304172166,149.2173529931377,147.11929089896523,148.3153839111328,65463900,0.22,0.0
2021-11-08 00:00:00-05:00,148.44279798435025,148.5996660295044,147.21729443113375,147.49180603027344,55020900,0.0,0.0
2021-11-09 00:00:00-05:00,147.25649168138406,148.46238288844518,147.1192358932613,147.8545379638672,56787900,0.0,0.0
2021-11-10 00:00:00-05:00,147.08003104634736,147.18787595185904,144.9525587828528,145.02117919921875,65187100,0.0,0.0
2021-11-11 00:00:00-05:00,146.04080309791993,146.50157863651478,144.7858737902316,144.97215270996094,41000000,0.0,0.0
2021-11-12 00:00:00-05:00,145.5211876519379,147.45258246065882,144.5898079376244,147.05062866210938,63804000,0.0,0.0
2021-11-15 00:00:00-05:00,147.42318436184277,148.9036023660625,146.5016032105498,147.06044006347656,59222800,0.0,0.0
2021-11-16 00:00:00-05:00,147.001653331887,148.5212812334999,146.41340544746745,148.04087829589844,59256200,0.0,0.0
2021-11-17 00:00:00-05:00,148.0408318977374,151.96244333873707,148.03103325464866,150.48204040527344,88807000,0.0,0.0
2021-11-18 00:00:00-05:00,150.69776440432256,155.5605553164082,150.05069477948223,154.77622985839844,137827700,0.0,0.0
2021-11-19 00:00:00-05:00,154.56053914119423,157.8645076840942,153.46249248182252,157.40371704101562,117305600,0.0,0.0
2021-11-22 00:00:00-05:00,158.51154126985364,162.4527653050192,157.84487444666516,157.86448669433594,117467900,0.0,0.0
2021-11-23 00:00:00-05:00,157.96248573911777,158.62916738585517,155.94285847475925,158.24681091308594,96041900,0.0,0.0
2021-11-24 00:00:00-05:00,157.59978226969068,158.96254184147043,156.5115343411642,158.76646423339844,69463600,0.0,0.0
2021-11-26 00:00:00-05:00,156.4429214975391,157.30566600685046,153.2958211322195,153.73699951171875,76959800,0.0,0.0
2021-11-29 00:00:00-05:00,156.2467709377295,158.03111100301652,155.67813558592673,157.0997314453125,88748200,0.0,0.0
2021-11-30 00:00:00-05:00,156.85462642061606,162.27625191502943,156.78599105396808,162.06056213378906,174048100,0.0,0.0
2021-12-01 00:00:00-05:00,164.1978840178816,166.96262755361067,161.30569826962912,161.54100036621094,152052500,0.0,0.0
2021-12-02 00:00:00-05:00,155.62915443498412,160.98214564054786,154.70757335862984,160.55076599121094,136739200,0.0,0.0
2021-12-03 00:00:00-05:00,160.80568201972204,161.72726310588908,156.5899467105327,158.66839599609375,118023100,0.0,0.0
2021-12-06 00:00:00-05:00,161.07041702629473,164.59007548777717,161.06061838091264,162.0802459716797,107497000,0.0,0.0
2021-12-07 00:00:00-05:00,165.766556164705,168.2175638884088,165.04105249297368,167.8253936767578,120405400,0.0,0.0
2021-12-08 00:00:00-05:00,168.75677048688644,172.51171571219845,167.35478644015964,171.64895629882812,116998900,0.0,0.0
2021-12-09 00:00:00-05:00,171.48224606243375,173.28618350547256,170.51164196874294,171.13909912109375,108923700,0.0,0.0
2021-12-10 00:00:00-05:00,171.776375163048,176.10975359233288,171.26656153614417,175.9332733154297,115402700,0.0,0.0
2021-12-13 00:00:00-05:00,177.57056250136455,178.5607789713786,172.09011406463858,172.29600524902344,153237000,0.0,0.0
2021-12-14 00:00:00-05:00,171.81561944442183,174.25682821034476,168.83520101609776,170.9136505126953,139380400,0.0,0.0
2021-12-15 00:00:00-05:00,171.67837896188757,175.98234775996642,168.93324742548972,175.78627014160156,131063300,0.0,0.0
2021-12-16 00:00:00-05:00,175.76664959457935,177.59019978284007,167.4038131560954,168.88421630859375,150185800,0.0,0.0
2021-12-17 00:00:00-05:00,166.59986915660923,170.07050404048465,166.36458201855805,167.78616333007812,195432700,0.0,0.0
2021-12-20 00:00:00-05:00,164.9821770913153,167.23710645635137,164.17825459824692,166.42337036132812,107499100,0.0,0.0
2021-12-21 00:00:00-05:00,168.19790026438204,169.80576024164466,165.8057150631417,169.59988403320312,91185900,0.0,0.0
2021-12-22 00:00:00-05:00,169.6489440301882,172.41368792335297,168.77638587889598,172.197998046875,92135300,0.0,0.0
2021-12-23 00:00:00-05:00,172.40381245799907,173.38421511068088,171.83517712427275,172.82537841796875,68356600,0.0,0.0
2021-12-27 00:00:00-05:00,173.61954034677024,176.88428369318993,173.599943060433,176.79605102539062,74919600,0.0,0.0
2021-12-28 00:00:00-05:00,176.62938891278105,177.77645850319618,175.03132740898585,175.77642822265625,79144300,0.0,0.0
2021-12-29 00:00:00-05:00,175.8156619193921,177.0901887398254,174.6489800212977,175.86468505859375,62348900,0.0,0.0
2021-12-30 00:00:00-05:00,175.95292543158308,177.03137470215592,174.5999645211849,174.7078094482422,59773000,0.0,0.0
2021-12-31 00:00:00-05:00,174.59994765921613,175.71760635907094,173.7862114626908,174.09014892578125,64062300,0.0,0.0
2022-01-03 00:00:00-05:00,174.34506836720536,179.2961065398854,174.22742479359925,178.44314575195312,104487900,0.0,0.0
2022-01-04 00:00:00-05:00,179.05099416209845,179.35491668068815,175.60977025994117,176.17840576171875,99310400,0.0,0.0
2022-01-05 00:00:00-05:00,176.09017287650624,176.639196130045,171.21756906170717,171.49208068847656,94537600,0.0,0.0
2022-01-06 00:00:00-05:00,169.3155667126804,171.86462006909193,168.27634210052742,168.62928771972656,96904000,0.0,0.0
2022-01-07 00:00:00-05:00,169.50186605484046,170.72736974687896,167.67831596269667,168.7959747314453,86709100,0.0,0.0
2022-01-10 00:00:00-05:00,165.76649860978034,169.1194742164662,164.8743285177746,168.8155517578125,106765600,0.0,0.0
2022-01-11 00:00:00-05:00,168.9430494474789,171.7469876214078,167.47244497092254,171.64895629882812,76138300,0.0,0.0
2022-01-12 00:00:00-05:00,172.66855252404713,173.70777719583765,171.39404073246158,172.09011840820312,74805200,0.0,0.0
2022-01-13 00:00:00-05:00,172.33519403667106,173.15872875555698,168.42338168232487,168.8155517578125,84505800,0.0,0.0
2022-01-14 00:00:00-05:00,167.9822217558743,170.37440711806423,167.7371210418755,169.67832946777344,80440800,0.0,0.0
2022-01-18 00:00:00-05:00,168.14890807010434,169.1587219328493,166.0900708080933,166.47242736816406,90956700,0.0,0.0
2022-01-19 00:00:00-05:00,166.66850497918634,167.72734198246087,162.68807131265714,162.97238159179688,94815000,0.0,0.0
2022-01-20 00:00:00-05:00,163.7076835662155,166.35476859042288,160.9625522612085,161.2860870361328,91420500,0.0,0.0
2022-01-21 00:00:00-05:00,161.19783827212862,163.0704113462842,159.1193889725066,159.22723388671875,122848900,0.0,0.0
2022-01-24 00:00:00-05:00,156.88409244537576,159.11941009139656,151.66834129815217,158.45272827148438,162294600,0.0,0.0
2022-01-25 00:00:00-05:00,155.86444788627315,159.5703696285005,153.942866591661,156.64877319335938,115798400,0.0,0.0
2022-01-26 00:00:00-05:00,160.29586403596446,161.16842196351905,154.72718309601152,156.56053161621094,108275300,0.0,0.0
2022-01-27 00:00:00-05:00,159.26649050154683,160.62925029685252,155.17821111562972,156.09979248046875,121954600,0.0,0.0
2022-01-28 00:00:00-05:00,162.46253357228963,167.01160137794,159.60955820268953,166.9919891357422,179935700,0.0,0.0
2022-01-31 00:00:00-05:00,166.8253561445004,171.57050245050323,166.18808530239932,171.3548126220703,115541600,0.0,0.0
2022-02-01 00:00:00-05:00,170.5999083862923,171.41364461299403,168.93322639800166,171.1881561279297,86213900,0.0,0.0
2022-02-02 00:00:00-05:00,171.32543772263608,172.4332979868797,169.93326714833051,172.39407348632812,84914300,0.0,0.0
2022-02-03 00:00:00-05:00,171.0606961129302,172.78621481447524,168.74694463929947,169.51165771484375,89418100,0.0,0.0
2022-02-04 00:00:00-05:00,168.53001022690665,170.90562127726093,167.54835821492657,169.22698974609375,82465400,0.22,0.0
2022-02-07 00:00:00-05:00,169.68837067678015,170.75836779564654,167.81341170266444,168.51039123535156,77251200,0.0,0.0
2022-02-08 00:00:00-05:00,168.57909567441112,172.1326861402394,168.28459707531294,171.62222290039062,74829200,0.0,0.0
2022-02-09 00:00:00-05:00,172.8197870442521,173.4087690846765,171.6908785871766,173.04556274414062,71285000,0.0,0.0
2022-02-10 00:00:00-05:00,170.94487045999796,172.26028048182204,168.40239549718422,168.96192932128906,90865900,0.0,0.0
2022-02-11 00:00:00-05:00,169.16812106483786,169.90436019586866,164.95682484720066,165.5458221435547,98670700,0.0,0.0
2022-02-14 00:00:00-05:00,164.2990984096048,166.46855602542965,163.50396264767951,165.78140258789062,86185500,0.0,0.0
2022-02-15 00:00:00-05:00,167.83304529637556,169.77671208150778,167.12625465108732,169.61964416503906,62527400,0.0,0.0
2022-02-16 00:00:00-05:00,168.69689508661867,170.1595469185717,166.92991856527323,169.38404846191406,61177400,0.0,0.0
2022-02-17 00:00:00-05:00,167.89194849865083,168.75580709374077,165.37892165346722,165.78140258789062,69589300,0.0,0.0
2022-02-18 00:00:00-05:00,166.70414435001902,167.4109199862711,163.14074291393072,164.23037719726562,82772700,0.0,0.0
2022-02-22 00:00:00-05:00,161.95293260639133,163.6315640117695,159.17485582320555,161.3050537109375,91162800,0.0,0.0
2022-02-23 00:00:00-05:00,162.50264821161971,163.10145646710572,156.8188903266126,157.13302612304688,90009200,0.0,0.0
2022-02-24 00:00:00-05:00,149.78045618194105,159.86202589264875,149.2110962540396,159.75404357910156,141147500,0.0,0.0
2022-02-25 00:00:00-05:00,160.83386973446065,162.09038317154068,157.91836192123637,161.82534790039062,91974200,0.0,0.0
2022-02-28 00:00:00-05:00,160.06820716667184,162.38490698432935,159.44976148037279,162.0904083251953,95056600,0.0,0.0
2022-03-01 00:00:00-05:00,161.67807486426554,163.54322257611173,158.99816920673908,160.20559692382812,83474400,0.0,0.0
2022-03-02 00:00:00-05:00,161.37376901896334,164.2892766091773,159.96018776566925,163.5039520263672,79724800,0.0,0.0
2022-03-03 00:00:00-05:00,165.3789292736247,165.81085859107165,162.51250696008478,163.18002319335938,76678400,0.0,0.0
2022-03-04 00:00:00-05:00,161.4719659938963,162.51251486628342,159.1258179770991,160.17617797851562,83737200,0.0,0.0
2022-03-07 00:00:00-05:00,160.3627027706807,161.99224900519644,156.12195810912027,156.377197265625,96418800,0.0,0.0
2022-03-08 00:00:00-05:00,155.90596926887457,159.89147377341504,152.94137619759366,154.55128479003906,131148300,0.0,0.0
2022-03-09 00:00:00-05:00,158.51717530744355,160.41177163023045,156.4851632700245,159.960205078125,91454900,0.0,0.0
2022-03-10 00:00:00-05:00,157.26064889872916,157.447165177113,153.11807622105542,155.61148071289062,105342000,0.0,0.0
2022-03-11 00:00:00-05:00,156.0139261115159,156.357510261072,151.66521547258807,151.8909912109375,96970100,0.0,0.0
2022-03-14 00:00:00-04:00,148.67120306961968,151.2922123001873,147.34598176184335,147.85643005371094,108732100,0.0,0.0
2022-03-15 00:00:00-04:00,148.1312907310734,152.7156190595178,147.6208424416319,152.24441528320312,92964300,0.0,0.0
2022-03-16 00:00:00-04:00,154.16844529700253,157.06431562049127,151.62597028281274,156.66183471679688,102300200,0.0,0.0
2022-03-17 00:00:00-04:00,155.69984300954386,158.04599097202535,154.73782812813226,157.67295837402344,75615400,0.0,0.0
2022-03-18 00:00:00-04:00,157.56496442177837,161.46212424049523,156.82872538769567,160.97129821777344,123511700,0.0,0.0
2022-03-21 00:00:00-04:00,160.50991215775952,163.2978152048177,160.0190861607253,162.34561157226562,95811400,0.0,0.0
2022-03-22 00:00:00-04:00,162.4732078859342,166.31147058252574,161.88422570672876,165.7224884033203,81532000,0.0,0.0
2022-03-23 00:00:00-04:00,164.90773681905242,169.4724129582103,164.57396373096856,167.08700561523438,98062700,0.0,0.0
2022-03-24 00:00:00-04:00,167.921362759599,170.94485224956935,167.0869676759046,170.8761444091797,90131400,0.0,0.0
2022-03-25 00:00:00-04:00,170.6896220047724,172.0639285511804,169.58035066307437,171.5142059326172,80546200,0.0,0.0
2022-03-28 00:00:00-04:00,169.01103833923784,172.5057173789197,168.8441592815926,172.37811279296875,90371900,0.0,0.0
2022-03-29 00:00:00-04:00,173.44808328507239,175.7255079917634,173.10449911531725,175.6764373779297,100589400,0.0,0.0
2022-03-30 00:00:00-04:00,175.27395758161924,176.31450624555694,173.45789549385026,174.50827026367188,92633200,0.0,0.0
2022-03-31 00:00:00-04:00,174.57696610798493,174.76348236111616,171.20008125648198,171.40623474121094,103049300,0.0,0.0
2022-04-01 00:00:00-04:00,170.83689401317795,171.67130419323556,168.78524495629924,171.11175537109375,78751300,0.0,0.0
2022-04-04 00:00:00-04:00,171.3669966643139,175.21507070313862,171.2393771112145,175.16598510742188,76468400,0.0,0.0
2022-04-05 00:00:00-04:00,174.2432406248137,175.02856526846452,171.21975048299214,171.84800720214844,73401800,0.0,0.0
2022-04-06 00:00:00-04:00,169.19753570311426,170.44423791053993,167.00845598396842,168.67726135253906,89058800,0.0,0.0
2022-04-07 00:00:00-04:00,168.01955265843017,170.1791839693951,166.73359099058004,168.9815673828125,77594700,0.0,0.0
2022-04-08 00:00:00-04:00,168.62818685521674,168.62818685521674,166.0955227852114,166.9691925048828,76575500,0.0,0.0
2022-04-11 00:00:00-04:00,165.61451299486157,165.928633841103,162.46340353204835,162.7088165283203,72246700,0.0,0.0
2022-04-12 00:00:00-04:00,164.93718134727843,166.75322864931675,163.58249672741925,164.5837860107422,79265200,0.0,0.0
2022-04-13 00:00:00-04:00,164.3187163524491,167.90173991390134,163.71009694763094,167.2734832763672,70618900,0.0,0.0
2022-04-14 00:00:00-04:00,167.48942323341504,168.12750588274585,162.011804460288,162.25721740722656,75329400,0.0,0.0
2022-04-18 00:00:00-04:00,160.91238158332047,163.5432165286054,160.56881239721503,162.04129028320312,69023900,0.0,0.0
2022-04-19 00:00:00-04:00,161.99218535509698,164.74081340994962,160.90255125037683,164.32850646972656,67723800,0.0,0.0
2022-04-20 00:00:00-04:00,165.66359329680822,165.7814017275046,163.05241024771163,164.1616668701172,67929800,0.0,0.0
2022-04-21 00:00:00-04:00,165.81083486701775,168.38275818896258,162.865879009956,163.36651611328125,87227800,0.0,0.0
2022-04-22 00:00:00-04:00,163.40578453855588,164.78990235630212,158.53678444420197,158.8214569091797,84882400,0.0,0.0
2022-04-25 00:00:00-04:00,158.1637473249091,160.1761366901005,155.5525646879934,159.89146423339844,96046400,0.0,0.0
2022-04-26 00:00:00-04:00,159.27301921605053,159.36136429126918,153.84448546049006,153.9230194091797,95623200,0.0,0.0
2022-04-27 00:00:00-04:00,153.04938688433683,156.85818695569935,152.52911245475866,153.69728088378906,88063200,0.0,0.0
2022-04-28 00:00:00-04:00,156.3280759248776,161.5013859909982,156.01394010524191,160.6375274658203,130216800,0.0,0.0
2022-04-29 00:00:00-04:00,158.87055528620192,163.15055858383272,154.36477622377623,154.75743103027344,131747600,0.0,0.0
2022-05-02 00:00:00-04:00,153.83468735250372,155.326787567421,150.45780216717014,155.06175231933594,123055300,0.0,0.0
2022-05-03 00:00:00-04:00,155.24826451156082,157.76130632227486,153.4518544553603,156.55386352539062,88966500,0.0,0.0
2022-05-04 00:00:00-04:00,156.7403511160265,163.4253979042394,156.33787025741282,162.97384643554688,108256500,0.0,0.0
2022-05-05 00:00:00-04:00,160.84371492154636,161.06949072780478,152.10700157369598,153.89361572265625,130525300,0.0,0.0
2022-05-06 00:00:00-04:00,153.3725141927135,156.74453495515866,151.5734500834341,154.6210479736328,116124600,0.23,0.0
2022-05-09 00:00:00-04:00,152.31079472594658,153.19558860822082,148.92896288962842,149.48931884765625,131577900,0.0,0.0
2022-05-10 00:00:00-04:00,152.89085370033473,154.0902301343912,150.3446276636097,151.89791870117188,115366700,0.0,0.0
2022-05-11 00:00:00-04:00,150.90500752836365,152.8220388257889,143.3450083341386,144.02334594726562,142689800,0.0,0.0
2022-05-12 00:00:00-04:00,140.3563740008872,143.7283801675573,136.45348852465227,140.14991760253906,182602000,0.0,0.0
2022-05-13 00:00:00-04:00,142.1456142936274,145.59628520412005,140.6906387962122,144.62301635742188,113990900,0.0,0.0
2022-05-16 00:00:00-04:00,143.08938461134267,145.02608166695018,141.7425351609862,143.0795440673828,86643800,0.0,0.0
2022-05-17 00:00:00-04:00,146.3434146138869,147.23803400578663,144.20026129048028,146.7169952392578,78336300,0.0,0.0
2022-05-18 00:00:00-04:00,144.36741964547258,144.86879239266452,137.53490151723796,138.43936157226562,109742900,0.0,0.0
2022-05-19 00:00:00-04:00,137.51522710531395,139.26513365262397,134.29067919785544,135.0279998779297,136095600,0.0,0.0
2022-05-20 00:00:00-04:00,136.73858804203445,138.32137052821327,130.36814092411527,135.26394653320312,137426100,0.0,0.0
2022-05-23 00:00:00-04:00,135.46055909436765,140.83808619870993,135.32292649026942,140.6906280517578,117726300,0.0,0.0
2022-05-24 00:00:00-04:00,138.42951103300464,139.5699040628069,135.0083469444269,137.98712158203125,104132700,0.0,0.0
2022-05-25 00:00:00-04:00,136.08973078213927,139.39292808535322,136.00125589921703,138.1444091796875,92482700,0.0,0.0
2022-05-26 00:00:00-04:00,135.06730275229472,141.89980399769817,134.82152921828146,141.34927368164062,90601500,0.0,0.0
2022-05-27 00:00:00-04:00,142.93207874444667,147.1495466635664,142.80427168601537,147.1102294921875,90978500,0.0,0.0
2022-05-31 00:00:00-04:00,146.5498987721629,148.11301536783856,144.3575873194881,146.3237762451172,103718400,0.0,0.0
2022-06-01 00:00:00-04:00,147.36585369453903,149.17475890329976,145.18338279118626,146.19598388671875,74286600,0.0,0.0
2022-06-02 00:00:00-04:00,145.3308530297889,148.71270030734948,144.37725022184313,148.65371704101562,72348100,0.0,0.0
2022-06-03 00:00:00-04:00,144.4165490295479,145.46846714813478,142.01781149904664,142.92225646972656,88570300,0.0,0.0
2022-06-06 00:00:00-04:00,144.54432571599315,146.0582990450465,142.45033046254792,143.66937255859375,71598400,0.0,0.0
2022-06-07 00:00:00-04:00,141.9096914369881,146.48107468002564,141.66391782175316,146.19598388671875,67808200,0.0,0.0
2022-06-08 00:00:00-04:00,146.06816238698744,147.3363475160415,144.96710149969525,145.45864868164062,53950200,0.0,0.0
2022-06-09 00:00:00-04:00,144.5935022148915,145.4487894010345,140.12042043523653,140.2285614013672,69473000,0.0,0.0
2022-06-10 00:00:00-04:00,137.9084627463307,138.38034379484614,134.7428980025847,134.8117218017578,91437900,0.0,0.0
2022-06-13 00:00:00-04:00,130.6237359424125,132.91434748083088,129.2179182819536,129.65048217773438,122207100,0.0,0.0
2022-06-14 00:00:00-04:00,130.87931897306603,131.62646506958663,129.25720474921692,130.51556396484375,84784300,0.0,0.0
2022-06-15 00:00:00-04:00,132.0197453538818,135.0181863871141,129.9257644034857,133.14047241210938,91533000,0.0,0.0
2022-06-16 00:00:00-04:00,129.84710666597098,130.15186352165608,126.85849136974434,127.86125183105469,108123900,0.0,0.0
2022-06-17 00:00:00-04:00,127.87109072638007,130.8301993524765,127.61547659200777,129.3358917236328,134520300,0.0,0.0
2022-06-21 00:00:00-04:00,131.1644503344464,134.74291327638406,131.06614989697803,133.57302856445312,81000500,0.0,0.0
2022-06-22 00:00:00-04:00,132.5112679712454,135.4310591073431,131.64615522779903,133.0618133544922,73409200,0.0,0.0
2022-06-23 00:00:00-04:00,134.5069807437755,136.24704700188127,133.33709602733944,135.93246459960938,72433800,0.0,0.0
2022-06-24 00:00:00-04:00,137.53489628676303,139.51092556990343,137.4071042192977,139.26515197753906,89116800,0.0,0.0
2022-06-27 00:00:00-04:00,140.28756352140977,141.06421647374572,138.5868144624807,139.26515197753906,70207900,0.0,0.0
2022-06-28 00:00:00-04:00,139.72718457219997,140.99536950005523,134.99850383222812,135.11647033691406,67083400,0.0,0.0
2022-06-29 00:00:00-04:00,135.13616958742787,138.29189436889533,134.35951657209444,136.87623596191406,66242400,0.0,0.0
2022-06-30 00:00:00-04:00,134.92968437677243,136.03074512479165,131.50852062340732,134.4086456298828,98964500,0.0,0.0
2022-07-01 00:00:00-04:00,133.74011176646206,136.68939400036734,133.36654621739518,136.5812530517578,71051600,0.0,0.0
2022-07-05 00:00:00-04:00,135.44091845782265,139.2159973193288,134.61510776869383,139.16683959960938,73353800,0.0,0.0
2022-07-06 00:00:00-04:00,138.96039485817002,141.68355545577728,138.69495517869038,140.50384521484375,74064300,0.0,0.0
2022-07-07 00:00:00-04:00,140.86755844211166,144.07245506921953,140.85773290060996,143.87583923339844,66253700,0.0,0.0
2022-07-08 00:00:00-04:00,142.80426217519934,145.0555563580384,142.5486630761882,144.55416870117188,64547800,0.0,0.0
2022-07-11 00:00:00-04:00,143.20734636825597,144.1609490492264,141.34929872199137,142.42086791992188,63141600,0.0,0.0
2022-07-12 00:00:00-04:00,143.29580384328963,145.94032961653699,142.59781536832085,143.3941192626953,77588800,0.0,0.0
2022-07-13 00:00:00-04:00,140.57265975093034,143.97415763799123,139.7173575069719,143.0303955078125,71185600,0.0,0.0
2022-07-14 00:00:00-04:00,141.64422349086814,146.4318877608006,140.82825345087886,145.9600067138672,78140700,0.0,0.0
2022-07-15 00:00:00-04:00,147.24784996064128,148.30959351033036,145.6945593046606,147.63125610351562,76259900,0.0,0.0
2022-07-18 00:00:00-04:00,148.19166459198905,149.0076347954927,144.21995456531678,144.58370971679688,81420900,0.0,0.0
2022-07-19 00:00:00-04:00,145.41934779149,148.67338843589545,144.42642767064655,148.44728088378906,82982400,0.0,0.0
2022-07-20 00:00:00-04:00,148.5652193610668,151.12127077444447,147.8278985688421,150.4527587890625,64823400,0.0,0.0
2022-07-21 00:00:00-04:00,151.88808810670997,152.9400063380094,149.37136878805202,152.72372436523438,65086600,0.0,0.0
2022-07-22 00:00:00-04:00,152.76302623024424,153.63797957756256,150.8165036712,151.48500061035156,66675400,0.0,0.0
2022-07-25 00:00:00-04:00,151.40636601369852,152.41895206482627,149.70561686969222,150.36428833007812,53623900,0.0,0.0
2022-07-26 00:00:00-04:00,149.68590959456228,150.50187953761252,148.25060053874955,149.03707885742188,55138700,0.0,0.0
2022-07-27 00:00:00-04:00,150.00050995604346,154.6702072541214,149.58761220557574,154.1393280029297,78620700,0.0,0.0
2022-07-28 00:00:00-04:00,154.32612531182656,154.97497109241723,151.79958098557822,154.68988037109375,81378700,0.0,0.0
2022-07-29 00:00:00-04:00,158.51414571337114,160.8637407183258,156.80355606508954,159.76266479492188,101786900,0.0,0.0
2022-08-01 00:00:00-04:00,158.28800912044616,160.82439423501998,158.17004260375904,158.77955627441406,67829400,0.0,0.0
2022-08-02 00:00:00-04:00,157.39340627106276,159.66435174491758,156.931350741657,157.30491638183594,59907000,0.0,0.0
2022-08-03 00:00:00-04:00,158.12087978749662,163.77367187577843,158.0324049028353,163.3214569091797,82507500,0.0,0.0
2022-08-04 00:00:00-04:00,163.20349759569137,164.36355679986545,161.65020662786893,163.0068817138672,55474100,0.0,0.0
2022-08-05 00:00:00-04:00,160.673712879285,163.27268651132164,160.46696968304354,162.78045654296875,56697000,0.23,0.0
2022-08-08 00:00:00-04:00,163.78455083623797,165.2021751674924,161.64827515043405,162.307861328125,60276900,0.0,0.0
2022-08-09 00:00:00-04:00,161.47113919370653,163.24317026155526,160.7131007604691,162.35714721679688,63135500,0.0,0.0
2022-08-10 00:00:00-04:00,165.07421541409994,166.7084223205678,164.30633795620102,166.6099853515625,70170500,0.0,0.0
2022-08-11 00:00:00-04:00,167.41722179567384,168.33277716959444,165.5762868798472,165.8716278076172,57149200,0.0,0.0
2022-08-12 00:00:00-04:00,167.18095491681882,169.49442621891984,166.7674686201632,169.42552185058594,68039400,0.0,0.0
2022-08-15 00:00:00-04:00,168.85458034142326,170.69551570107743,168.6872239470608,170.49862670898438,54091700,0.0,0.0
2022-08-16 00:00:00-04:00,170.09496475942944,171.01052019393777,168.99237457923107,170.34107971191406,56377100,0.0,0.0
2022-08-17 00:00:00-04:00,170.08511101015677,173.412574668192,169.88822206935535,171.8374481201172,79542000,0.0,0.0
2022-08-18 00:00:00-04:00,171.049901871482,172.18202470973497,170.42968734841074,171.4436798095703,62290100,0.0,0.0
2022-08-19 00:00:00-04:00,170.34109754225454,171.04007069000778,168.64782529018512,168.8545684814453,70346300,0.0,0.0
2022-08-22 00:00:00-04:00,167.0530078857762,167.22036427123675,164.54263206053483,164.96595764160156,69026800,0.0,0.0
2022-08-23 00:00:00-04:00,164.4835626089626,166.0882370598649,164.06023703885776,164.6312255859375,54147100,0.0,0.0
2022-08-24 00:00:00-04:00,164.71980081006782,165.49751734746278,163.66642174244024,164.92652893066406,53841500,0.0,0.0
2022-08-25 00:00:00-04:00,166.15713573322356,167.49600175790545,165.73382519932846,167.38771057128906,51218200,0.0,0.0
2022-08-26 00:00:00-04:00,167.91934018438116,168.3918767523516,161.01826634968077,161.07733154296875,78961000,0.0,0.0
2022-08-29 00:00:00-04:00,158.64569477233294,160.36849946589015,157.33637642429446,158.87213134765625,73314000,0.0,0.0
2022-08-30 00:00:00-04:00,159.6104987851323,160.03380935929164,155.26902673828752,156.44053649902344,77906200,0.0,0.0
2022-08-31 00:00:00-04:00,157.8187409544185,158.08454929439134,154.6980053329991,154.77676391601562,87991100,0.0,0.0
2022-09-01 00:00:00-04:00,154.20580050146393,155.95813794862076,152.2664132669702,155.5052947998047,74229900,0.0,0.0
2022-09-02 00:00:00-04:00,157.26744570942157,157.86796676025835,152.56172928679763,153.388671875,76957800,0.0,0.0
2022-09-06 00:00:00-04:00,154.03842495785005,154.64878522236114,151.30162793601315,152.12857055664062,73714800,0.0,0.0
2022-09-07 00:00:00-04:00,152.4141083835251,154.23535041800068,151.22290514293917,153.53639221191406,87449600,0.0,0.0
2022-09-08 00:00:00-04:00,152.23685741248187,153.93012940950055,150.30730966413597,152.05966186523438,84923800,0.0,0.0
2022-09-09 00:00:00-04:00,153.05398588476703,155.36747271934937,152.34517353637017,154.92445373535156,68028800,0.0,0.0
2022-09-12 00:00:00-04:00,157.10995164172124,161.7073775664421,156.82446488060694,160.89027404785156,104956000,0.0,0.0
2022-09-13 00:00:00-04:00,157.41511914732905,158.04517283101427,150.98659772699438,151.4492950439453,122656600,0.0,0.0
2022-09-14 00:00:00-04:00,152.38454574724284,154.65866080063967,151.22289024182777,152.89646911621094,87965400,0.0,0.0
2022-09-15 00:00:00-04:00,152.24670339235885,152.82754609590185,149.02753063381346,150.00213623046875,90481100,0.0,0.0
2022-09-16 00:00:00-04:00,148.86017738849526,148.99800116372188,146.06430005699622,148.35809326171875,162278800,0.0,0.0
2022-09-19 00:00:00-04:00,146.98971983579415,152.15813482310995,146.78299164843529,152.07937622070312,81474200,0.0,0.0
2022-09-20 00:00:00-04:00,151.0161367015711,155.6234166633189,150.7011173572486,154.4617462158203,107689800,0.0,0.0
2022-09-21 00:00:00-04:00,154.8949011643533,156.27315389590652,151.21303113007994,151.33116149902344,101696800,0.0,0.0
2022-09-22 00:00:00-04:00,150.01200313979504,152.06952070873675,148.5648458969192,150.3664093017578,86652500,0.0,0.0
2022-09-23 00:00:00-04:00,148.84048424162157,149.11613179254852,146.25135007934554,148.09228515625,96029900,0.0,0.0
2022-09-26 00:00:00-04:00,147.33425102063256,151.38038122778957,147.31455761940225,148.427001953125,93339400,0.0,0.0
2022-09-27 00:00:00-04:00,150.3664080888261,152.315634453065,147.619756600354,149.40162658691406,84442700,0.0,0.0
2022-09-28 00:00:00-04:00,145.34566573388943,148.29904557000611,142.58917488251384,147.511474609375,146691400,0.0,0.0
2022-09-29 00:00:00-04:00,143.82960922766318,144.439969608928,138.4938229117654,140.26585388183594,128138200,0.0,0.0
2022-09-30 00:00:00-04:00,139.0844755504192,140.87619954797051,135.85544869618502,136.05233764648438,124925300,0.0,0.0
2022-10-03 00:00:00-04:00,136.0621976067289,140.84667290730152,135.55027429699052,140.23629760742188,114311700,0.0,0.0
2022-10-04 00:00:00-04:00,142.77621059568105,143.9477202186119,142.01817230643195,143.82958984375,87830100,0.0,0.0
2022-10-05 00:00:00-04:00,141.83114535247526,145.0897052260287,140.7876052377075,144.1249237060547,79471000,0.0,0.0
2022-10-06 00:00:00-04:00,143.54409774342406,145.24720918960443,142.9632699990137,143.1699981689453,68402200,0.0,0.0
2022-10-07 00:00:00-04:00,140.32490279514894,140.8762129387206,137.28292541213156,137.91297912597656,85925600,0.0,0.0
2022-10-10 00:00:00-04:00,138.2378387451172,139.6849958050268,136.41659718830158,138.2378387451172,74899000,0.0,0.0
2022-10-11 00:00:00-04:00,137.7259068150969,139.15338540565426,136.07202171996317,136.82020568847656,77033700,0.0,0.0
2022-10-12 00:00:00-04:00,136.9679019716922,138.17878336551573,136.01297472776957,136.19017028808594,70433700,0.0,0.0
2022-10-13 00:00:00-04:00,132.89224973345455,141.35859601492572,132.28187436958524,140.76792907714844,113224000,0.0,0.0
2022-10-14 00:00:00-04:00,142.06740859428484,142.27415178693437,136.04251869325435,136.2295684814453,88598000,0.0,0.0
2022-10-17 00:00:00-04:00,138.8777422312096,140.6792903298468,138.090171437718,140.19691467285156,85250900,0.0,0.0
2022-10-18 00:00:00-04:00,143.22909439068937,144.42028260835326,138.42492466357902,141.51612854003906,99136600,0.0,0.0
2022-10-19 00:00:00-04:00,139.488128680181,142.69746261645687,139.30107889163025,141.62440490722656,61758300,0.0,0.0
2022-10-20 00:00:00-04:00,140.7974520498777,143.6228470143876,140.43319169039492,141.1616973876953,64522000,0.0,0.0
2022-10-21 00:00:00-04:00,140.6497673856839,145.5523880250328,140.43318502707822,144.9813995361328,86548600,0.0,0.0
2022-10-24 00:00:00-04:00,144.90262887759332,147.89537982279583,143.73111940500422,147.12750244140625,75981900,0.0,0.0
2022-10-25 00:00:00-04:00,147.7575758033074,150.12028846465364,147.03892431633474,149.9726104736328,74732300,0.0,0.0
2022-10-26 00:00:00-04:00,148.61407962000084,149.62807215966112,145.73944336708044,147.0290985107422,88194300,0.0,0.0
2022-10-27 00:00:00-04:00,145.76899295091448,146.73375950209572,141.89021831932845,142.5498046875,109180200,0.0,0.0
2022-10-28 00:00:00-04:00,145.89692843507157,155.05240689410368,145.52284395380414,153.31976318359375,164762400,0.0,0.0
2022-10-31 00:00:00-04:00,150.77988145527678,151.84309994681692,149.55914577499016,150.9570770263672,97943200,0.0,0.0
2022-11-01 00:00:00-04:00,152.6700490040681,153.03429437423398,146.8125153766711,148.3088836669922,80379300,0.0,0.0
2022-11-02 00:00:00-04:00,146.63529551052576,149.80525751264736,142.7466820050657,142.77621459960938,93604600,0.0,0.0
2022-11-03 00:00:00-04:00,139.8523927758634,140.5808986231452,136.5938324027318,136.72181701660156,97918500,0.0,0.0
2022-11-04 00:00:00-04:00,140.11396333862294,140.68589913556306,132.51119405211378,136.45556640625,140814800,0.23,0.0
2022-11-07 00:00:00-05:00,135.20322625521413,137.21484956931474,133.78324977627878,136.98805236816406,83374600,0.0,0.0
2022-11-08 00:00:00-05:00,138.4573305983891,139.4631346891898,135.57794065978277,137.5599822998047,89908500,0.0,0.0
2022-11-09 00:00:00-05:00,136.57389221888846,136.62319988243638,132.71826464687123,132.99436950683594,74917800,0.0,0.0
2022-11-10 00:00:00-05:00,139.27577571396307,144.8274688720703,137.5599685390709,144.8274688720703,118854000,0.0,0.0
2022-11-11 00:00:00-05:00,143.79207283535823,147.9237894166263,142.3622261036816,147.61810302734375,93979700,0.0,0.0
2022-11-14 00:00:00-05:00,146.898256219997,148.19003547375948,145.37966477232854,146.2178497314453,73374100,0.0,0.0
2022-11-15 00:00:00-05:00,150.1030594439155,151.45400187502815,146.49395589081533,147.953369140625,89868300,0.0,0.0
2022-11-16 00:00:00-05:00,147.05603190661645,147.78573098764542,145.24160962263343,146.7207489013672,64218300,0.0,0.0
2022-11-17 00:00:00-05:00,144.39358466739876,149.3733571163338,144.11747984279026,148.62393188476562,80389400,0.0,0.0
2022-11-18 00:00:00-05:00,150.1918083587428,150.57638399086812,147.88435456599078,149.1859893798828,74829600,0.0,0.0
2022-11-21 00:00:00-05:00,148.07172328326632,148.27879437989566,145.66565404043791,145.9516143798828,58724100,0.0,0.0
2022-11-22 00:00:00-05:00,146.06995217218372,148.32809838668408,144.8866286056601,148.0914306640625,51804100,0.0,0.0
2022-11-23 00:00:00-05:00,147.3716047055876,149.71851100166924,147.2631338671993,148.96908569335938,58301400,0.0,0.0
2022-11-25 00:00:00-05:00,146.2474322409697,146.80951240345237,145.07397930940053,146.0502166748047,35195900,0.0,0.0
2022-11-28 00:00:00-05:00,143.12152865000314,144.6006680593858,141.38601049309779,142.21432495117188,69246000,0.0,0.0
2022-11-29 00:00:00-05:00,142.28334655275705,142.79611910491008,138.39815293017466,139.2067413330078,83763800,0.0,0.0
2022-11-30 00:00:00-05:00,139.43352808516767,146.6517352342591,138.595358159877,145.97132873535156,111380900,0.0,0.0
2022-12-01 00:00:00-05:00,146.14883626075934,147.05603992895004,144.57108159207246,146.2474365234375,71250400,0.0,0.0
2022-12-02 00:00:00-05:00,143.93014669455255,145.94176987503505,143.62444521311474,145.75440979003906,65447400,0.0,0.0
2022-12-05 00:00:00-05:00,145.71498109956457,148.82116833526126,143.74279490633833,144.59083557128906,68826400,0.0,0.0
2022-12-06 00:00:00-05:00,145.02469664926164,145.25149381357704,139.94630895435972,140.92254638671875,64727200,0.0,0.0
2022-12-07 00:00:00-05:00,140.21255080814953,141.37613319907325,138.05300496587287,138.9799346923828,69721100,0.0,0.0
2022-12-08 00:00:00-05:00,140.38022307533845,141.52409475387847,139.1377511085993,140.6661834716797,62128300,0.0,0.0
2022-12-09 00:00:00-05:00,140.36048819280174,143.54557973820909,138.94051172185388,140.18299865722656,76097000,0.0,0.0
2022-12-12 00:00:00-05:00,140.71546075742316,142.4904310742392,139.09826892356506,142.48057556152344,70462700,0.0,0.0
2022-12-13 00:00:00-05:00,147.42088296434414,147.88434781351052,142.23403992363941,143.44692993164062,93886200,0.0,0.0
2022-12-14 00:00:00-05:00,143.3286067000526,144.62038597056736,139.19687510886934,141.21836853027344,82291200,0.0,0.0
2022-12-15 00:00:00-05:00,139.14757356682156,139.827980094081,134.1382196907759,134.6016845703125,98931900,0.0,0.0
2022-12-16 00:00:00-05:00,134.7890645018001,135.73570542541242,131.87022238639204,132.63937377929688,160156900,0.0,0.0
2022-12-19 00:00:00-05:00,133.23101376151752,133.31975851229708,129.49372825060226,130.52911376953125,79592600,0.0,0.0
2022-12-20 00:00:00-05:00,129.5627349310346,131.3968681768677,128.08359570202674,130.4600830078125,77432800,0.0,0.0
2022-12-21 00:00:00-05:00,131.1306634032082,134.90740198854184,130.90386619083728,133.56631469726562,85928000,0.0,0.0
2022-12-22 00:00:00-05:00,132.48157930219233,132.68865037286486,128.4879002839557,130.39105224609375,77852100,0.0,0.0
2022-12-23 00:00:00-05:00,129.09928483618836,130.57842423400893,127.83708708710822,130.02621459960938,63814900,0.0,0.0
2022-12-27 00:00:00-05:00,129.55289592303325,129.58247750765514,126.92988507827397,128.22166442871094,69007800,0.0,0.0
2022-12-28 00:00:00-05:00,127.86666196867824,129.2077488876003,124.11951353793032,124.28714752197266,85438400,0.0,0.0
2022-12-29 00:00:00-05:00,126.2100370570361,128.6654064445158,125.95365830174214,127.80751037597656,75703700,0.0,0.0
2022-12-30 00:00:00-05:00,126.62419645842127,128.14277294659772,125.657822079017,128.123046875,77034200,0.0,0.0
2023-01-03 00:00:00-05:00,128.4681939201586,129.07956676089162,122.44316513126005,123.33065032958984,112117500,0.0,0.0
2023-01-04 00:00:00-05:00,125.12534263515172,126.87073149260826,123.3405166774151,124.60271453857422,89113600,0.0,0.0
2023-01-05 00:00:00-05:00,125.36200610905166,125.99310505602139,123.02497040718632,123.2813491821289,80962700,0.0,0.0
2023-01-06 00:00:00-05:00,124.25759364277924,128.47806338393755,123.15316666234692,127.8173828125,87754700,0.0,0.0
2023-01-09 00:00:00-05:00,128.6555533163335,131.55466910779157,128.08361757784448,128.33999633789062,70790800,0.0,0.0
2023-01-10 00:00:00-05:00,128.4484917902968,129.43458496707456,126.33825299385596,128.91195678710938,63896200,0.0,0.0
2023-01-11 00:00:00-05:00,129.42467643515656,131.65324068500396,128.64566976510943,131.63352966308594,69458900,0.0,0.0
2023-01-12 00:00:00-05:00,132.01813716022232,132.39284227281698,129.6120678053339,131.55467224121094,71379600,0.0,0.0
2023-01-13 00:00:00-05:00,130.19384999657817,133.04365799858422,129.82900042275443,132.88587951660156,57809700,0.0,0.0
2023-01-17 00:00:00-05:00,132.95489015736672,135.38066994863155,132.26462822678656,134.04945373535156,63646600,0.0,0.0
2023-01-18 00:00:00-05:00,134.91726132660978,136.682361304903,133.15214630173037,133.32965087890625,69672800,0.0,0.0
2023-01-19 00:00:00-05:00,132.21535608370812,134.3551761664197,131.90966964997585,133.38880920410156,58280400,0.0,0.0
2023-01-20 00:00:00-05:00,133.3986444948596,136.1005444209002,132.35338844252215,135.95262145996094,80223600,0.0,0.0
2023-01-23 00:00:00-05:00,136.19918940943845,141.32688614093584,135.98224769941717,139.14761352539062,81760300,0.0,0.0
2023-01-24 00:00:00-05:00,138.35869358432294,141.16906439218428,138.34883807200805,140.54782104492188,66435100,0.0,0.0
2023-01-25 00:00:00-05:00,138.93061947978296,140.44919583129123,136.87954456914778,139.8871307373047,65799300,0.0,0.0
2023-01-26 00:00:00-05:00,141.17892492583348,142.24390711048304,139.9265826744515,141.95794677734375,54105100,0.0,0.0
2023-01-27 00:00:00-05:00,141.16907645645273,145.18246711281154,141.09018721144076,143.90054321289062,70555800,0.0,0.0
2023-01-30 00:00:00-05:00,142.94404030165967,143.5258315295515,140.863383580403,141.01129150390625,64015300,0.0,0.0
2023-01-31 00:00:00-05:00,140.71547141700836,142.3326633733732,140.30131415280843,142.28335571289062,65874500,0.0,0.0
2023-02-01 00:00:00-05:00,141.96779872652098,144.57108343034756,139.35465851027638,143.40748596191406,77663600,0.0,0.0
2023-02-02 00:00:00-05:00,146.82925275349945,149.07754375931228,146.10940902226113,148.72256469726562,118339000,0.0,0.0
2023-02-03 00:00:00-05:00,145.97134140477755,155.19131670929613,145.774125819744,152.3513641357422,154357300,0.0,0.0
2023-02-06 00:00:00-05:00,150.4482332133508,150.97086135861267,148.6831181180358,149.61990356445312,69858300,0.0,0.0
2023-02-07 00:00:00-05:00,148.54505515759215,153.07121860652774,148.54505515759215,152.49928283691406,83322600,0.0,0.0
2023-02-08 00:00:00-05:00,151.7399535645781,152.43021546379302,149.06763565534052,149.8072052001953,64120100,0.0,0.0
2023-02-09 00:00:00-05:00,151.64136936063508,152.1837234806971,148.32809651858278,148.77183532714844,56007100,0.0,0.0
2023-02-10 00:00:00-05:00,147.60648709847575,149.46316214008027,147.3694580195322,149.1372528076172,57450700,0.23,0.0
2023-02-13 00:00:00-05:00,149.07800220373113,152.3469510828992,149.0483754519819,151.94204711914062,62199000,0.0,0.0
2023-02-14 00:00:00-05:00,150.23350151506878,151.86304832604316,148.98913264360064,151.30010986328125,61707600,0.0,0.0
2023-02-15 00:00:00-05:00,151.21121650909475,153.57157647071767,150.98407305919312,153.4036865234375,65573800,0.0,0.0
2023-02-16 00:00:00-05:00,151.6062554560653,154.39129073768956,151.44825113314346,151.8037872314453,68167900,0.0,0.0
2023-02-17 00:00:00-05:00,150.46064065840176,151.10257366904202,148.97924287733272,150.6581573486328,59144100,0.0,0.0
2023-02-21 00:00:00-05:00,148.33731221810694,149.4236767462983,146.56951728902385,146.63864135742188,58867200,0.0,0.0
2023-02-22 00:00:00-05:00,147.0237810788301,148.09038924690807,145.33499611487431,147.06329345703125,51011300,0.0,0.0
2023-02-23 00:00:00-05:00,148.22864074401951,148.4755403448602,145.41399433616917,147.5471954345703,48394200,0.0,0.0
2023-02-24 00:00:00-05:00,145.28561258669828,145.36462227322275,143.91285130614398,144.8905792236328,55469600,0.0,0.0
2023-02-27 00:00:00-05:00,145.8781840387877,147.32006943922315,145.6213987790375,146.0855712890625,44998500,0.0,0.0
2023-02-28 00:00:00-05:00,145.2263730908277,147.2311969873109,145.0091001993268,145.5819091796875,50547000,0.0,0.0
2023-03-01 00:00:00-05:00,145.00908849876785,145.40412186804485,143.2116520085762,143.5079345703125,55479000,0.0,0.0
2023-03-02 00:00:00-05:00,142.58948505088003,144.8905915062189,142.11542689154663,144.1005096435547,52238100,0.0,0.0
2023-03-03 00:00:00-05:00,146.20405783477426,149.23599210077845,145.50287142253356,149.156982421875,70732300,0.0,0.0
2023-03-06 00:00:00-05:00,151.88277460629178,154.36165661510182,151.55688034550414,151.9222869873047,87558000,0.0,0.0
2023-03-07 00:00:00-05:00,151.79388801539042,152.11979733212814,149.25576768015293,149.71994018554688,56182000,0.0,0.0
2023-03-08 00:00:00-05:00,150.91492862836495,151.56674727343432,149.9470862905562,150.97418212890625,47204800,0.0,0.0
2023-03-09 00:00:00-05:00,151.65564226284476,152.62348469471294,148.36693703717327,148.72247314453125,53833600,0.0,0.0
2023-03-10 00:00:00-05:00,148.3472018339828,149.06814463866203,145.77943928176788,146.6584014892578,68572400,0.0,0.0
2023-03-13 00:00:00-04:00,145.97692732623966,151.24082897559975,145.86829089184172,148.60394287109375,84457100,0.0,0.0
2023-03-14 00:00:00-04:00,149.40392576424304,151.49763012479718,148.2385665656885,150.6976776123047,73695900,0.0,0.0
2023-03-15 00:00:00-04:00,149.31503194180715,151.34948260848185,148.06077752387876,151.09271240234375,77167900,0.0,0.0
2023-03-16 00:00:00-04:00,150.27301025301884,154.51968735037045,149.7594547490333,153.91725158691406,76161100,0.0,0.0
2023-03-17 00:00:00-04:00,154.1443976469308,154.79621636647911,152.36671707978053,153.07778930664062,98944600,0.0,0.0
2023-03-20 00:00:00-04:00,153.14692183341302,155.86281797805782,152.23831786199295,155.44801330566406,73641400,0.0,0.0
2023-03-21 00:00:00-04:00,155.36903302560913,157.42322503802845,154.59869218400178,157.30471801757812,73938300,0.0,0.0
2023-03-22 00:00:00-04:00,157.32445173541882,160.12922799549253,155.85292447362312,155.8726806640625,75701800,0.0,0.0
2023-03-23 00:00:00-04:00,156.86029458739586,159.54656410725272,155.72454710395584,156.95904541015625,67622100,0.0,0.0
2023-03-24 00:00:00-04:00,156.88990343786057,158.35154504613158,155.8924343453171,158.26266479492188,59196500,0.0,0.0
2023-03-27 00:00:00-04:00,157.95651005912973,158.77621864094067,155.9121738846932,156.3170928955078,52390300,0.0,0.0
2023-03-28 00:00:00-04:00,156.0109239824416,156.5244793815335,154.045597696947,155.69488525390625,45992200,0.0,0.0
2023-03-29 00:00:00-04:00,157.39356766192319,159.0527409732352,157.37382654206215,158.77621459960938,51305700,0.0,0.0
2023-03-30 00:00:00-04:00,159.5267880006936,160.45513302219786,159.27001781009866,160.34649658203125,49501700,0.0,0.0
2023-03-31 00:00:00-04:00,160.42549668949934,162.95374634284104,159.9020707098414,162.85498046875,68749800,0.0,0.0
2023-04-03 00:00:00-04:00,162.23280658606208,164.22774466628186,162.18342364813336,164.10923767089844,56976200,0.0,0.0
2023-04-04 00:00:00-04:00,164.5339454319251,164.77095946962157,163.06241797980005,163.5759735107422,46278300,0.0,0.0
2023-04-05 00:00:00-04:00,162.6969833628771,163.0031364887197,159.7934413430479,161.7291259765625,51511700,0.0,0.0
2023-04-06 00:00:00-04:00,160.41562533913125,162.9142635361202,159.9909651957649,162.61798095703125,45390100,0.0,0.0
2023-04-10 00:00:00-04:00,159.41814841731897,160.0205841064453,158.09477004106023,160.0205841064453,47716900,0.0,0.0
2023-04-11 00:00:00-04:00,160.33662790848967,160.34649846878187,158.51943515436048,158.80584716796875,47644200,0.0,0.0
2023-04-12 00:00:00-04:00,159.22062264903255,160.05020172687142,157.798478475848,158.11451721191406,50133100,0.0,0.0
2023-04-13 00:00:00-04:00,159.62556544083142,163.74384976611952,159.4181631056541,163.50682067871094,68445600,0.0,0.0
2023-04-14 00:00:00-04:00,162.54887238387545,164.25742904768416,161.78843220704118,163.16119384765625,49386500,0.0,0.0
2023-04-17 00:00:00-04:00,163.04262975965267,163.33891231813308,161.99577777997115,163.18089294433594,41516200,0.0,0.0
2023-04-18 00:00:00-04:00,164.04012619342146,165.33387789076258,163.5956947875371,164.40553283691406,49923000,0.0,0.0
2023-04-19 00:00:00-04:00,163.74384033117565,166.0745734796078,163.4870550672227,165.5511474609375,47720200,0.0,0.0
2023-04-20 00:00:00-04:00,164.03022972696172,165.78815383509277,163.50680373238094,164.58328247070312,52456400,0.0,0.0
2023-04-21 00:00:00-04:00,163.00313749199609,164.38576938158798,162.45008473615934,162.9735107421875,58337300,0.0,0.0
2023-04-24 00:00:00-04:00,162.95376899838274,163.54633418620037,161.85753394961128,163.27967834472656,41949600,0.0,0.0
2023-04-25 00:00:00-04:00,163.1414017604714,164.2475072794641,161.69950129216383,161.739013671875,48714100,0.0,0.0
2023-04-26 00:00:00-04:00,161.03781003602157,163.23027992570658,160.78103984940847,161.7291259765625,45498800,0.0,0.0
2023-04-27 00:00:00-04:00,163.14141866066578,166.46962119212645,163.14141866066578,166.3214874267578,64902300,0.0,0.0
2023-04-28 00:00:00-04:00,166.40048449959994,167.74361912541863,165.79804878354395,167.57571411132812,55275900,0.0,0.0
2023-05-01 00:00:00-04:00,167.180693761707,168.33618234272492,166.54863124552048,167.48684692382812,52472900,0.0,0.0
2023-05-02 00:00:00-04:00,167.98064044655123,168.2374257243008,165.46226102978648,166.44985961914062,48425700,0.0,0.0
2023-05-03 00:00:00-04:00,167.3979472668269,168.80033534118735,165.08697037258037,165.3733673095703,65136000,0.0,0.0
2023-05-04 00:00:00-04:00,162.84513031273676,164.96846124572582,162.27232132426357,163.7339630126953,81235400,0.0,0.0
2023-05-05 00:00:00-04:00,168.85960390825258,172.13843848392673,168.64233101133158,171.41749572753906,113453200,0.0,0.0
2023-05-08 00:00:00-04:00,170.34098818753938,171.6940084046762,169.97558155808977,171.3483428955078,55962800,0.0,0.0
2023-05-09 00:00:00-04:00,170.90392591816433,171.38783954566773,169.47191108630196,169.63980102539062,45326900,0.0,0.0
2023-05-10 00:00:00-04:00,170.87431142683658,171.87178057282452,169.76819076413835,171.40760803222656,53724500,0.0,0.0
2023-05-11 00:00:00-04:00,171.69402651016821,172.4248398461332,170.0348529885771,171.5952606201172,49514700,0.0,0.0
2023-05-12 00:00:00-04:00,171.70403494878815,172.13918180226995,169.11295243629542,170.66563415527344,45533100,0.24,0.0
2023-05-15 00:00:00-04:00,171.2490949935239,171.29854623618587,169.57774258819362,170.17112731933594,37266700,0.0,0.0
2023-05-16 00:00:00-04:00,170.0920083491569,171.229311478379,169.90410268128184,170.17112731933594,42110300,0.0,0.0
2023-05-17 00:00:00-04:00,169.8151510049388,171.02167416751467,168.5393779731515,170.78433227539062,57951600,0.0,0.0
2023-05-18 00:00:00-04:00,171.0908902546592,173.30617657836305,170.6755268984154,173.11827087402344,65496700,0.0,0.0
2023-05-19 00:00:00-04:00,174.44347306887536,174.44347306887536,173.00947735219142,173.22705078125,55809500,0.0,0.0
2023-05-22 00:00:00-04:00,172.0600450039918,172.781999977239,171.5358950094103,172.27761840820312,43570900,0.0,0.0
2023-05-23 00:00:00-04:00,171.2194449613945,171.46668610985583,169.3898544266195,169.66676330566406,50747300,0.0,0.0
2023-05-24 00:00:00-04:00,169.20194113871563,170.51726580029353,168.6382391925545,169.94366455078125,45143500,0.0,0.0
2023-05-25 00:00:00-04:00,170.50740757419857,171.98095531956056,169.79535178285977,171.0810089111328,56058300,0.0,0.0
2023-05-26 00:00:00-04:00,171.40734829469508,173.83030849826073,171.19965909306288,173.49404907226562,54835000,0.0,0.0
2023-05-30 00:00:00-04:00,175.00716998790764,177.01476677794446,174.6214744245607,175.34341430664062,55964400,0.0,0.0
2023-05-31 00:00:00-04:00,175.37309480914308,177.37080753192686,174.80937774220615,175.29397583007812,99625300,0.0,0.0
2023-06-01 00:00:00-04:00,175.73900583250884,178.13229834590607,174.97749886766357,178.10263061523438,68901800,0.0,0.0
2023-06-02 00:00:00-04:00,179.03227450268932,179.77399801140302,177.28180279681203,178.95315551757812,61996900,0.0,0.0
2023-06-05 00:00:00-04:00,180.61459616435278,182.908986017055,176.0752375225132,177.59825134277344,121946500,0.0,0.0
2023-06-06 00:00:00-04:00,177.9839532147194,178.13229186267904,175.47197477965813,177.2323455810547,64848400,0.0,0.0
2023-06-07 00:00:00-04:00,176.47083445864072,179.21027045240393,175.36319900574063,175.85768127441406,61944600,0.0,0.0
2023-06-08 00:00:00-04:00,175.93678298136524,178.84434109966037,175.50165126625262,178.57733154296875,50214900,0.0,0.0
2023-06-09 00:00:00-04:00,179.4970621604222,180.21900204187077,178.6366678484163,178.96302795410156,48900000,0.0,0.0
2023-06-12 00:00:00-04:00,179.26961514651788,181.86069753893617,178.97292275194738,181.7617950439453,54274900,0.0,0.0
2023-06-13 00:00:00-04:00,180.78272761470595,182.11782073883157,180.4266997635254,181.28709411621094,54929100,0.0,0.0
2023-06-14 00:00:00-04:00,181.3464426387383,182.35519080481038,180.0113494184458,181.9200439453125,57462900,0.0,0.0
2023-06-15 00:00:00-04:00,181.92992539273135,184.46167222814515,181.75190392659053,183.95729064941406,65433200,0.0,0.0
2023-06-16 00:00:00-04:00,184.66935702206612,184.92649747799743,182.2365125370702,182.87933349609375,101256200,0.0,0.0
2023-06-20 00:00:00-04:00,182.37493787924961,184.04629021451652,182.37493787924961,182.9683074951172,49799100,0.0,0.0
2023-06-21 00:00:00-04:00,182.85956101105992,183.363942649416,180.57505504326872,181.92994689941406,49515700,0.0,0.0
2023-06-22 00:00:00-04:00,181.7123668419414,184.98583735805877,181.6431320743364,184.93638610839844,51245300,0.0,0.0
2023-06-23 00:00:00-04:00,183.50236866585945,185.49018190726844,182.96831937745645,184.61988830566406,53117000,0.0,0.0
2023-06-26 00:00:00-04:00,184.76826151663462,185.97479955864205,183.18591209060443,183.22547912597656,48088700,0.0,0.0
2023-06-27 00:00:00-04:00,183.83864388833905,186.31105559004374,183.62107045135676,185.9846954345703,50730800,0.0,0.0
2023-06-28 00:00:00-04:00,185.8561194768788,187.80438104509085,185.52977442185306,187.16156005859375,51216800,0.0,0.0
2023-06-29 00:00:00-04:00,186.99343619982474,187.97251662731944,186.85498175364998,187.497802734375,46347300,0.0,0.0
2023-06-30 00:00:00-04:00,189.51529419368583,192.3338342950544,189.14936702429083,191.8294677734375,85213200,0.0,0.0
2023-07-03 00:00:00-04:00,191.6415766685233,191.7404791738125,189.64386376682972,190.33615112304688,31458200,0.0,0.0
2023-07-05 00:00:00-04:00,189.45595434700246,190.8503829545932,188.51642591121868,189.21859741210938,46920300,0.0,0.0
2023-07-06 00:00:00-04:00,187.74503686210437,189.90098754652763,187.1121001189567,189.69329833984375,45094300,0.0,0.0
2023-07-07 00:00:00-04:00,189.29771490007704,190.54380484505052,188.14062814608695,188.5757598876953,46815000,0.0,0.0
2023-07-10 00:00:00-04:00,187.17144648236777,187.89340155065938,184.9759437256739,186.52862548828125,59922200,0.0,0.0
2023-07-11 00:00:00-04:00,187.07256979091423,187.21102424790124,184.54082252577857,186.00448608398438,46638100,0.0,0.0
2023-07-12 00:00:00-04:00,187.5868087386057,189.5845215693785,186.39016995526782,187.6758270263672,60750200,0.0,0.0
2023-07-13 00:00:00-04:00,188.39774969290625,189.0801376574393,187.6856939986458,188.4373016357422,41342300,0.0,0.0
2023-07-14 00:00:00-04:00,188.13071726198152,189.07023054213465,187.53734760154848,188.5856475830078,41616200,0.0,0.0
2023-07-17 00:00:00-04:00,189.78231082986184,192.17561856911308,189.6933076328095,191.84925842285156,50520200,0.0,0.0
2023-07-18 00:00:00-04:00,191.21630577539946,192.18548682934457,190.2965608776665,191.59210205078125,48288200,0.0,0.0
2023-07-19 00:00:00-04:00,190.96909205897046,196.04247077365844,190.52404586593127,192.947021484375,80507300,0.0,0.0
2023-07-20 00:00:00-04:00,192.93711105379268,194.30188710755215,190.37569621729313,190.99874877929688,59581200,0.0,0.0
2023-07-21 00:00:00-04:00,191.95805149771712,192.8184459451999,189.11971258876892,189.82188415527344,71951700,0.0,0.0
2023-07-24 00:00:00-04:00,191.27566036710277,192.7591073714878,190.12845772868155,190.62294006347656,45377800,0.0,0.0
2023-07-25 00:00:00-04:00,191.19652904765346,192.29428036369316,190.79104993758423,191.4833221435547,37283200,0.0,0.0
2023-07-26 00:00:00-04:00,191.53277997466063,193.4810415222525,191.18665140498055,192.35362243652344,47471900,0.0,0.0
2023-07-27 00:00:00-04:00,193.85685736898512,195.02382842734414,190.4251487828704,191.08775329589844,47460200,0.0,0.0
2023-07-28 00:00:00-04:00,192.52175788835478,194.46013535574042,191.99760780036658,193.66896057128906,48291400,0.0,0.0
2023-07-31 00:00:00-04:00,193.89640887829788,194.3216715292241,193.10523413200033,194.2821044921875,38824100,0.0,0.0
2023-08-01 00:00:00-04:00,194.07440747187567,194.55899044039094,193.12499487022708,193.45135498046875,35175100,0.0,0.0
2023-08-02 00:00:00-04:00,192.88764791924382,193.026102358892,189.73286353794578,190.45480346679688,50389300,0.0,0.0
2023-08-03 00:00:00-04:00,189.4559433793295,190.2471029357017,188.58564975883863,189.0603485107422,61235200,0.0,0.0
2023-08-04 00:00:00-04:00,183.47273360328953,185.31220853119976,179.91245468139763,179.981689453125,115956800,0.0,0.0
2023-08-07 00:00:00-04:00,180.12009916893692,181.10906361378406,175.39285032979961,176.8762969970703,97576100,0.0,0.0
2023-08-08 00:00:00-04:00,177.7070549630004,178.2806562533865,175.6203390114105,177.8158416748047,67823000,0.0,0.0
2023-08-09 00:00:00-04:00,178.87402014653773,178.93335560733482,175.05661623443876,176.22360229492188,60378500,0.0,0.0
2023-08-10 00:00:00-04:00,177.49935830249015,178.7553475423464,175.64011515660735,176.0060272216797,54686900,0.0,0.0
2023-08-11 00:00:00-04:00,175.60001780962375,176.88739582771854,174.83748251539495,176.06544494628906,52036700,0.24,0.0
2023-08-14 00:00:00-04:00,176.2437010263368,177.94701832041608,175.5900993670502,177.71925354003906,43675600,0.0,0.0
2023-08-15 00:00:00-04:00,177.14486608365337,177.73903700795614,175.33261529851168,175.72872924804688,43622600,0.0,0.0
2023-08-16 00:00:00-04:00,175.41183484094861,176.80814628515878,174.78794103749047,174.85726928710938,46964900,0.0,0.0
2023-08-17 00:00:00-04:00,175.42175166053434,175.78815784652573,171.79724982185638,172.3122100830078,66062900,0.0,0.0
2023-08-18 00:00:00-04:00,170.62869538621166,173.40153844678508,170.29199700813362,172.79745483398438,61172200,0.0,0.0
2023-08-21 00:00:00-04:00,173.37183349440417,174.4215491084137,172.05473264129324,174.1343536376953,46311900,0.0,0.0
2023-08-22 00:00:00-04:00,175.34253031574917,175.95651153189084,174.54038966607246,175.51087951660156,42038900,0.0,0.0
2023-08-23 00:00:00-04:00,176.78835776449938,179.78896551377315,176.60019834939993,179.36312866210938,52722800,0.0,0.0
2023-08-24 00:00:00-04:00,178.91750900229638,179.3433458832632,174.30270712253693,174.66912841796875,54945800,0.0,0.0
2023-08-25 00:00:00-04:00,175.6594375427037,177.41225784961358,174.1145717959043,176.87750244140625,51449600,0.0,0.0
2023-08-28 00:00:00-04:00,178.34314839003864,178.83829845949455,176.81809282485807,178.4421844482422,43820700,0.0,0.0
2023-08-29 00:00:00-04:00,177.95692088146865,183.10647826164347,177.7588638881504,182.33404541015625,53003900,0.0,0.0
2023-08-30 00:00:00-04:00,183.14608368084174,186.0278602958339,182.94802670379437,185.8297882080078,60813900,0.0,0.0
2023-08-31 00:00:00-04:00,186.0179606639307,187.28554353881972,185.66145203594442,186.04766845703125,60794500,0.0,0.0
2023-09-01 00:00:00-04:00,187.65197647170007,188.07779827305947,186.45370666949987,187.6222686767578,45766500,0.0,0.0
2023-09-05 00:00:00-04:00,186.45368485534252,188.13719185182467,185.79018566129048,187.8599090576172,45280000,0.0,0.0
2023-09-06 00:00:00-04:00,186.57254135003106,187.01818850408822,179.70976859554776,181.13580322265625,81755800,0.0,0.0
2023-09-07 00:00:00-04:00,173.48077306769622,176.48139642487362,171.85668142571674,175.8376922607422,112488800,0.0,0.0
2023-09-08 00:00:00-04:00,176.6200091931817,178.49167556913386,176.06542850593996,176.45164489746094,65551300,0.0,0.0
2023-09-11 00:00:00-04:00,178.32332838951461,178.5510931586707,175.61979850768685,177.62020874023438,58953100,0.0,0.0
2023-09-12 00:00:00-04:00,177.7489488808384,178.38274026371693,173.12424978673155,174.5898895263672,90370200,0.0,0.0
2023-09-13 00:00:00-04:00,174.79785006313273,175.58019553637163,172.2923922361182,172.52017211914062,84267900,0.0,0.0
2023-09-14 00:00:00-04:00,172.31222690532334,174.39186327435525,171.89630265367322,174.0353546142578,60895800,0.0,0.0
2023-09-15 00:00:00-04:00,174.76815074757482,174.78796097983732,172.13396406629226,173.31240844726562,109259500,0.0,0.0
2023-09-18 00:00:00-04:00,174.76816076178545,177.64004017321716,174.46117014263496,176.24371337890625,67257600,0.0,0.0
2023-09-19 00:00:00-04:00,175.7980702206982,177.88760394386657,175.4118538031827,177.33303833007812,51826900,0.0,0.0
2023-09-20 00:00:00-04:00,177.52118590379774,177.95692035427507,173.69862701203755,173.7877655029297,58436200,0.0,0.0
2023-09-21 00:00:00-04:00,172.85688574257026,174.58991092023126,172.17357625479622,172.24288940429688,63149100,0.0,0.0
2023-09-22 00:00:00-04:00,172.97571228348323,175.36233909077248,172.36173107244514,173.09454345703125,56725400,0.0,0.0
2023-09-25 00:00:00-04:00,172.51027081019092,175.2534062611611,172.46075278406465,174.37203979492188,46172700,0.0,0.0
2023-09-26 00:00:00-04:00,173.1242507509963,173.50055447022797,169.99489916963813,170.2919921875,64588900,0.0,0.0
2023-09-27 00:00:00-04:00,170.94559986493434,171.3615240971404,167.41023633579258,168.77684020996094,66921800,0.0,0.0
2023-09-28 00:00:00-04:00,167.69739077408406,170.36130007109168,165.9940736424088,169.0343017578125,56294400,0.0,0.0
2023-09-29 00:00:00-04:00,170.35142654777866,171.39124466953126,168.68771453081845,169.54928588867188,51861100,0.0,0.0
2023-10-02 00:00:00-04:00,169.55916323919894,172.60928898108386,169.27196778388654,172.0646209716797,52164500,0.0,0.0
2023-10-03 00:00:00-04:00,170.589096012129,171.94581747397606,169.1630765091389,170.7277374267578,49594600,0.0,0.0
2023-10-04 00:00:00-04:00,169.43043127173715,172.5201776911012,169.31160010164683,171.9755096435547,53020300,0.0,0.0
2023-10-05 00:00:00-04:00,172.10426293848624,173.7481648763392,171.00502912591972,173.21340942382812,48527900,0.0,0.0
2023-10-06 00:00:00-04:00,172.1141617663429,176.26352163595584,171.5001654241457,175.76837158203125,57266700,0.0,0.0
2023-10-09 00:00:00-04:00,175.09495269037185,177.3132302836497,174.09475506108697,177.25381469726562,42390800,0.0,0.0
2023-10-10 00:00:00-04:00,176.3724418317021,177.9767230488949,176.22388776036024,176.6596221923828,43698000,0.0,0.0
2023-10-11 00:00:00-04:00,176.4714829606774,178.10548726772782,175.87731193966172,178.05596923828125,47551100,0.0,0.0
2023-10-12 00:00:00-04:00,178.3233466007442,180.57131695227565,177.30332359387822,178.95713806152344,56743100,0.0,0.0
2023-10-13 00:00:00-04:00,179.6602521369707,180.16529977566205,176.41206884050376,177.1151885986328,51427100,0.0,0.0
2023-10-16 00:00:00-04:00,175.03554253225204,177.3429435766639,174.79786506856496,176.98643493652344,52517000,0.0,0.0
2023-10-17 00:00:00-04:00,174.93650583601004,176.6893412361662,173.1044597256959,175.43165588378906,57549400,0.0,0.0
2023-10-18 00:00:00-04:00,173.87688106979198,175.8574811296678,173.41143884685883,174.1343536376953,54764400,0.0,0.0
2023-10-19 00:00:00-04:00,174.33244800123364,176.114991459484,173.49070186176996,173.75808715820312,59302900,0.0,0.0
2023-10-20 00:00:00-04:00,173.60950111647477,173.71843472751576,170.96540176933075,171.2030792236328,64244000,0.0,0.0
2023-10-23 00:00:00-04:00,169.25217604772806,172.32209697076135,168.28167117128655,171.3218994140625,55980100,0.0,0.0
2023-10-24 00:00:00-04:00,171.3714282347356,171.98540943587548,169.78694209599936,171.7576446533203,43816600,0.0,0.0
2023-10-25 00:00:00-04:00,170.2127862637829,171.38133313025827,168.99470625930118,169.4403533935547,57157000,0.0,0.0
2023-10-26 00:00:00-04:00,168.71743481214864,169.71764765287952,164.06302704400315,165.2711944580078,70625300,0.0,0.0
2023-10-27 00:00:00-04:00,165.29099661436564,167.321114882013,165.2117707914918,166.58828735351562,58499100,0.0,0.0
2023-10-30 00:00:00-04:00,167.38051344932887,169.5096524459554,167.23195938000526,168.63818359375,51131000,0.0,0.0
2023-10-31 00:00:00-04:00,167.70730128574397,169.24225410780494,166.27135428067592,169.113525390625,44846000,0.0,0.0
2023-11-01 00:00:00-04:00,169.34130885799144,172.53997379429074,168.46983997695696,172.28250122070312,56934900,0.0,0.0
2023-11-02 00:00:00-04:00,173.81746191423957,176.05553449603235,173.7580463313888,175.8475799560547,77334800,0.0,0.0
2023-11-03 00:00:00-04:00,172.5498813500308,175.10485722122255,171.66851493448934,174.93649291992188,79829200,0.0,0.0
2023-11-06 00:00:00-05:00,174.66912431484397,177.6895273209714,174.50077512285628,177.49147033691406,63841300,0.0,0.0
2023-11-07 00:00:00-05:00,177.4419442386158,180.67033186387974,177.23398970359145,180.0563507080078,70530000,0.0,0.0
2023-11-08 00:00:00-05:00,180.5812114444328,181.67053238037917,179.8285737718667,181.115966796875,49340300,0.0,0.0
2023-11-09 00:00:00-05:00,181.18530832204868,182.3340449245472,180.04645416963677,180.64064025878906,53763500,0.0,0.0
2023-11-10 00:00:00-05:00,182.425536381392,185.00371491529177,181.98922784820692,184.8351287841797,66133400,0.24,0.0
2023-11-13 00:00:00-05:00,184.26000678217753,184.46823531200093,182.66352248721634,183.24856567382812,43627500,0.0,0.0
2023-11-14 00:00:00-05:00,186.1242211071054,186.53078271340215,184.7359804157126,185.8664093017578,60108400,0.0,0.0
2023-11-15 00:00:00-05:00,186.2729648412074,187.90910668353808,186.20354524355434,186.43161010742188,53790500,0.0,0.0
2023-11-16 00:00:00-05:00,187.9785160308428,189.35684600106327,187.06622636374277,188.11734008789062,54412900,0.0,0.0
2023-11-17 00:00:00-05:00,188.65279989002153,188.78171334674664,186.98691120628507,188.09750366210938,50922700,0.0,0.0
2023-11-20 00:00:00-05:00,188.2958266614519,190.29887250675844,188.2859160609316,189.8427276611328,46505100,0.0,0.0
2023-11-21 00:00:00-05:00,189.80306012274144,189.91213724546566,188.14708208188244,189.03952026367188,38134500,0.0,0.0
2023-11-22 00:00:00-05:00,189.88239992204348,191.31029805901488,189.22793715258507,189.7039031982422,39617700,0.0,0.0
2023-11-24 00:00:00-05:00,189.26759079649733,189.2973377280717,187.66119596873028,188.37515258789062,24048300,0.0,0.0
2023-11-27 00:00:00-05:00,188.3255687303111,189.0692722786972,187.31412766791345,188.1966552734375,40552600,0.0,0.0
2023-11-28 00:00:00-05:00,188.1867388581487,189.47582799498892,187.8099242301234,188.80152893066406,38415400,0.0,0.0
2023-11-29 00:00:00-05:00,189.2973359031836,190.47734794655034,187.3835460471391,187.78018188476562,43014200,0.0,0.0
2023-11-30 00:00:00-05:00,188.24625428611483,188.7222354910008,186.61011239504938,188.35533142089844,48794400,0.0,0.0
2023-12-01 00:00:00-05:00,188.73214223180454,189.95181189166442,187.64137090627887,189.63450622558594,45704800,0.0,0.0
2023-12-04 00:00:00-05:00,188.38506152852514,188.45448112204545,185.87630278327032,187.8396759033203,43389500,0.0,0.0
2023-12-05 00:00:00-05:00,188.61314558971708,192.76795676998717,188.58338352707358,191.7961883544922,66628400,0.0,0.0
2023-12-06 00:00:00-05:00,192.81755229252437,193.12494736273675,190.4972006683192,190.7054443359375,41089700,0.0,0.0
2023-12-07 00:00:00-05:00,192.0044117201268,193.3629052381858,191.96473906125271,192.6390380859375,47477700,0.0,0.0
2023-12-08 00:00:00-05:00,192.56963798027982,194.34461894265894,192.04408867717459,194.0669708251953,53406400,0.0,0.0
2023-12-11 00:00:00-05:00,191.48879255742054,191.8656072016425,189.81297812056516,191.55819702148438,60943700,0.0,0.0
2023-12-12 00:00:00-05:00,191.45904261144975,193.08527375940776,190.11045957675134,193.0753631591797,52696900,0.0,0.0
2023-12-13 00:00:00-05:00,193.45214952198077,196.33772271445184,193.21417408717826,196.29806518554688,70404200,0.0,0.0
2023-12-14 00:00:00-05:00,196.35758232148717,197.9441408874326,194.51319682969313,196.4468231201172,66831600,0.0,0.0
2023-12-15 00:00:00-05:00,195.87167377464695,196.734365015635,195.34612449787411,195.91134643554688,128538400,0.0,0.0
2023-12-18 00:00:00-05:00,194.44378607807738,194.9792611555933,192.75806090539803,194.24546813964844,55751900,0.0,0.0
2023-12-19 00:00:00-05:00,194.51320107826476,195.2965622122741,194.24546354583867,195.28665161132812,40714100,0.0,0.0
2023-12-20 00:00:00-05:00,195.24696511767544,196.0204155959587,193.19435119628906,193.19435119628906,52242800,0.0,0.0
2023-12-21 00:00:00-05:00,194.45368523269553,195.42545358966169,191.875506993429,193.04559326171875,46482500,0.0,0.0
2023-12-22 00:00:00-05:00,193.54140785907617,193.76948784569112,191.349969834571,191.9746856689453,37149600,0.0,0.0
2023-12-26 00:00:00-05:00,191.98458698376479,192.262235089905,191.21113652656177,191.42929077148438,28919300,0.0,0.0
2023-12-27 00:00:00-05:00,190.87399477798158,191.87551008122907,189.48573911500236,191.5284423828125,48087700,0.0,0.0
2023-12-28 00:00:00-05:00,192.51014548202977,193.0257841884141,191.5482876644632,191.95484924316406,34049900,0.0,0.0
2023-12-29 00:00:00-05:00,192.27215946893213,192.76796185552627,190.12037892679615,190.91366577148438,42672100,0.0,0.0
2024-01-02 00:00:00-05:00,185.57883023572913,186.85800888690832,182.34620407017263,184.08151245117188,82488700,0.0,0.0
2024-01-03 00:00:00-05:00,182.6734238450404,184.31949132166326,181.8900476382689,182.7031707763672,58414500,0.0,0.0
2024-01-04 00:00:00-05:00,180.62080322049852,181.552914127362,179.36147605378457,180.38282775878906,71983600,0.0,0.0
2024-01-05 00:00:00-05:00,180.46216340525032,181.22568820887324,178.6574354024576,179.65895080566406,62379700,0.0,0.0
2024-01-08 00:00:00-05:00,180.56129720920066,184.04183940945515,179.9762540642685,184.00216674804688,59144500,0.0,0.0
2024-01-09 00:00:00-05:00,182.37593441619447,183.59560395931726,181.19592240352762,183.585693359375,42841800,0.0,0.0
2024-01-10 00:00:00-05:00,182.8023278606972,184.8351053395885,182.3759299825551,184.6268768310547,46792900,0.0,0.0
2024-01-11 00:00:00-05:00,184.97394287034564,185.4796709750172,182.07845882443647,184.03192138671875,49128400,0.0,0.0
2024-01-12 00:00:00-05:00,184.49798544280438,185.1722845702879,183.6352941143493,184.35916137695312,40477800,0.0,0.0
2024-01-16 00:00:00-05:00,180.63071876275188,182.71307958868692,179.41103406753936,182.08837890625,65603000,0.0,0.0
2024-01-17 00:00:00-05:00,179.74819585869176,181.39424823145328,178.786338048284,181.14634704589844,47317400,0.0,0.0
2024-01-18 00:00:00-05:00,184.5277024783634,187.55209963440907,184.26989072089356,187.04638671875,78005800,0.0,0.0
2024-01-19 00:00:00-05:00,187.74052319933506,190.33852272040096,187.23481023986653,189.95179748535156,68903000,0.0,0.0
2024-01-22 00:00:00-05:00,190.68558968364889,193.69015075906108,190.64591702187175,192.26223754882812,60133900,0.0,0.0
2024-01-23 00:00:00-05:00,193.38276708914043,194.10663433692045,192.20275498822556,193.54141235351562,42355600,0.0,0.0
2024-01-24 00:00:00-05:00,193.77941636237554,194.73136366797482,192.70848131758476,192.8671417236328,53631300,0.0,0.0
2024-01-25 00:00:00-05:00,193.58107445570798,194.62226243680658,191.48878789336808,192.53988647460938,54822100,0.0,0.0
2024-01-26 00:00:00-05:00,192.63904008919584,193.12491668531047,190.3285994330514,190.8045654296875,44594000,0.0,0.0
2024-01-29 00:00:00-05:00,190.3980247095346,190.5864320350317,187.98843240307312,190.12037658691406,47145600,0.0,0.0
2024-01-30 00:00:00-05:00,189.33701232459805,190.18979301004535,185.89614265093053,186.4613494873047,55859400,0.0,0.0
2024-01-31 00:00:00-05:00,185.46973396127981,185.52924295226458,182.80233006356883,182.85189819335938,55467800,0.0,0.0
2024-02-01 00:00:00-05:00,182.44534401847454,185.3804852934909,182.27677304456427,185.29124450683594,64885400,0.0,0.0
2024-02-02 00:00:00-05:00,178.35003123610636,185.75731994134992,177.74515173237538,184.2897491455078,102551700,0.0,0.0
2024-02-05 00:00:00-05:00,186.57042555488334,187.6611968198497,184.27982102914154,186.1043701171875,69668800,0.0,0.0
2024-02-06 00:00:00-05:00,185.291266866256,187.72069551270494,185.2020260688322,187.71078491210938,43490800,0.0,0.0
2024-02-07 00:00:00-05:00,189.03952431241242,189.4460858813363,187.02656792958788,187.81985473632812,53439000,0.0,0.0
2024-02-08 00:00:00-05:00,187.8000228857875,187.94875754592414,185.77715585449096,186.739013671875,40962000,0.0,0.0
2024-02-09 00:00:00-05:00,187.30492339729363,188.63538073939827,186.65956394365634,187.50350952148438,45155200,0.24,0.0
2024-02-12 00:00:00-05:00,187.0765772861258,187.32479480430874,185.45819421957458,185.8156280517578,41781900,0.0,0.0
2024-02-13 00:00:00-05:00,184.44549399150463,184.8823592862032,182.2015977323704,183.72068786621094,56529500,0.0,0.0
2024-02-14 00:00:00-05:00,183.99870756617022,184.20720181831388,181.13923662251403,182.8370361328125,54630500,0.0,0.0
2024-02-15 00:00:00-05:00,182.2413002337134,183.17460050228618,180.05698915939104,182.54908752441406,65434500,0.0,0.0
2024-02-16 00:00:00-05:00,182.11221816970058,183.53203018346474,180.37469562592958,181.0101318359375,49752500,0.0,0.0
2024-02-20 00:00:00-05:00,180.49384354523508,181.12927978468986,178.7166127841021,180.26548767089844,53665600,0.0,0.0
2024-02-21 00:00:00-05:00,180.64280031434973,181.58602394146726,179.37192771465521,181.0200958251953,41371400,0.0,0.0
2024-02-22 00:00:00-05:00,182.17178149569722,183.64123998867086,181.1590650140456,183.05543518066406,52292200,0.0,0.0
2024-02-23 00:00:00-05:00,183.6909108156971,183.72069570978937,180.93073286316653,181.2186737060547,45119700,0.0,0.0
2024-02-26 00:00:00-05:00,180.94064867140935,181.45693020455124,179.36197373162466,179.86834716796875,40867400,0.0,0.0
2024-02-27 00:00:00-05:00,179.8087756065873,182.60866132395924,178.27974721589908,181.32786560058594,54318900,0.0,0.0
2024-02-28 00:00:00-05:00,181.20870480571682,181.814356133641,178.84568442217187,180.12648010253906,48953900,0.0,0.0
2024-02-29 00:00:00-05:00,179.97756989489093,181.26830407372196,178.2499704416867,179.46127319335938,136682600,0.0,0.0
2024-03-01 00:00:00-05:00,178.26981201401622,179.24282037465971,176.11528592616577,178.3790283203125,73563100,0.0,0.0
2024-03-04 00:00:00-05:00,174.89406399657693,175.63871657984365,172.55088992856452,173.8515625,81510100,0.0,0.0
2024-03-05 00:00:00-05:00,169.5424796657224,170.8133520831047,168.41060844555398,168.90704345703125,95132400,0.0,0.0
2024-03-06 00:00:00-05:00,169.84035496658896,170.01907946057096,167.47731930724007,167.9141845703125,68587700,0.0,0.0
2024-03-07 00:00:00-05:00,167.94396839769192,169.51270494606766,167.28868565722726,167.7950439453125,71765100,0.0,0.0
2024-03-08 00:00:00-05:00,167.7950495135339,172.46153602621885,167.73547973060533,169.51271057128906,76267000,0.0,0.0
2024-03-11 00:00:00-04:00,171.7069430151515,173.13667826239134,170.8232893067872,171.51829528808594,60139500,0.0,0.0
2024-03-12 00:00:00-04:00,171.91544162555573,172.7891721100731,169.79070034274764,171.994873046875,59825400,0.0,0.0
2024-03-13 00:00:00-04:00,171.53817270319811,171.9551763303205,169.54249409126064,169.9098663330078,52488700,0.0,0.0
2024-03-14 00:00:00-04:00,171.67715534575908,173.06716728584055,170.82328653971078,171.76651000976562,72913500,0.0,0.0
2024-03-15 00:00:00-04:00,169.94956266563446,171.38922119140625,169.0758321837892,171.38922119140625,121752700,0.0,0.0
2024-03-18 00:00:00-04:00,174.31821532960825,176.4429567936847,172.2828285408912,172.4813995361328,75604200,0.0,0.0
2024-03-19 00:00:00-04:00,173.09697026746844,175.350789645184,171.7963128554373,174.82456970214844,55215200,0.0,0.0
2024-03-20 00:00:00-04:00,174.46712406809783,177.39608764648438,173.84161109695287,177.39608764648438,53423100,0.0,0.0
2024-03-21 00:00:00-04:00,175.7876262124245,176.22449141078243,169.62189720831483,170.1481170654297,106181300,0.0,0.0
2024-03-22 00:00:00-04:00,170.5353695457136,171.81618050845861,168.8474933401544,171.05166625976562,71160100,0.0,0.0
2024-03-25 00:00:00-04:00,169.35386403283357,170.71409125238694,168.24183919385965,169.63186645507812,54288300,0.0,0.0
2024-03-26 00:00:00-04:00,168.7878951080797,170.19776864921857,168.37089153816484,168.49996948242188,57388400,0.0,0.0
2024-03-27 00:00:00-04:00,169.19499314475576,172.36225110852925,168.89712909220745,172.07431030273438,60273300,0.0,0.0
2024-03-28 00:00:00-04:00,170.5254338962422,171.00200728609337,169.29426955996547,170.25735473632812,65672700,0.0,0.0
2024-04-01 00:00:00-04:00,169.96943620832081,170.02900599080004,168.2716216576847,168.8177032470703,46240500,0.0,0.0
2024-04-02 00:00:00-04:00,167.87446369081778,168.13260444031488,167.0305181193942,167.63616943359375,49329500,0.0,0.0
2024-04-03 00:00:00-04:00,167.58654549603682,169.4630694684258,167.37805124910258,168.44041442871094,47691700,0.0,0.0
2024-04-04 00:00:00-04:00,169.07582268557752,170.69420560535343,167.61631774902344,167.61631774902344,53704400,0.0,0.0
2024-04-05 00:00:00-04:00,168.3808338913719,169.17513298848516,167.74539764368038,168.37091064453125,42104800,0.0,0.0
2024-04-08 00:00:00-04:00,167.8248441796421,167.99363029110225,167.04048340873945,167.2489776611328,37425500,0.0,0.0
2024-04-09 00:00:00-04:00,167.49716574379335,168.86733118994096,167.14967033425899,168.4602508544922,42373800,0.0,0.0
2024-04-10 00:00:00-04:00,167.59647195447172,167.88439761067826,165.91851910107465,166.583740234375,49709300,0.0,0.0
2024-04-11 00:00:00-04:00,167.13973556457645,174.20898041040104,166.96102623293754,173.79196166992188,91070300,0.0,0.0
2024-04-12 00:00:00-04:00,173.0175481045229,177.08832180821437,172.96791671667,175.29122924804688,101670900,0.0,0.0
2024-04-15 00:00:00-04:00,174.10968609239896,175.37063525095596,171.27007724910962,171.45872497558594,73531800,0.0,0.0
2024-04-16 00:00:00-04:00,170.52542991803605,172.5210932508517,167.0702464097302,168.17233276367188,73711200,0.0,0.0
2024-04-17 00:00:00-04:00,168.4006911997193,169.43326939438703,166.8021697998047,166.8021697998047,50901200,0.0,0.0
2024-04-18 00:00:00-04:00,166.83194578270678,167.4375970919546,165.36250241682455,165.8489990234375,43122900,0.0,0.0
2024-04-19 00:00:00-04:00,165.02494208062998,165.21357466916862,162.9101239696921,163.8235626220703,68149400,0.0,0.0
2024-04-22 00:00:00-04:00,164.33985172403135,166.06743588145892,163.59519920100377,164.65756225585938,48116400,0.0,0.0
2024-04-23 00:00:00-04:00,164.17107024309314,165.85894631264824,163.74412823991455,165.7100067138672,49537800,0.0,0.0
2024-04-24 00:00:00-04:00,165.35258209827205,168.09291330855643,165.0249482926904,167.81491088867188,48251800,0.0,0.0
2024-04-25 00:00:00-04:00,168.3212618473153,169.39356334150216,166.9510963019663,168.67869567871094,50558300,0.0,0.0
2024-04-26 00:00:00-04:00,168.66877724193844,170.11835910227322,167.97375605274175,168.09291076660156,44838400,0.0,0.0
2024-04-29 00:00:00-04:00,172.1338767566388,174.7749147415349,171.86581274952138,172.26295471191406,68169400,0.0,0.0
2024-04-30 00:00:00-04:00,172.09414938579766,173.74231713050509,168.78789065093028,169.11553955078125,65934800,0.0,0.0
2024-05-01 00:00:00-04:00,168.37091318228207,171.47860143970507,167.90426302381934,168.09291076660156,50383100,0.0,0.0
2024-05-02 00:00:00-04:00,171.27999852318183,172.1835138606425,169.67155396857694,171.79629516601562,94214900,0.0,0.0
2024-05-03 00:00:00-04:00,185.3191838346203,185.66669440285864,181.3576421366733,182.072509765625,163224100,0.0,0.0
2024-05-06 00:00:00-04:00,181.04988026799387,182.8866809793933,179.1336329755651,180.41444396972656,78569700,0.0,0.0
2024-05-07 00:00:00-04:00,182.1420038655686,183.5816623782166,180.02720100491794,181.0994873046875,77305800,0.0,0.0
2024-05-08 00:00:00-04:00,181.5462890620128,181.76472167822584,180.1562619452029,181.43707275390625,45057100,0.0,0.0
2024-05-09 00:00:00-04:00,181.25836496086742,183.34339825305352,180.81157644111198,183.25404357910156,48983000,0.0,0.0
2024-05-10 00:00:00-04:00,183.83065525294157,184.01955884653998,181.07668601424152,181.99136352539062,50759500,0.25,0.0
2024-05-13 00:00:00-04:00,184.36755931231187,186.01796278299403,183.5522942832241,185.20269775390625,72044800,0.0,0.0
2024-05-14 00:00:00-04:00,186.4255779791011,187.21101770983566,185.2126323262415,186.34603881835938,52393600,0.0,0.0
2024-05-15 00:00:00-04:00,186.8232728469217,189.54741702859607,186.2863873072406,188.622802734375,70400000,0.0,0.0
2024-05-16 00:00:00-04:00,189.36847263644847,189.99483406684226,188.56315946625315,188.7421112060547,52845200,0.0,0.0
2024-05-17 00:00:00-04:00,188.4140082479681,189.70649303935699,188.08591490450098,188.7719268798828,41282900,0.0,0.0
2024-05-20 00:00:00-04:00,188.23504809883084,190.81006568993442,187.91689147556073,189.93515014648438,44361300,0.0,0.0
2024-05-21 00:00:00-04:00,189.98487181213304,191.6153866469515,189.815856788038,191.2375946044922,42309400,0.0,0.0
2024-05-22 00:00:00-04:00,191.15806201805708,191.7048842739564,189.1696284842733,189.7959747314453,34648500,0.0,0.0
2024-05-23 00:00:00-04:00,189.87550428926582,189.89539287135,185.55067067436462,185.79922485351562,51005900,0.0,0.0
2024-05-24 00:00:00-04:00,187.72800676525614,189.47782271626807,186.9525037733123,188.88128662109375,36327000,0.0,0.0
2024-05-28 00:00:00-04:00,190.40243380522858,191.88382214222983,188.00638309980087,188.8912353515625,52280100,0.0,0.0
2024-05-29 00:00:00-04:00,188.5134387924459,191.13817040866115,188.41401104911338,189.1894989013672,53068000,0.0,0.0
2024-05-30 00:00:00-04:00,189.6567821553814,191.06856812279528,189.52754429358754,190.1837158203125,49889100,0.0,0.0
2024-05-31 00:00:00-04:00,190.33284000805318,191.4563096895504,188.81168973037515,191.13815307617188,75158300,0.0,0.0
2024-06-03 00:00:00-04:00,191.7843976924141,193.86232215027837,191.40660565779223,192.90786743164062,50080500,0.0,0.0
2024-06-04 00:00:00-04:00,193.51434462038463,194.19041988861153,191.91365507081835,193.2260284423828,47471400,0.0,0.0
2024-06-05 00:00:00-04:00,194.269945311189,195.76127042413225,193.74301165159252,194.7372283935547,54156800,0.0,0.0
2024-06-06 00:00:00-04:00,194.55827933508485,195.3635924798522,193.04706561878618,193.3552703857422,41181800,0.0,0.0
2024-06-07 00:00:00-04:00,193.5242766218339,195.80104138427978,193.0172315608974,195.75132751464844,53103900,0.0,0.0
2024-06-10 00:00:00-04:00,195.76126603853862,196.15896182874013,191.03873662001607,192.0031280517578,97010200,0.0,0.0
2024-06-11 00:00:00-04:00,192.53005531977516,205.9619324668351,192.51018190883102,205.9519805908203,172373300,0.0,0.0
2024-06-12 00:00:00-04:00,206.17072098738436,218.92652361101457,205.7034379048798,211.8377685546875,198134300,0.0,0.0
2024-06-13 00:00:00-04:00,213.49810017257707,215.49647028335949,210.37626033331,213.00099182128906,97862700,0.0,0.0
2024-06-14 00:00:00-04:00,212.61327440682388,213.9256327290686,210.0780184652403,211.26113891601562,70122700,0.0,0.0
2024-06-17 00:00:00-04:00,212.1360430521221,217.6837748595555,211.4898081720374,215.41696166992188,93728300,0.0,0.0
2024-06-18 00:00:00-04:00,216.33159234343563,217.36558613157078,211.76814166400058,213.05067443847656,79943300,0.0,0.0
2024-06-20 00:00:00-04:00,212.6927670816265,213.00098699569836,207.64215969704074,208.46734619140625,86172500,0.0,0.0
2024-06-21 00:00:00-04:00,209.17327704334386,210.66460227969185,205.91224707350656,206.29005432128906,241805100,0.0,0.0
2024-06-24 00:00:00-04:00,206.51869484312465,211.46988977828624,205.39522511371305,206.93626403808594,80727000,0.0,0.0
2024-06-25 00:00:00-04:00,207.94044013256496,210.1575545458077,207.40356972919952,207.8609161376953,55549700,0.0,0.0
2024-06-26 00:00:00-04:00,210.2768291728298,213.6173978459433,209.42180221570723,212.01670837402344,66213200,0.0,0.0
2024-06-27 00:00:00-04:00,213.44838535845383,214.49231592564604,211.12192192565487,212.86180114746094,49772700,0.0,0.0
2024-06-28 00:00:00-04:00,214.52215724323335,214.82042530908265,209.08379028418835,209.4019317626953,82542700,0.0,0.0
2024-07-01 00:00:00-04:00,210.86343656939636,216.2520897818886,210.69442153458442,215.49649047851562,60402900,0.0,0.0
2024-07-02 00:00:00-04:00,214.89994100712372,219.10548871515067,213.85602557275527,218.99612426757812,58046200,0.0,0.0
2024-07-03 00:00:00-04:00,218.7276683957665,220.26870727539062,217.76327700783267,220.26870727539062,37369800,0.0,0.0
2024-07-05 00:00:00-04:00,220.36812707547224,225.14037030398515,220.36812707547224,225.031005859375,60412400,0.0,0.0
2024-07-08 00:00:00-04:00,225.7766827586142,226.53229721329785,221.95889400104966,226.50247192382812,59085900,0.0,0.0
2024-07-09 00:00:00-04:00,226.61180512644188,228.0733048889389,225.0608295018841,227.3574676513672,48076100,0.0,0.0
2024-07-10 00:00:00-04:00,227.97388876032915,231.73202661360727,227.92417489200207,231.63259887695312,62627700,0.0,0.0
2024-07-11 00:00:00-04:00,230.0518062316796,231.04602295166967,224.46431311990926,226.25390625,64710600,0.0,0.0
2024-07-12 00:00:00-04:00,227.59608461971035,231.2945719488415,227.3574671508641,229.2067108154297,53046500,0.0,0.0
2024-07-15 00:00:00-04:00,235.11237576276483,235.8580383346859,231.7419815445035,233.04440307617188,62631300,0.0,0.0
2024-07-16 00:00:00-04:00,233.64094209406048,234.9036016458956,230.9863851256273,233.4619903564453,43234300,0.0,0.0
2024-07-17 00:00:00-04:00,228.1230311101644,230.1214164943178,225.32928445945876,227.55633544921875,57345900,0.0,0.0
2024-07-18 00:00:00-04:00,228.94822726389444,229.10730558155058,220.9845567217071,222.8834991455078,66034600,0.0,0.0
2024-07-19 00:00:00-04:00,223.5198165983548,225.4883615119168,221.9887143107171,223.01275634765625,49151500,0.0,0.0
2024-07-22 00:00:00-04:00,225.69714393989972,226.4626951020567,221.799816014305,222.664794921875,48201800,0.0,0.0
2024-07-23 00:00:00-04:00,223.07241159149987,225.6275559695254,221.3921828247117,223.70870971679688,39960300,0.0,0.0
2024-07-24 00:00:00-04:00,222.70455320631825,223.4999296447353,215.8742889513949,217.276123046875,61777600,0.0,0.0
2024-07-25 00:00:00-04:00,217.663867640833,219.57277716709376,213.3787958392943,216.23220825195312,51391200,0.0,0.0
2024-07-26 00:00:00-04:00,217.43518879671294,218.22062848355827,214.76074345207394,216.69947814941406,41601300,0.0,0.0
2024-07-29 00:00:00-04:00,215.7052633263403,218.0317267787177,214.50225443638584,216.9778594970703,36311800,0.0,0.0
2024-07-30 00:00:00-04:00,217.92236610782675,219.05577256608925,214.87011348402856,217.5346221923828,41643800,0.0,0.0
2024-07-31 00:00:00-04:00,220.1593561933901,222.52559687691686,219.35404306544518,220.795654296875,50036300,0.0,0.0
2024-08-01 00:00:00-04:00,223.07240511518174,223.1817695634113,215.76492117798517,217.09716796875,62501000,0.0,0.0
2024-08-02 00:00:00-04:00,217.88258518105536,224.29529507499745,216.45092586682142,218.58848571777344,105568600,0.0,0.0
2024-08-05 00:00:00-04:00,197.9386185328084,212.26528622278008,194.86649227009318,208.05975341796875,119548600,0.0,0.0
2024-08-06 00:00:00-04:00,204.11269368890086,208.7755724881847,199.90716125146164,206.03152465820312,69660500,0.0,0.0
2024-08-07 00:00:00-04:00,205.703426053809,212.40445197195865,205.19638100586542,208.60655212402344,63516400,0.0,0.0
2024-08-08 00:00:00-04:00,211.87754516998305,212.9612378528938,207.62229843313003,212.07638549804688,47161100,0.0,0.0
2024-08-09 00:00:00-04:00,210.8733691090516,215.5262960046125,210.7441160828828,214.9894256591797,42201600,0.0,0.0
2024-08-12 00:00:00-04:00,215.0690650325273,218.49311650663688,214.60124108809114,216.5222930908203,38028100,0.25,0.0
2024-08-13 00:00:00-04:00,217.99543949730662,220.86210287308924,217.99543949730662,220.24497985839844,44155300,0.0,0.0
2024-08-14 00:00:00-04:00,219.54821978702563,221.99681536538918,218.68223972219693,220.69288635253906,41960600,0.0,0.0
2024-08-15 00:00:00-04:00,223.55956160665437,224.3060872818483,221.72807374055304,223.6790008544922,46414000,0.0,0.0
2024-08-16 00:00:00-04:00,222.88270038911833,225.77922361016536,222.6139468974481,225.00283813476562,44340200,0.0,0.0
2024-08-19 00:00:00-04:00,224.6743714872065,224.94312498661264,222.0067784736323,224.8435821533203,40687800,0.0,0.0
2024-08-20 00:00:00-04:00,224.72413110884563,226.11763957317405,224.4056062095116,225.460693359375,30299000,0.0,0.0
2024-08-21 00:00:00-04:00,225.4706659840429,226.92389412945442,224.00747444255492,225.35121154785156,34765500,0.0,0.0
2024-08-22 00:00:00-04:00,226.7347608131935,227.28221598709214,222.86278176595104,223.4898681640625,43695300,0.0,0.0
2024-08-23 00:00:00-04:00,224.61462772424593,227.1627660264127,223.29078716186507,225.78915405273438,38677300,0.0,0.0
2024-08-26 00:00:00-04:00,225.7095414433551,226.22713682494347,222.85284141893553,226.12759399414062,30602200,0.0,0.0
2024-08-27 00:00:00-04:00,224.9530683997657,227.7898720189865,223.84820980142854,226.97366333007812,35934600,0.0,0.0
2024-08-28 00:00:00-04:00,226.86416416696267,228.79517959293358,224.63453544627717,225.4407958984375,38052200,0.0,0.0
2024-08-29 00:00:00-04:00,229.03407107214645,231.84099956412553,227.819721489883,228.72549438476562,51906300,0.0,0.0
2024-08-30 00:00:00-04:00,229.123652992766,229.33267166766268,226.42620031745173,227.9391632080078,52990800,0.0,0.0
2024-09-03 00:00:00-04:00,227.4912604304481,227.9391727978887,220.1454429272487,221.738037109375,50190600,0.0,0.0
2024-09-04 00:00:00-04:00,220.6331648046219,220.75260404502964,216.47252073588626,219.82691955566406,43840200,0.0,0.0
2024-09-05 00:00:00-04:00,220.60331260233696,224.43546851590304,220.49382156548631,221.34983825683594,36615400,0.0,0.0
2024-09-06 00:00:00-04:00,222.9125635200513,224.19659618640478,218.75193438162455,219.7970733642578,48423000,0.0,0.0
2024-09-09 00:00:00-04:00,219.79707827698536,220.24499065438135,215.70611687897429,219.88665771484375,67180000,0.0,0.0
2024-09-10 00:00:00-04:00,217.905857501112,220.45399594379384,215.72600018375593,219.09034729003906,51591000,0.0,0.0
2024-09-11 00:00:00-04:00,220.43410202901993,222.05654079085224,216.88063262193214,221.6285400390625,44587100,0.0,0.0
2024-09-12 00:00:00-04:00,221.46928361366915,222.51442259643306,218.8017058249269,221.738037109375,37455600,0.0,0.0
2024-09-13 00:00:00-04:00,222.54426752163744,223.00212806640087,220.8820056188433,221.46926879882812,36766600,0.0,0.0
2024-09-16 00:00:00-04:00,215.5368837592455,216.21374159471785,212.92902562434276,215.3179168701172,59357400,0.0,0.0
2024-09-17 00:00:00-04:00,214.75054527350213,215.8952118613641,213.50633585708556,215.7857208251953,45519300,0.0,0.0
2024-09-18 00:00:00-04:00,216.54219508236315,221.67829484771394,216.53223168732617,219.6676483154297,59894900,0.0,0.0
2024-09-19 00:00:00-04:00,223.94773787040657,228.75536468744528,223.58940496515828,227.80975341796875,66781300,0.0,0.0
2024-09-20 00:00:00-04:00,228.90467282845125,232.01021467188832,226.56555305015522,227.1428680419922,318679900,0.0,0.0
2024-09-23 00:00:00-04:00,226.28686337720748,228.3870895913876,224.76395218553373,225.4208984375,54146000,0.0,0.0
2024-09-24 00:00:00-04:00,227.59078065470555,228.28755007923567,224.6843092769655,226.31671142578125,43556100,0.0,0.0
2024-09-25 00:00:00-04:00,223.88800321688734,226.23707111110926,222.9822303399746,225.3213348388672,42308700,0.0,0.0
2024-09-26 00:00:00-04:00,226.24703661091274,227.44147457763864,224.36579263659118,226.4660186767578,36636700,0.0,0.0
2024-09-27 00:00:00-04:00,227.40168136489095,228.4567685573237,226.24705134037433,226.73477172851562,34026000,0.0,0.0
2024-09-30 00:00:00-04:00,228.97434440874213,231.92063903808594,228.58615167195362,231.92063903808594,54541900,0.0,0.0
2024-10-01 00:00:00-04:00,228.45675818805825,228.5861456381701,222.70353511874544,225.16209411621094,63285000,0.0,0.0
2024-10-02 00:00:00-04:00,224.84356992020335,226.31670960653594,221.98686997976517,225.7294464111328,32880600,0.0,0.0
2024-10-03 00:00:00-04:00,224.09702921544027,225.75929105016726,222.28546833703504,224.62457275390625,34044200,0.0,0.0
2024-10-04 00:00:00-04:00,226.8442543024003,226.9437971307691,223.09172964492672,225.74935913085938,37245100,0.0,0.0
2024-10-07 00:00:00-04:00,223.4600206171574,224.64451046166124,220.3047072265611,220.6630401611328,39505400,0.0,0.0
2024-10-08 00:00:00-04:00,223.26094483680066,224.93315503301397,222.2158058701156,224.72413635253906,31855700,0.0,0.0
2024-10-09 00:00:00-04:00,224.18662246797504,228.68568791487783,223.78848153487698,228.47665405273438,33591100,0.0,0.0
2024-10-10 00:00:00-04:00,226.72481576308653,228.43684913724616,226.11764095959848,227.97897338867188,28183500,0.0,0.0
2024-10-11 00:00:00-04:00,228.23777327090536,228.34726430462075,226.28684626691359,226.49588012695312,31759200,0.0,0.0
2024-10-14 00:00:00-04:00,227.64055393917852,230.65651637799863,227.54102629778745,230.228515625,39882100,0.0,0.0
2024-10-15 00:00:00-04:00,232.52781469355565,236.3898456598821,231.29355345996072,232.76670837402344,64751400,0.0,0.0
2024-10-16 00:00:00-04:00,230.52710945831018,231.04468960128423,228.77525301100687,230.70626831054688,34082200,0.0,0.0
2024-10-17 00:00:00-04:00,232.348638945834,232.76670668063704,229.4521309302649,231.07456970214844,32993800,0.0,0.0
2024-10-18 00:00:00-04:00,235.0858880500012,235.0858880500012,232.92594240501305,233.91136169433594,46431500,0.0,0.0
2024-10-21 00:00:00-04:00,233.36391138062547,235.75280253487685,233.36391138062547,235.38450622558594,36254500,0.0,0.0
2024-10-22 00:00:00-04:00,232.80651969699693,235.12572795126604,231.52250221800776,234.76739501953125,38846600,0.0,0.0
2024-10-23 00:00:00-04:00,232.99563706556216,234.05072423456664,226.7049068825192,229.69100952148438,52287000,0.0,0.0
2024-10-24 00:00:00-04:00,228.91461372105516,229.75073396519565,227.35189464165862,229.50189208984375,31109500,0.0,0.0
2024-10-25 00:00:00-04:00,228.6757506783198,232.13962556438537,228.5065400142299,230.3380126953125,38802300,0.0,0.0
2024-10-28 00:00:00-04:00,232.23915532682838,233.64261197661628,231.47271808946843,232.3187713623047,36087100,0.0,0.0
2024-10-29 00:00:00-04:00,232.0201728307493,233.2444706163013,231.24378738741356,232.5875244140625,35417200,0.0,0.0
2024-10-30 00:00:00-04:00,231.5324398883544,232.38845656475567,228.48661770128336,229.03407287597656,47070900,0.0,0.0
2024-10-31 00:00:00-04:00,228.27758291037028,228.76531846185907,224.32597264925337,224.8634796142578,64370100,0.0,0.0
2024-11-01 00:00:00-04:00,219.9463649274566,224.30607958110733,219.2496106921502,221.87738037109375,65276700,0.0,0.0
2024-11-04 00:00:00-05:00,219.9662881225475,221.75793762543637,218.69221882853125,220.98155212402344,44944500,0.0,0.0
2024-11-05 00:00:00-05:00,220.77250572284638,222.91253968716026,220.1155595539316,222.41485595703125,28111300,0.0,0.0
2024-11-06 00:00:00-05:00,221.5787719009408,225.02275032206146,220.16535179621147,221.68826293945312,54561100,0.0,0.0
2024-11-07 00:00:00-05:00,223.5894049928319,226.82434934768688,223.52968537330023,226.4261932373047,42137700,0.0,0.0
2024-11-08 00:00:00-05:00,226.366414165256,227.8511489598711,225.60910803907555,226.15716552734375,38328800,0.25,0.0
2024-11-11 00:00:00-05:00,224.20409384410638,224.90161465065876,220.7164746065314,223.4368133544922,42005600,0.0,0.0
2024-11-12 00:00:00-05:00,223.75568869738083,224.79200315214243,222.5698957238352,223.4368133544922,40398300,0.0,0.0
2024-11-13 00:00:00-05:00,223.2175800878685,225.84824072641777,221.97200184604,224.3236541748047,48566200,0.0,0.0
2024-11-14 00:00:00-05:00,224.22402706703753,228.06039910056816,224.20409355692922,227.41270446777344,44923900,0.0,0.0
2024-11-15 00:00:00-05:00,225.59914322363005,226.11730807125568,223.47668806811174,224.2041015625,47923700,0.0,0.0
2024-11-18 00:00:00-05:00,224.4532188000698,228.9273417095955,224.37349996104592,227.2134246826172,44633700,0.0,0.0
2024-11-19 00:00:00-05:00,226.17708394083317,229.34584301691135,225.8582238051146,227.4724884033203,36211800,0.0,0.0
2024-11-20 00:00:00-05:00,227.25326410482543,229.11664435033194,225.0909420304879,228.18994140625,35169600,0.0,0.0
2024-11-21 00:00:00-05:00,228.07038183414417,229.3458528412815,224.91159698015457,227.71165466308594,42108300,0.0,0.0
2024-11-22 00:00:00-05:00,227.2532745036032,229.90386885981255,227.2532745036032,229.05686950683594,38168300,0.0,0.0
2024-11-25 00:00:00-05:00,230.64124862727573,232.42491005721112,228.92733167542056,232.04624938964844,90152800,0.0,0.0
2024-11-26 00:00:00-05:00,232.50462429580293,234.73670603206307,232.50462429580293,234.22850036621094,45986200,0.0,0.0
2024-11-27 00:00:00-05:00,233.6405889619916,234.85627456038557,232.98291999142185,234.0989532470703,33498400,0.0,0.0
2024-11-29 00:00:00-05:00,233.97938842310504,236.96877632211965,233.14236346053607,236.490478515625,28481400,0.0,0.0
2024-12-02 00:00:00-05:00,236.4306920263062,239.93822952974793,236.32108052902282,238.7424774169922,48137100,0.0,0.0
2024-12-03 00:00:00-05:00,238.96170621081686,241.90126799408412,238.05492154808562,241.79165649414062,38861000,0.0,0.0
2024-12-04 00:00:00-05:00,242.01087120786053,243.24649032811607,240.39660663197557,242.15037536621094,44383900,0.0,0.0
2024-12-05 00:00:00-05:00,243.1269343008096,243.67497660990782,241.27351311137042,242.18028259277344,40033900,0.0,0.0
2024-12-06 00:00:00-05:00,242.05074723300527,243.7646642163996,241.22368140458013,241.98098754882812,36870600,0.0,0.0
2024-12-09 00:00:00-05:00,240.97455722335047,246.36542364679892,240.89483838917155,245.8771514892578,44649200,0.0,0.0
2024-12-10 00:00:00-05:00,246.0166626912396,247.33200068563022,244.47214254503118,246.8935546875,36914800,0.0,0.0
2024-12-11 00:00:00-05:00,247.08288910248365,249.91283942191654,245.38889040813984,245.6180877685547,45205800,0.0,0.0
2024-12-12 00:00:00-05:00,246.01666340683192,247.8601253939288,244.81093690846672,247.0828857421875,32777500,0.0,0.0
2024-12-13 00:00:00-05:00,246.94338782137353,248.4081739675946,245.36897496771653,247.25228881835938,33155300,0.0,0.0
2024-12-16 00:00:00-05:00,247.11276354004562,250.49077111704125,246.7739547032778,250.15196228027344,51694800,0.0,0.0
2024-12-17 00:00:00-05:00,249.1953766416157,252.93211150871377,248.89643481128522,252.58334350585938,51356400,0.0,0.0
2024-12-18 00:00:00-05:00,251.26802371656945,253.38051965426092,246.86366065893745,247.1725616455078,56774100,0.0,0.0
2024-12-19 00:00:00-05:00,246.62449465453676,251.10857637552834,246.21594133746913,248.90638732910156,60882300,0.0,0.0
2024-12-20 00:00:00-05:00,247.16257165125242,254.0979578981185,244.82089371115717,253.5897674560547,147495300,0.0,0.0
2024-12-23 00:00:00-05:00,253.8687883386418,254.7456651132031,252.55345036958022,254.3670196533203,40858800,0.0,0.0
2024-12-24 00:00:00-05:00,254.58623131585566,257.2965955586333,254.38692663500538,257.2866516113281,23234700,0.0,0.0
2024-12-26 00:00:00-05:00,257.27667867815336,259.1799258751944,256.7186620602343,258.1037292480469,27237100,0.0,0.0
2024-12-27 00:00:00-05:00,256.91793375888693,257.78488174803636,252.16481819720389,254.6858673095703,42355300,0.0,0.0
2024-12-30 00:00:00-05:00,251.33775398934142,252.60326573181473,249.86299361835324,251.307861328125,35557500,0.0,0.0
2024-12-31 00:00:00-05:00,251.5470385357527,252.38406352835983,248.54767617168994,249.5341796875,39480700,0.0,0.0
2025-01-02 00:00:00-05:00,248.04942813526918,248.21884015778812,240.96459363401945,242.98741149902344,55740700,0.0,0.0
2025-01-03 00:00:00-05:00,242.4991455078125,243.31623695542578,241.03434422978034,242.4991455078125,40244100,0.0,0.0
2025-01-06 00:00:00-05:00,243.4457849039297,246.45510633108967,242.33971076643533,244.1333465576172,45045600,0.0,0.0
2025-01-07 00:00:00-05:00,242.12047569552988,244.68139184839126,240.4962520142114,241.35321044921875,40856000,0.0,0.0
2025-01-08 00:00:00-05:00,241.06423680804883,242.84791342439922,239.20085656180404,241.8414764404297,37628900,0.0,0.0
2025-01-10 00:00:00-05:00,239.16100228470233,239.3104808095479,232.17580437363205,236.01219177246094,61710900,0.0,0.0
2025-01-13 00:00:00-05:00,232.7039288898965,233.8398957390806,228.90740850459227,233.5708465576172,49630700,0.0,0.0
2025-01-14 00:00:00-05:00,233.91960476413306,235.28475371553364,231.6476711610837,232.45480346679688,39435300,0.0,0.0
2025-01-15 00:00:00-05:00,233.80999436776753,238.11472029161553,233.60073052224158,237.028564453125,39832000,0.0,0.0
2025-01-16 00:00:00-05:00,236.51041752509497,237.1680713225123,227.22337827123218,227.4525604248047,71759100,0.0,0.0
2025-01-17 00:00:00-05:00,231.2989028272768,231.4682996512766,227.67177943063626,229.16647338867188,68488300,0.0,0.0
2025-01-21 00:00:00-05:00,223.20762199269615,223.62613445935494,218.6039696546368,221.85243225097656,98070400,0.0,0.0
2025-01-22 00:00:00-05:00,219.01252087308487,223.3272060060417,219.01252087308487,223.03823852539062,64126500,0.0,0.0
2025-01-23 00:00:00-05:00,223.94503224654224,226.2269251350915,221.51366083038826,222.8688507080078,60234800,0.0,0.0
2025-01-24 00:00:00-05:00,223.9848686181573,224.831867935065,220.6267944226493,221.991943359375,54697900,0.0,0.0
2025-01-27 00:00:00-05:00,223.2275672861503,231.32879829775732,223.18770026542342,229.04690551757812,94863400,0.0,0.0
2025-01-28 00:00:00-05:00,230.03339893004483,239.34035603116672,229.99353191106584,237.41717529296875,75707600,0.0,0.0
2025-01-29 00:00:00-05:00,233.29182086679862,239.01152170916106,233.18220937175082,238.51329040527344,45486100,0.0,0.0
2025-01-30 00:00:00-05:00,237.82573898228924,239.93823493591583,236.37091202718113,236.7495574951172,55658300,0.0,0.0
2025-01-31 00:00:00-05:00,246.31561143302469,246.31561143302469,232.61424963135997,235.16519165039062,100959800,0.0,0.0
2025-02-03 00:00:00-05:00,229.17643705581955,231.00992457632861,224.90160402054906,227.20343017578125,73063300,0.0,0.0
2025-02-04 00:00:00-05:00,226.44614576626617,232.3053512351318,225.84826207175638,231.9765167236328,45067300,0.0,0.0
2025-02-05 00:00:00-05:00,227.72160926815613,231.84696405052938,227.46253445166022,231.64767456054688,39620300,0.0,0.0
2025-02-06 00:00:00-05:00,230.47183871784506,232.9729696905443,229.61488023403817,232.39501953125,29925300,0.0,0.0
2025-02-07 00:00:00-05:00,231.7772347780746,233.17227650429416,226.4561122970612,226.82481384277344,39707200,0.0,0.0
2025-02-10 00:00:00-05:00,229.0094413336025,230.02693972945139,226.64521806905947,227.0941162109375,33115600,0.25,0.0
2025-02-11 00:00:00-05:00,227.64278121837336,234.65561423976854,227.57296005864194,232.05198669433594,53718400,0.0,0.0
2025-02-12 00:00:00-05:00,230.63545743654387,236.38140252594314,230.11672290007743,236.29161071777344,45243300,0.0,0.0
2025-02-13 00:00:00-05:00,236.33151730066413,241.74825103145727,234.99479296308533,240.9402313232422,53614100,0.0,0.0
2025-02-14 00:00:00-05:00,240.66092045804314,244.9504238462646,240.40156080072015,244.00274658203125,40896200,0.0,0.0
2025-02-18 00:00:00-05:00,243.55383619329416,244.58131995427482,241.2494791133952,243.87306213378906,48822500,0.0,0.0
2025-02-19 00:00:00-05:00,244.06260076305156,245.40929524371262,242.56626341463,244.27207946777344,32204200,0.0,0.0
2025-02-20 00:00:00-05:00,244.34192533458386,246.17742890005937,243.69350332551406,245.22975158691406,32316900,0.0,0.0
2025-02-21 00:00:00-05:00,245.34944139409683,248.08275639920348,244.6212281548445,244.95042419433594,53197400,0.0,0.0
2025-02-24 00:00:00-05:00,244.3319283268952,248.25234005966587,243.82317911276243,246.49664306640625,51326400,0.0,0.0
2025-02-25 00:00:00-05:00,247.3944454522674,249.38956194785018,244.3119941197594,246.43678283691406,48013300,0.0,0.0
2025-02-26 00:00:00-05:00,243.7334092806253,244.3818160551289,238.54610942000366,239.77310180664062,44433600,0.0,0.0
2025-02-27 00:00:00-05:00,238.82541422357912,241.86796980219768,236.48114634623442,236.72056579589844,41153600,0.0,0.0
2025-02-28 00:00:00-05:00,236.37142201455794,241.49887076126774,229.63790389196947,241.24948120117188,56833400,0.0,0.0
2025-03-03 00:00:00-05:00,241.19958958341564,243.43412542285543,235.53346633482454,237.4487762451172,47184000,0.0,0.0
2025-03-04 00:00:00-05:00,237.1295800554318,239.4838181516717,234.10696453181083,235.35391235351562,53798100,0.0,0.0
2025-03-05 00:00:00-05:00,234.84515699420854,235.97240266650644,228.67026910680244,235.1643829345703,47227600,0.0,0.0
2025-03-06 00:00:00-05:00,233.86756011302523,237.27920752401755,232.59068676229822,234.75538635253906,45170400,0.0,0.0
2025-03-07 00:00:00-05:00,234.53591456798168,240.78062356819368,234.1867631010968,238.4862518310547,46273600,0.0,0.0
2025-03-10 00:00:00-04:00,234.96486230654432,235.583358769024,223.6725108894593,226.92454528808594,72071200,0.0,0.0
2025-03-11 00:00:00-04:00,223.26349982428485,225.28854176632854,216.91902902029437,220.30075073242188,76137400,0.0,0.0
2025-03-12 00:00:00-04:00,219.60246770742089,221.20853706339403,214.38524243690583,216.45018005371094,62547500,0.0,0.0
2025-03-13 00:00:00-04:00,215.42269353923288,216.31051974194543,207.9110813961123,209.16799926757812,61368300,0.0,0.0
2025-03-14 00:00:00-04:00,210.73416839029963,213.4275724686152,209.06824803363213,212.9687042236328,60107600,0.0,0.0
2025-03-17 00:00:00-04:00,212.78914514941675,214.69448503570536,209.4573042902151,213.4774627685547,48073400,0.0,0.0
2025-03-18 00:00:00-04:00,213.6370814211214,214.624654360469,210.97360268345204,212.17066955566406,42432400,0.0,0.0
2025-03-19 00:00:00-04:00,213.6969181399133,218.22582565599035,213.22806456968678,214.7144317626953,54385400,0.0,0.0
2025-03-20 00:00:00-04:00,213.46749271646212,216.9589465476154,211.70181037410745,213.5772247314453,48862900,0.0,0.0
2025-03-21 00:00:00-04:00,211.0434226778215,218.30564558008663,210.76410758323678,217.73704528808594,94127800,0.0,0.0
2025-03-24 00:00:00-04:00,220.460369765545,220.93919345594836,218.04628066528426,220.19102478027344,44299500,0.0,0.0
2025-03-25 00:00:00-04:00,220.23093972638688,223.55281053469957,219.54262209652958,223.2036590576172,34493600,0.0,0.0
2025-03-26 00:00:00-04:00,222.9642357514217,224.47055842890478,219.93166541277708,220.98907470703125,34466100,0.0,0.0
2025-03-27 00:00:00-04:00,220.84942102067788,224.4406368200556,220.02144584411215,223.3034210205078,37094800,0.0,0.0
2025-03-28 00:00:00-04:00,221.12873402087155,223.26350805320467,217.1484711493609,217.36793518066406,39818600,0.0,0.0
2025-03-31 00:00:00-04:00,216.48010744476517,225.06908447075043,215.7020132379398,221.58761596679688,65299300,0.0,0.0
2025-04-01 00:00:00-04:00,219.27328293515097,223.13382860511078,218.3655012478301,222.64503479003906,36412700,0.0,0.0
2025-04-02 00:00:00-04:00,220.7796058888877,224.64015156252358,220.48033536050963,223.34332275390625,35905900,0.0,0.0
2025-04-03 00:00:00-04:00,205.0381002304481,206.98335084549154,200.75858236471802,202.69384765625,103419000,0.0,0.0
2025-04-04 00:00:00-04:00,193.4165691841804,199.39194860307396,186.88255957870848,187.92002868652344,125910900,0.0,0.0
2025-04-07 00:00:00-04:00,176.76731422169505,193.6759230716255,174.19361217758157,181.0169219970703,160466300,0.0,0.0
2025-04-08 00:00:00-04:00,186.24410709579757,189.8752182218586,168.79682446290911,171.9989776611328,120859500,0.0,0.0
2025-04-09 00:00:00-04:00,171.53013119082922,200.1201531468693,171.47028013366514,198.3644561767578,184395900,0.0,0.0
2025-04-10 00:00:00-04:00,188.60833789927736,194.30438674913324,182.553152263757,189.9550323486328,121880000,0.0,0.0
2025-04-11 00:00:00-04:00,185.64558871717136,199.05275825525484,185.60567786476867,197.66615295410156,87435900,0.0,0.0
2025-04-14 00:00:00-04:00,210.9237150406947,212.42005238891582,200.66881763194172,202.02549743652344,101352900,0.0,0.0
2025-04-15 00:00:00-04:00,201.36709301089155,203.01305790446213,199.3121256140358,201.6464080810547,51343900,0.0,0.0
2025-04-16 00:00:00-04:00,197.8756484915953,200.2099310657198,191.9002692932641,193.79563903808594,59732400,0.0,0.0
2025-04-17 00:00:00-04:00,196.71848747425943,198.34451232255947,193.9452767059697,196.4990234375,52164700,0.0,0.0
2025-04-21 00:00:00-04:00,192.79808650813246,193.3267911609043,189.34652827875263,192.6883544921875,46742500,0.0,0.0
2025-04-22 00:00:00-04:00,195.64111763020085,201.097762433896,195.49148998245192,199.25228881835938,52976400,0.0,0.0
2025-04-23 00:00:00-04:00,205.49699351150966,207.49210995336898,202.30481024884085,204.1004180908203,52929200,0.0,0.0
2025-04-24 00:00:00-04:00,204.38970763388747,208.32008954356945,202.44447210591895,207.8612060546875,47311000,0.0,0.0
2025-04-25 00:00:00-04:00,205.86608387594285,209.2378355121778,205.69650080604464,208.76898193359375,38222300,0.0,0.0
2025-04-28 00:00:00-04:00,209.48723454234343,210.98357193193158,206.95344326011445,209.62689208984375,38743100,0.0,0.0
2025-04-29 00:00:00-04:00,208.18043904370694,211.72177396764008,207.86121308906752,210.6942901611328,36827600,0.0,0.0
2025-04-30 00:00:00-04:00,208.78894157113288,213.0584895980106,206.16535854293033,211.9811248779297,52286500,0.0,0.0
2025-05-01 00:00:00-04:00,208.56948083895412,214.0360957896086,208.3899124386699,212.79913330078125,57365700,0.0,0.0
2025-05-02 00:00:00-04:00,205.58677037884885,206.48458191182934,201.66637387157866,204.8485870361328,101010600,0.0,0.0
2025-05-05 00:00:00-04:00,202.6040848015313,203.60164304236298,197.72602561272546,198.40435791015625,69018500,0.0,0.0
2025-05-06 00:00:00-04:00,197.72602851406054,200.1600578713198,196.538931754607,198.02528381347656,51216500,0.0,0.0
2025-05-07 00:00:00-04:00,198.6836658614824,198.95301083885846,192.77812311451905,195.7707977294922,68536700,0.0,0.0
2025-05-08 00:00:00-04:00,197.2372161152265,199.56152863729463,194.20463054641704,197.00778198242188,50478900,0.0,0.0
2025-05-09 00:00:00-04:00,198.51409591462888,200.0503289543839,197.05765414160055,198.0452423095703,36453900,0.0,0.0
2025-05-12 00:00:00-04:00,210.7308445260501,211.03050749278242,206.5156271207593,210.55104064941406,63775800,0.26,0.0
2025-05-13 00:00:00-04:00,210.19144790738707,213.1580823159532,208.76307628033234,212.68861389160156,51909300,0.0,0.0
2025-05-14 00:00:00-04:00,212.18917192393894,213.69746987061376,210.34127831689767,212.08929443359375,49325800,0.0,0.0
2025-05-15 00:00:00-04:00,210.71086343228015,212.71859464512332,209.30245815432872,211.21029663085938,45029500,0.0,0.0
2025-05-16 00:00:00-04:00,212.11926693678467,212.32903558469047,209.53220664773164,211.0205078125,54737900,0.0,0.0
2025-05-19 00:00:00-04:00,207.67431083672193,209.24252311349682,204.02843943795537,208.54331970214844,46140500,0.0,0.0
2025-05-20 00:00:00-04:00,207.4345828831543,208.2336790492342,204.79757620413463,206.62550354003906,42496600,0.0,0.0
2025-05-21 00:00:00-04:00,204.93741112479617,206.80528635778637,200.4824756537251,201.86090087890625,59211800,0.0,0.0
2025-05-22 00:00:00-04:00,200.48247209416806,202.52015274475195,199.4736073247078,201.13172912597656,46742400,0.0,0.0
2025-05-23 00:00:00-04:00,193.45045269257122,197.4758830409797,193.24069928507132,195.04864501953125,78432900,0.0,0.0
2025-05-27 00:00:00-04:00,198.07520901450675,200.51244545494848,197.20618488735448,199.98304748535156,56288500,0.0,0.0
2025-05-28 00:00:00-04:00,200.36260025266836,202.50017366149785,199.67338002302156,200.1927947998047,45339700,0.0,0.0
2025-05-29 00:00:00-04:00,203.3492174371598,203.57895243464628,198.28495762525483,199.72332763671875,51396800,0.0,0.0
2025-05-30 00:00:00-04:00,199.14398126681596,201.73105672211125,196.55692105301176,200.622314453125,70819900,0.0,0.0
2025-06-02 00:00:00-04:00,200.05295557621693,201.9008644592711,199.89313329888972,201.47134399414062,35423300,0.0,0.0
2025-06-03 00:00:00-04:00,201.1217444882778,203.5389992121068,200.7321872237246,203.03956604003906,46381600,0.0,0.0
2025-06-04 00:00:00-04:00,202.67998220748078,206.00620910456834,201.8709028727957,202.590087890625,43604000,0.0,0.0
2025-06-05 00:00:00-04:00,203.26931435006063,204.5178973620389,199.92310578136215,200.40257263183594,55126100,0.0,0.0
2025-06-06 00:00:00-04:00,202.76987228695742,205.4668084267123,201.82095228760733,203.68882751464844,46607700,0.0,0.0
2025-06-09 00:00:00-04:00,204.15830357568726,205.76647909477697,199.79326227022588,201.2216339111328,72862600,0.0,0.0
2025-06-10 00:00:00-04:00,200.3726011094186,204.11835001917973,200.34263633745982,202.44024658203125,54672600,0.0,0.0
2025-06-11 00:00:00-04:00,203.26930749599725,204.26817387189894,198.18508130061548,198.55465698242188,60989900,0.0,0.0
2025-06-12 00:00:00-04:00,198.85432303920933,199.45363372918547,197.13627162659284,198.97418212890625,43904600,0.0,0.0
2025-06-13 00:00:00-04:00,199.50357538920457,200.1428492549886,195.47814514596445,196.227294921875,51447300,0.0,0.0
2025-06-16 00:00:00-04:00,197.07634287373045,198.46476655376847,196.33717625414866,198.195068359375,43020700,0.0,0.0
2025-06-17 00:00:00-04:00,196.97644196425614,198.16509536417735,194.98870767431248,195.418212890625,38856200,0.0,0.0
2025-06-18 00:00:00-04:00,195.71787336797544,197.3460303816964,194.84886452825484,196.35714721679688,45394700,0.0,0.0
2025-06-20 00:00:00-04:00,198.01527480684123,201.47134391409438,196.6368343380514,200.7721405029297,96813500,0.0,0.0
2025-06-23 00:00:00-04:00,201.40143343464243,202.07067208145295,198.73446202428119,201.27157592773438,55814300,0.0,0.0
2025-06-24 00:00:00-04:00,202.36033429336192,203.2093768046809,199.9730442780961,200.07293701171875,54064000,0.0,0.0
2025-06-25 00:00:00-04:00,201.2216365357081,203.43912119943792,200.39257558111612,201.33151245117188,39525700,0.0,0.0
2025-06-26 00:00:00-04:00,201.20164572639828,202.41028074115465,199.23389299836737,200.7721405029297,50799100,0.0,0.0
2025-06-27 00:00:00-04:00,201.66113009938155,202.98962419564972,199.77327327657756,200.85205078125,73188600,0.0,0.0
2025-06-30 00:00:00-04:00,201.78098710410558,207.15489297707504,199.0341046248948,204.93740844726562,91912800,0.0,0.0
2025-07-01 00:00:00-04:00,206.4357061767528,209.95171998702364,205.90630823197938,207.58441162109375,78788900,0.0,0.0
2025-07-02 00:00:00-04:00,208.6731759252599,213.09814660534315,207.9040445567577,212.1991729736328,67941800,0.0,0.0
2025-07-03 00:00:00-04:00,211.90950026104147,214.40666625629999,211.56988934364432,213.30792236328125,34955800,0.0,0.0
2025-07-07 00:00:00-04:00,212.43889126622693,215.9848699115094,208.56330013289198,209.7119903564453,50229000,0.0,0.0
2025-07-08 00:00:00-04:00,209.86183643928914,211.1903153368944,208.213697736729,209.7719268798828,42848900,0.0,0.0
2025-07-09 00:00:00-04:00,209.2924745188519,211.09043707809712,206.98509558510867,210.90065002441406,48749400,0.0,0.0
2025-07-10 00:00:00-04:00,210.27134950514616,213.23798377907798,209.7918979255535,212.16920471191406,44443600,0.0,0.0
2025-07-11 00:00:00-04:00,210.33129628612954,211.88952536572023,209.6220944658076,210.92062377929688,39765800,0.0,0.0
2025-07-14 00:00:00-04:00,209.69201166358403,210.67091168904602,207.3047216270235,208.3834991455078,38840100,0.0,0.0
2025-07-15 00:00:00-04:00,208.9828312368767,211.64980271899068,208.6831682659836,208.87295532226562,42296300,0.0,0.0
2025-07-16 00:00:00-04:00,210.06160887608695,212.1592191902425,208.40348697906978,209.92176818847656,47490500,0.0,0.0
2025-07-17 00:00:00-04:00,210.33130094399476,211.5599023237274,209.35240091776063,209.78192138671875,48068100,0.0,0.0
2025-07-18 00:00:00-04:00,210.63095139102305,211.54990664350106,209.46227954032304,210.9405975341797,48974600,0.0,0.0
2025-07-21 00:00:00-04:00,211.8595616297783,215.53538252867688,211.39009321998003,212.23912048339844,51377400,0.0,0.0
2025-07-22 00:00:00-04:00,212.89838571641525,214.7063314773177,211.9894136266437,214.15695190429688,46404100,0.0,0.0
2025-07-23 00:00:00-04:00,214.75626907170553,214.90609293027538,212.1692088371252,213.9072265625,46989300,0.0,0.0
2025-07-24 00:00:00-04:00,213.65751035981805,215.44548969662856,213.28793468034502,213.51766967773438,46022600,0.0,0.0
2025-07-25 00:00:00-04:00,214.45660521718813,214.9960015887686,213.15807589620647,213.63754272460938,40268800,0.0,0.0
2025-07-28 00:00:00-04:00,213.78737619229818,214.60645396318566,212.81847455673218,213.80735778808594,37858000,0.0,0.0
2025-07-29 00:00:00-04:00,213.93719187335407,214.5664825639156,210.58101550100253,211.03050231933594,51411700,0.0,0.0
2025-07-30 00:00:00-04:00,211.65977882345743,212.14922883427738,207.48452469073794,208.81301879882812,45512500,0.0,0.0
2025-07-31 00:00:00-04:00,208.25365677749065,209.60211724381097,206.92516266487007,207.33470153808594,80698400,0.0,0.0
2025-08-01 00:00:00-04:00,210.63095505795985,213.33788973606855,201.27158167093614,202.1505889892578,104434500,0.0,0.0
2025-08-04 00:00:00-04:00,204.27816503495924,207.64435521756303,201.4513712516652,203.11949157714844,75109300,0.0,0.0
2025-08-05 00:00:00-04:00,203.1694082424696,205.1072113881769,201.93082373064988,202.68995666503906,44155100,0.0,0.0
2025-08-06 00:00:00-04:00,205.39689808550258,215.1358452662651,205.35693489516686,213.0082550048828,108483100,0.0,0.0
2025-08-07 00:00:00-04:00,218.63187314031333,220.59964108330854,216.33447747046458,219.7805633544922,90224800,0.0,0.0
2025-08-08 00:00:00-04:00,220.57966572513484,230.73813503605493,219.00145500716468,229.0900115966797,113854000,0.0,0.0
2025-08-11 00:00:00-04:00,227.9199981689453,229.55999755859375,224.75999450683594,227.17999267578125,61806100,0.26,0.0
2025-08-12 00:00:00-04:00,228.00999450683594,230.8000030517578,227.07000732421875,229.64999389648438,55626200,0.0,0.0
2025-08-13 00:00:00-04:00,231.07000732421875,235.0,230.42999267578125,233.3300018310547,69878500,0.0,0.0
2025-08-14 00:00:00-04:00,234.05999755859375,235.1199951171875,230.85000610351562,232.77999877929688,51916300,0.0,0.0
2025-08-15 00:00:00-04:00,234.0,234.27999877929688,229.33999633789062,231.58999633789062,56038700,0.0,0.0
2025-08-18 00:00:00-04:00,231.6999969482422,233.1199951171875,230.11000061035156,230.88999938964844,37476200,0.0,0.0
2025-08-19 00:00:00-04:00,231.27999877929688,232.8699951171875,229.35000610351562,230.55999755859375,39402600,0.0,0.0
2025-08-20 00:00:00-04:00,229.97999572753906,230.47000122070312,225.77000427246094,226.00999450683594,42263900,0.0,0.0
2025-08-21 00:00:00-04:00,226.27000427246094,226.52000427246094,223.77999877929688,224.89999389648438,30621200,0.0,0.0
2025-08-22 00:00:00-04:00,226.1699981689453,229.08999633789062,225.41000366210938,227.75999450683594,42477800,0.0,0.0
2025-08-25 00:00:00-04:00,226.47999572753906,229.3000030517578,226.22999572753906,227.16000366210938,30983100,0.0,0.0
2025-08-26 00:00:00-04:00,226.8699951171875,229.49000549316406,224.69000244140625,229.30999755859375,54575100,0.0,0.0
2025-08-27 00:00:00-04:00,228.61000061035156,230.89999389648438,228.25999450683594,230.49000549316406,31259500,0.0,0.0
2025-08-28 00:00:00-04:00,230.82000732421875,233.41000366210938,229.33999633789062,232.55999755859375,38074700,0.0,0.0
2025-08-29 00:00:00-04:00,232.50999450683594,233.3800048828125,231.3699951171875,232.13999938964844,39418400,0.0,0.0
2025-09-02 00:00:00-04:00,229.25,230.85000610351562,226.97000122070312,229.72000122070312,44075600,0.0,0.0
2025-09-03 00:00:00-04:00,237.2100067138672,238.85000610351562,234.36000061035156,238.47000122070312,66427800,0.0,0.0
2025-09-04 00:00:00-04:00,238.4499969482422,239.89999389648438,236.74000549316406,239.77999877929688,47549400,0.0,0.0
2025-09-05 00:00:00-04:00,240.0,241.32000732421875,238.49000549316406,239.69000244140625,54870400,0.0,0.0
2025-09-08 00:00:00-04:00,239.3000030517578,240.14999389648438,236.33999633789062,237.8800048828125,48999500,0.0,0.0
2025-09-09 00:00:00-04:00,237.0,238.77999877929688,233.36000061035156,234.35000610351562,66313900,0.0,0.0
2025-09-10 00:00:00-04:00,232.19000244140625,232.4199981689453,225.9499969482422,226.7899932861328,83440800,0.0,0.0
2025-09-11 00:00:00-04:00,226.8800048828125,230.4499969482422,226.64999389648438,230.02999877929688,50208600,0.0,0.0
2025-09-12 00:00:00-04:00,229.22000122070312,234.50999450683594,229.02000427246094,234.07000732421875,55824200,0.0,0.0
2025-09-15 00:00:00-04:00,237.0,238.19000244140625,235.02999877929688,236.6999969482422,42699500,0.0,0.0
2025-09-16 00:00:00-04:00,237.17999267578125,241.22000122070312,236.32000732421875,238.14999389648438,63421100,0.0,0.0
2025-09-17 00:00:00-04:00,238.97000122070312,240.10000610351562,237.72999572753906,238.99000549316406,46508000,0.0,0.0
2025-09-18 00:00:00-04:00,239.97000122070312,241.1999969482422,236.64999389648438,237.8800048828125,44249600,0.0,0.0
2025-09-19 00:00:00-04:00,241.22999572753906,246.3000030517578,240.2100067138672,245.5,163741300,0.0,0.0
2025-09-22 00:00:00-04:00,248.3000030517578,256.6400146484375,248.1199951171875,256.0799865722656,105517400,0.0,0.0
2025-09-23 00:00:00-04:00,255.8800048828125,257.3399963378906,253.5800018310547,254.42999267578125,60275200,0.0,0.0
2025-09-24 00:00:00-04:00,255.22000122070312,255.74000549316406,251.0399932861328,252.30999755859375,42303700,0.0,0.0
2025-09-25 00:00:00-04:00,253.2100067138672,257.1700134277344,251.7100067138672,256.8699951171875,55202100,0.0,0.0
2025-09-26 00:00:00-04:00,254.10000610351562,257.6000061035156,253.77999877929688,255.4600067138672,46045700,0.0,0.0
