Date,Open,High,Low,Close,Volume,Dividends,Stock Splits,MA_5,MA_10
2020-09-28 00:00:00-04:00,111.87227777517528,112.17381792247087,109.70311378636896,111.82363891601562,137672400,0.0,0.0,,
2020-09-29 00:00:00-04:00,111.42483559860968,112.16409584063496,110.47156881534237,110.97737884521484,99382200,0.0,0.0,,
2020-09-30 00:00:00-04:00,110.6855573752124,114.0608892683136,110.52019713326597,112.65044403076172,142675200,0.0,0.0,,
2020-10-01 00:00:00-04:00,114.430522644009,114.50834184995564,112.66990578164196,113.6037139892578,116120400,0.0,0.0,,
2020-10-02 00:00:00-04:00,109.81013380502144,112.22247769672272,109.15841452980855,109.93658447265624,144712000,0.0,0.0,111.79835205078125,
2020-10-05 00:00:00-04:00,110.80228919258478,113.46753391146844,110.4521101876222,113.32162475585938,106243800,0.0,0.0,112.09794921875,
2020-10-06 00:00:00-04:00,112.54345848013617,112.9520056398048,109.18758468115252,110.07276153564452,161498200,0.0,0.0,111.91702575683594,
2020-10-07 00:00:00-04:00,111.49291934511136,112.39754721573829,111.01628226939263,111.94036865234376,96849000,0.0,0.0,111.77501068115234,
2020-10-08 00:00:00-04:00,113.07844398775582,113.224353141667,111.46372888130158,111.83336639404295,83477200,0.0,0.0,111.42094116210937,
2020-10-09 00:00:00-04:00,112.13491304534423,113.80798894197645,111.7847340241306,113.77880859375,100506900,0.0,0.0,112.18938598632812,111.99386901855469
2020-10-12 00:00:00-04:00,116.78451149876966,121.76482993780782,116.02579270598136,121.00611114501952,240226800,0.0,0.0,113.72628326416016,112.91211624145508
2020-10-13 00:00:00-04:00,121.85235887523848,121.96908768608208,116.38568943923732,117.79612731933594,262330500,0.0,0.0,115.27095642089844,113.59399108886718
2020-10-14 00:00:00-04:00,117.6988482441124,119.67346409750246,116.35650041512618,117.8836669921875,150712000,0.0,0.0,116.4596160888672,114.11731338500977
2020-10-15 00:00:00-04:00,115.48104948176436,117.8933852834975,114.92660067544894,117.41675567626952,112559200,0.0,0.0,117.5762939453125,114.49861755371094
2020-10-16 00:00:00-04:00,117.97120952549623,118.23384747833158,115.56859545500912,115.77286529541016,115393800,0.0,0.0,117.97510528564453,115.08224563598633
2020-10-19 00:00:00-04:00,116.68721586654202,117.1346651236104,112.50453415677372,112.81580352783205,120639300,0.0,0.0,116.33704376220703,115.03166351318359
2020-10-20 00:00:00-04:00,113.02980416838348,115.73396585696943,112.4753553252332,114.30406951904295,124423700,0.0,0.0,115.63863220214844,115.45479431152344
2020-10-21 00:00:00-04:00,113.48697818121386,115.47132328298426,113.27297908868262,113.68152618408205,89946000,0.0,0.0,114.79820404052734,115.62891006469727
2020-10-22 00:00:00-04:00,114.24568862177946,114.819595912401,111.46371546147095,112.59207153320312,101988000,0.0,0.0,113.83326721191406,115.70478057861328
2020-10-23 00:00:00-04:00,113.21463402999636,113.37027245377988,111.16219869915412,111.9014663696289,82572600,0.0,0.0,113.05898742675781,115.51704635620118
2020-10-26 00:00:00-04:00,110.89955881245989,113.37026292295224,109.80038294532773,111.91118621826172,111850700,0.0,0.0,112.87806396484375,114.6075538635254
2020-10-27 00:00:00-04:00,112.33918213169002,114.08034796929373,111.415103145049,113.4188995361328,92276800,0.0,0.0,112.70102996826172,114.16983108520508
2020-10-28 00:00:00-04:00,111.91119126662696,112.28082137684017,108.06895131820131,108.16622161865234,143937800,0.0,0.0,111.59796905517578,113.19808654785156
2020-10-29 00:00:00-04:00,109.30430584931332,113.73989680449657,109.13893817712592,112.17382049560548,146129200,0.0,0.0,111.51431884765626,112.67379302978516
2020-10-30 00:00:00-04:00,108.03004440237356,108.93467231945372,104.78117027471365,105.89006805419922,190272600,0.0,0.0,110.31203918457031,111.68551330566406
2020-11-02 00:00:00-05:00,106.13321807788486,107.66038441516729,104.39205268090426,105.802490234375,122866900,0.0,0.0,109.09029998779297,110.98418197631835
2020-11-03 00:00:00-05:00,106.66822232934804,108.44829000986326,105.76359460724328,107.42694091796876,107624400,0.0,0.0,107.89190826416015,110.29646911621094
2020-11-04 00:00:00-05:00,111.02599722029116,112.43643491089767,109.28483165401832,111.81389617919922,138235500,0.0,0.0,108.62144317626954,110.10970611572266
2020-11-05 00:00:00-05:00,114.73205582071998,116.35650010587015,113.68152628924996,115.7825927734375,126387100,0.0,0.0,109.34319763183593,110.42875823974609
2020-11-06 00:00:00-05:00,115.2905328204704,116.14799861229584,113.15660323122869,115.65106201171876,114457900,0.205,0.0,111.29539642333984,110.80371780395508
2020-11-09 00:00:00-05:00,117.41471118065078,118.86655905479424,113.0786522061061,113.34173583984376,154515300,0.0,0.0,112.8032455444336,110.94677276611328
2020-11-10 00:00:00-05:00,112.59144977903752,114.57921088296683,111.20780194427196,113.00069427490234,138023400,0.0,0.0,113.91799621582031,110.90495223999024
2020-11-11 00:00:00-05:00,114.1894662365786,116.56698735100086,113.458669258225,116.43057250976562,112295000,0.0,0.0,114.8413314819336,111.73138732910157
2020-11-12 00:00:00-05:00,116.5572589421894,117.44395548780156,115.5341401093542,116.15775299072266,103162300,0.0,0.0,114.91636352539062,112.12978057861328
2020-11-13 00:00:00-05:00,116.38185060768495,116.60595750533837,114.85204931664111,116.20645904541016,81581900,0.0,0.0,115.0274429321289,113.16141967773437
2020-11-16 00:00:00-05:00,115.87516977446028,117.89216918384535,115.12488813037272,117.21984100341795,91183000,0.0,0.0,115.80306396484374,114.30315475463867
2020-11-17 00:00:00-05:00,116.48902916086686,117.580347776807,115.91413173221224,116.33312225341795,74271000,0.0,0.0,116.46954956054688,115.19377288818359
2020-11-18 00:00:00-05:00,115.57310124972858,116.75211942679816,114.97871914080206,115.00794982910156,76322100,0.0,0.0,116.18502502441406,115.51317825317383
2020-11-19 00:00:00-05:00,114.57923704966665,116.0116005463561,113.81920925976264,115.60235595703124,74113000,0.0,0.0,116.07394561767578,115.4951545715332
2020-11-20 00:00:00-05:00,115.60233477250766,115.72900356959502,114.28690172841968,114.33561706542967,73604300,0.0,0.0,115.69977722167967,115.3636100769043
2020-11-23 00:00:00-05:00,114.17973844528017,114.60847512000458,110.83755943271616,110.93499755859376,127959300,0.0,0.0,114.44280853271485,115.1229362487793
2020-11-24 00:00:00-05:00,110.99345018861624,112.883773343832,109.70724035208704,112.22118377685548,113874200,0.0,0.0,113.62042083740235,115.04498519897462
2020-11-25 00:00:00-05:00,112.5914448450371,113.76071690599676,112.22116965962786,113.05915069580078,76499200,0.0,0.0,113.23066101074218,114.70784301757813
2020-11-27 00:00:00-05:00,113.58534323153174,114.4817857816356,113.24430611291088,113.60482788085938,46691300,0.0,0.0,112.8311553955078,114.45255050659179
2020-11-30 00:00:00-05:00,113.97510085734368,117.87268484188316,113.8191939296174,116.00184631347656,169410200,0.0,0.0,113.16440124511719,114.43208923339844
2020-12-01 00:00:00-05:00,117.91164950975931,120.30866252291608,116.93725361331916,119.57786560058594,127728200,0.0,0.0,114.89297485351562,114.66789169311524
2020-12-02 00:00:00-05:00,118.89580031413836,120.21124090192976,117.79473547645512,119.9286651611328,89004200,0.0,0.0,116.4344711303711,115.02744598388672
2020-12-03 00:00:00-05:00,120.3573879750848,120.61073301099076,119.08093162233982,119.79224395751952,78967600,0.0,0.0,117.78108978271484,115.50587539672851
2020-12-04 00:00:00-05:00,119.46094830759232,119.71429334953903,118.40859884170744,119.11991119384766,78260400,0.0,0.0,118.8841064453125,115.85763092041016
2020-12-07 00:00:00-05:00,119.17837974557072,121.38051692318322,119.11991836085464,120.58151245117188,86712000,0.0,0.0,119.80003967285157,116.48222045898437
2020-12-08 00:00:00-05:00,121.18561966997126,121.78000175835268,119.93838668457948,121.1953582763672,82225500,0.0,0.0,120.12353820800782,117.50825653076171
2020-12-09 00:00:00-05:00,121.34153828117272,122.7251788807494,117.901921432146,118.66194915771484,115089200,0.0,0.0,119.87019500732421,118.15233306884765
2020-12-10 00:00:00-05:00,117.41472117824992,120.69843846339406,117.07368405582883,120.08456420898438,81312200,0.0,0.0,119.92865905761718,118.85487442016601
2020-12-11 00:00:00-05:00,119.29529488946088,119.61684733291102,117.46343320377244,119.27581024169922,86939800,0.0,0.0,119.9598388671875,119.42197265625
2020-12-14 00:00:00-05:00,119.46095361716566,120.19175065083598,118.42809618847488,118.66194915771484,79184500,0.0,0.0,119.5759262084961,119.68798294067383
2020-12-15 00:00:00-05:00,121.15637365642122,124.62522785843208,120.95175142467582,124.6057357788086,157243700,0.0,0.0,120.25800170898438,120.19076995849609
2020-12-16 00:00:00-05:00,124.14779181691584,125.0832036047306,123.31954931044656,124.53754425048828,98208600,0.0,0.0,121.43312072753906,120.65165786743164
2020-12-17 00:00:00-05:00,125.59960792950882,126.26220477989791,124.76162697843104,125.40473175048828,94359800,0.0,0.0,122.49715423583984,121.21290664672851
2020-12-18 00:00:00-05:00,125.6581213382682,125.79453619074846,122.89083268641434,123.41700744628906,192541500,0.0,0.0,123.32539367675781,121.64261627197266
2020-12-21 00:00:00-05:00,121.81899726937544,125.02476133357642,120.2891956882512,124.94680786132812,121251600,0.0,0.0,124.58236541748047,122.07914581298829
2020-12-22 00:00:00-05:00,128.2402506072199,130.96856222026736,126.33042801765606,128.5033416748047,168904800,0.0,0.0,125.36188659667968,122.80994415283203
2020-12-23 00:00:00-05:00,128.77620606654096,129.03928233694725,127.43153454537295,127.60693359375,88223700,0.0,0.0,125.97576446533203,123.70444259643554
2020-12-24 00:00:00-05:00,127.95768251910688,130.04288924480903,127.74331422195132,128.59103393554688,54930100,0.0,0.0,126.61302490234375,124.55508956909179
2020-12-28 00:00:00-05:00,130.5593044830477,133.82352163941158,130.09158377292042,133.19017028808594,124486200,0.0,0.0,128.56765747070312,125.94652557373047
2020-12-29 00:00:00-05:00,134.5153498347467,135.236393246922,130.9003346955004,131.41676330566406,121047300,0.0,0.0,129.8616485595703,127.2220069885254
2020-12-30 00:00:00-05:00,132.10859581206566,132.5081016930773,129.9844050523243,130.2962188720703,96452100,0.0,0.0,130.22022399902343,127.79105529785156
2020-12-31 00:00:00-05:00,130.6470431683906,131.29014822326337,128.34746756123533,129.29263305664062,99116600,0.0,0.0,130.55736389160157,128.2665641784668
2021-01-04 00:00:00-05:00,130.101379847628,130.18907193395324,123.51445970417282,126.09661102294922,143301900,0.0,0.0,130.05847930908203,128.33575210571288
2021-01-05 00:00:00-05:00,125.5898719394662,128.36690586965622,125.14164333709634,127.65558624267578,97664900,0.0,0.0,128.9515625,128.75960998535157
2021-01-06 00:00:00-05:00,124.44986199518104,127.69460255545032,123.14416745080456,123.35853576660156,155088000,0.0,0.0,127.3399169921875,128.6007827758789
2021-01-07 00:00:00-05:00,125.07350300085072,128.2597828952079,124.58630487680068,127.56795501708984,109578200,0.0,0.0,126.79426422119141,128.50724411010742
2021-01-08 00:00:00-05:00,129.0392514479538,129.23414253685505,126.89558328296364,128.6689910888672,105158200,0.0,0.0,126.66953582763672,128.61344985961915
2021-01-11 00:00:00-05:00,125.882219114398,126.8371230123308,125.20988350887804,125.6775894165039,100384500,0.0,0.0,126.58573150634766,128.32210540771484
2021-01-12 00:00:00-05:00,125.2099135745999,126.36944744885702,123.6119043773993,125.50223541259766,91951100,0.0,0.0,126.15506134033203,127.55331192016601
2021-01-13 00:00:00-05:00,125.4632279789547,128.08435568917824,125.2001517548226,127.5386962890625,88636800,0.0,0.0,126.99109344482422,127.16550521850586
2021-01-14 00:00:00-05:00,127.45099807958694,127.6458743033761,125.46322193987008,125.60939025878906,90221800,0.0,0.0,126.59938049316406,126.69682235717774
2021-01-15 00:00:00-05:00,125.4826979504118,126.88583037094016,123.74827450506449,123.88468933105467,111598500,0.0,0.0,125.64252014160157,126.15602798461914
2021-01-19 00:00:00-05:00,124.50829932907384,125.41449519229258,123.68981039127024,124.55702209472656,90757300,0.0,0.0,125.4184066772461,126.00206909179687
2021-01-20 00:00:00-05:00,125.365810647693,129.09774963934194,125.25862647781936,128.64952087402344,104319500,0.0,0.0,126.04786376953125,126.10146255493164
2021-01-21 00:00:00-05:00,130.37416729095122,136.09386615455463,130.16953762113462,133.3655548095703,120150900,0.0,0.0,127.2132354736328,127.10216445922852
2021-01-22 00:00:00-05:00,132.79070380672675,136.26930513798973,131.5629700317484,135.50927734375,114459400,0.0,0.0,129.193212890625,127.89629669189453
2021-01-25 00:00:00-05:00,139.40683420534555,141.37510329816405,133.04401504155618,139.2606658935547,157611700,0.0,0.0,132.268408203125,128.9554641723633
2021-01-26 00:00:00-05:00,139.92327397986588,140.60534821810342,137.75036015705467,139.49453735351562,98390600,0.0,0.0,135.25591125488282,130.33715896606446
2021-01-27 00:00:00-05:00,139.7575705729346,140.60530495715494,136.814906212198,138.4226531982422,140843800,0.0,0.0,137.21053771972657,131.62920074462892
2021-01-28 00:00:00-05:00,135.94771521998626,138.35447419549072,133.19991174456135,133.57992553710938,142621100,0.0,0.0,137.25341186523437,132.2333236694336
2021-01-29 00:00:00-05:00,132.35219077043976,133.2388945668448,126.8760908230651,128.58128356933594,177523800,0.0,0.0,135.86781311035156,132.53051300048827
2021-02-01 00:00:00-05:00,130.32547623427098,131.9137466089755,127.57767214071627,130.7054901123047,106239800,0.0,0.0,134.15677795410156,133.21259307861328
2021-02-02 00:00:00-05:00,132.25478079358965,132.8199323256062,131.16346190037416,131.5337371826172,83305400,0.0,0.0,132.5646179199219,133.91026458740234
2021-02-03 00:00:00-05:00,132.283966945161,132.29372041863363,130.18902194631957,130.5105743408203,89880900,0.0,0.0,130.9822021484375,134.09636993408202
2021-02-04 00:00:00-05:00,132.8101805826387,133.8820072844467,131.14395684543172,133.8722686767578,84183100,0.0,0.0,131.0406707763672,134.14704132080078
2021-02-05 00:00:00-05:00,134.03326822644928,134.10157011842293,132.57924349365368,133.45750427246094,75693800,0.205,0.0,132.0159149169922,133.94186401367188
2021-02-08 00:00:00-05:00,132.74515775495385,133.65270793576502,131.6619613464302,133.60391235351562,71297200,0.0,0.0,132.59559936523436,133.37618865966797
2021-02-09 00:00:00-05:00,133.3209020588762,134.5504851694013,132.56950670280034,132.7256317138672,76774200,0.0,0.0,132.83397827148437,132.6992980957031
2021-02-10 00:00:00-05:00,133.18428060554035,133.6819746696006,131.15450660056266,132.12060546875,73046600,0.0,0.0,133.1559844970703,132.0690933227539
2021-02-11 00:00:00-05:00,132.61826227921486,133.09643505279266,130.53970793560018,131.8668670654297,64280000,0.0,0.0,132.7549041748047,131.89778747558594
2021-02-12 00:00:00-05:00,131.10573109073752,132.25722938185646,130.4616651531689,132.10108947753906,60145100,0.0,0.0,132.4836212158203,132.24976806640626
2021-02-16 00:00:00-05:00,132.2182178860353,132.72565030112574,129.58340507467835,129.9737548828125,80576300,0.0,0.0,131.7575897216797,132.17659454345704
2021-02-17 00:00:00-05:00,128.08058387844284,129.02716157528442,126.3435683892599,127.68048095703124,97918500,0.0,0.0,130.7485595703125,131.79126892089843
2021-02-18 00:00:00-05:00,126.08010277824296,126.86078752569648,124.33333387097746,126.57779693603516,96856700,0.0,0.0,129.63999786376954,131.39799118041992
2021-02-19 00:00:00-05:00,127.0949773643316,127.55362902270863,125.68974801869317,126.73390197753906,87668800,0.0,0.0,128.6134048461914,130.68415451049805
2021-02-22 00:00:00-05:00,124.91881659012454,126.5875301611266,122.56701700171384,122.95735931396484,103916400,0.0,0.0,126.78465881347657,129.63414001464844
2021-02-23 00:00:00-05:00,120.77145192783192,123.65021250049016,115.5311237332084,122.82073974609376,158273000,0.0,0.0,125.35405578613282,128.55582275390626
2021-02-24 00:00:00-05:00,121.922963593051,122.52798712933732,119.27840529901452,122.32305908203124,111039900,0.0,0.0,124.2825714111328,127.51556549072265
2021-02-25 00:00:00-05:00,121.66923290454903,123.4062483482288,117.62920604594376,118.0683364868164,148199500,0.0,0.0,122.58067932128907,126.1103385925293
2021-02-26 00:00:00-05:00,119.62970286388716,121.83513064841704,118.2732690688628,118.33182525634766,164560400,0.0,0.0,120.90026397705078,124.7568344116211
2021-03-01 00:00:00-05:00,120.76169636502549,124.8407584067172,119.82487925027972,124.70413970947266,116307900,0.0,0.0,121.24962005615234,124.01713943481445
2021-03-02 00:00:00-05:00,125.30916402931616,125.61167577926304,121.99126560430425,122.0986099243164,102260900,0.0,0.0,121.10519409179688,123.22962493896485
2021-03-03 00:00:00-05:00,121.79609628413596,122.67436464921909,118.89781440194189,119.1125030517578,112966300,0.0,0.0,120.46308288574218,122.3728271484375
2021-03-04 00:00:00-05:00,118.80999380846008,120.61531871405342,115.75557939943268,117.22911071777344,178155000,0.0,0.0,120.2952377319336,121.43795852661133
2021-03-05 00:00:00-05:00,118.05856814664855,118.99538509316947,114.7309095373517,118.4879379272461,153766600,0.0,0.0,120.32646026611329,120.61336212158203
2021-03-08 00:00:00-05:00,118.0097837648902,118.0780931077246,113.40376109045415,113.55014038085938,154376600,0.0,0.0,118.09566040039063,119.67264022827149
2021-03-09 00:00:00-05:00,116.15566368258474,119.1124940848032,115.92146128458052,118.1659164428711,129525800,0.0,0.0,117.30912170410156,119.20715789794922
2021-03-10 00:00:00-05:00,118.75142380321871,119.21982856056243,116.56551011841668,117.0827178955078,111943300,0.0,0.0,116.90316467285156,118.68312377929688
2021-03-11 00:00:00-05:00,119.58090377809478,120.23472282472083,118.3318144218062,119.01490783691406,103026500,0.0,0.0,117.26032409667968,118.77778091430665
2021-03-12 00:00:00-05:00,117.4925691991998,118.24397187961576,116.28251493865656,118.10735321044922,88105100,0.0,0.0,117.18420715332032,118.7553337097168
2021-03-15 00:00:00-04:00,118.47818777651618,121.00564073101155,117.51208899403603,120.99588012695312,92403800,0.0,0.0,118.67335510253906,118.38450775146484
2021-03-16 00:00:00-04:00,122.66459306472456,124.1478922696946,121.70826227679903,122.53773498535156,115227900,0.0,0.0,119.54771881103515,118.42842025756836
2021-03-17 00:00:00-04:00,121.05444515870832,122.82073491932012,119.38573166517872,121.74729919433594,111932600,0.0,0.0,120.48063507080079,118.69189987182617
2021-03-18 00:00:00-04:00,119.91269661765824,120.20545520924264,117.41451776473627,117.61944580078124,121229700,0.0,0.0,120.20154266357422,118.73093338012696
2021-03-19 00:00:00-04:00,117.00466041109058,118.49771283246504,116.78997177230154,117.0924835205078,185549500,0.0,0.0,119.99856872558594,118.59138793945313
2021-03-22 00:00:00-04:00,117.42428020959488,120.87879739667784,117.3559708631763,120.41038513183594,111912300,0.0,0.0,119.8814697265625,119.27741241455078
2021-03-23 00:00:00-04:00,120.3518337330818,121.23985521691417,119.19056742444847,119.5809097290039,95467100,0.0,0.0,119.29010467529297,119.41891174316406
2021-03-24 00:00:00-04:00,119.8541505236829,119.9322204758505,117.17055734049536,117.19007110595705,88530500,0.0,0.0,118.37865905761718,119.42964706420898
2021-03-25 00:00:00-04:00,116.6533460379,118.7221549060971,116.1263850777415,117.67798614501952,98844700,0.0,0.0,118.39036712646484,119.29595489501953
2021-03-26 00:00:00-04:00,117.44380185449448,118.54651952158424,116.04833301675248,118.28303527832033,94071200,0.0,0.0,118.62847747802735,119.31352310180664
2021-03-29 00:00:00-04:00,118.71239516993988,119.61993781154604,117.81461313280424,118.45867156982422,80819200,0.0,0.0,118.238134765625,119.05980224609375
2021-03-30 00:00:00-04:00,117.2095666676002,117.49256459840896,115.98975185126532,117.004638671875,85671900,0.0,0.0,117.72288055419922,118.5064926147461
2021-03-31 00:00:00-04:00,118.71241420148334,120.537252936558,118.2244881319706,119.2003402709961,118323800,0.0,0.0,118.12493438720703,118.25179672241211
2021-04-01 00:00:00-04:00,120.67385099174044,121.1812907100269,119.5320985965673,120.02978515625,75089100,0.0,0.0,118.59529418945313,118.49283065795899
2021-04-05 00:00:00-04:00,120.87880081066228,123.1135029854138,120.09811616226364,122.85977935791016,88651200,0.0,0.0,119.5106430053711,119.06956024169922
2021-04-06 00:00:00-04:00,123.44526754172878,124.06005156938676,122.6157949010336,123.16226959228516,80171300,0.0,0.0,120.45136260986328,119.34474868774414
2021-04-07 00:00:00-04:00,122.7914492201614,124.83097616492763,122.11810901104752,124.81146240234376,83466700,0.0,0.0,122.01272735595703,119.86780395507813
2021-04-08 00:00:00-04:00,125.83608157641603,127.24131049441104,125.41647246662608,127.2120361328125,88844600,0.0,0.0,123.61506652832031,120.87000045776367
2021-04-09 00:00:00-04:00,126.66557653414618,129.8273270838628,126.34354362809763,129.78829956054688,106686700,0.0,0.0,125.56676940917968,122.0810317993164
2021-04-12 00:00:00-04:00,129.31992075985053,129.64195373047176,127.4755609392533,128.07083129882812,91420000,0.0,0.0,126.60897979736328,123.05981140136718
2021-04-13 00:00:00-04:00,129.24182587765023,131.4082182509909,128.74413188709045,131.1837615966797,91266500,0.0,0.0,128.2132781982422,124.33232040405274
2021-04-14 00:00:00-04:00,131.68149986798167,131.7400486182492,128.48070580389006,128.84176635742188,87222800,0.0,0.0,129.01933898925782,125.51603317260742
2021-04-15 00:00:00-04:00,130.58850307773702,131.7400011254066,130.41284199993794,131.2520751953125,89347100,0.0,0.0,129.8273468017578,126.72120666503906
2021-04-16 00:00:00-04:00,131.0569067496548,131.41796717012542,130.0615336909614,130.9202880859375,84922400,0.0,0.0,130.05374450683593,127.81025695800781
2021-04-19 00:00:00-04:00,130.2859624251534,132.19863841633452,130.12006941367238,131.58384704589844,94264200,0.0,0.0,130.75634765625,128.68266372680665
2021-04-20 00:00:00-04:00,131.7595258175455,132.25720491889302,128.6270347117328,129.89564514160156,94812300,0.0,0.0,130.49872436523438,129.3560012817383
2021-04-21 00:00:00-04:00,129.16378953467097,130.5202234103885,128.12938865121586,130.27626037597656,68847100,0.0,0.0,130.7856231689453,129.90248107910156
2021-04-22 00:00:00-04:00,129.8273190546684,130.91051516608923,128.23669071993334,128.75389099121094,84566500,0.0,0.0,130.285986328125,130.0566665649414
2021-04-23 00:00:00-04:00,128.96857263287026,131.85708551414197,128.96857263287026,131.076416015625,78657500,0.0,0.0,130.3172119140625,130.18547821044922
2021-04-26 00:00:00-04:00,131.57414120224303,131.79858301727063,130.33480485867753,131.466796875,66905100,0.0,0.0,130.2938018798828,130.52507476806642
2021-04-27 00:00:00-04:00,131.74976832594788,132.14011804581892,130.87150751429678,131.14474487304688,66015800,0.0,0.0,130.5436218261719,130.52117309570312
2021-04-28 00:00:00-04:00,131.0667075414383,131.7595691601595,129.86641349610298,130.35433959960938,107760100,0.0,0.0,130.55923767089843,130.67243041992188
2021-04-29 00:00:00-04:00,133.17450095202088,133.76001800843707,129.2515724107939,130.25669860839844,151101000,0.0,0.0,130.85979919433595,130.57289276123046
2021-04-30 00:00:00-04:00,128.59777209122348,130.33478741572688,127.90492552746106,128.28550720214844,109839500,0.0,0.0,130.30161743164064,130.30941467285157
2021-05-03 00:00:00-04:00,128.85149050777056,130.83248375117557,128.64656992797262,129.33941650390625,75135100,0.0,0.0,129.8761413574219,130.08497161865233
2021-05-04 00:00:00-04:00,128.0220375212291,128.31479612503944,123.64045629537988,124.76268768310548,137564700,0.0,0.0,128.5997299194336,129.57167587280273
2021-05-05 00:00:00-04:00,126.08008114657817,127.29989620196363,124.8797873013686,125.00665283203124,84000900,0.0,0.0,127.53019256591797,129.0447151184082
2021-05-06 00:00:00-04:00,124.8017308599431,126.61681645444044,124.06008114134522,126.60706329345705,78128300,0.0,0.0,126.80026550292969,128.8300323486328
2021-05-07 00:00:00-04:00,127.9071301715626,128.307897749906,126.567931949762,127.28152465820312,78973300,0.22,0.0,126.59946899414062,128.45054321289064
2021-05-10 00:00:00-04:00,126.49952288698726,126.62658899435064,123.9579919211375,123.9970932006836,88071200,0.0,0.0,125.5310043334961,127.70357284545898
2021-05-11 00:00:00-04:00,120.72243020113098,123.43012839060428,120.00884494360864,123.07823181152344,126142800,0.0,0.0,125.1941131591797,126.89692153930665
2021-05-12 00:00:00-04:00,120.62470125465065,121.8368112224308,119.50056358215276,120.00886535644533,112172300,0.0,0.0,124.1945556640625,125.86237411499023
2021-05-13 00:00:00-04:00,121.77814229209848,123.31283199690463,121.46533953245029,122.15937042236328,105861300,0.0,0.0,123.30501708984374,125.05264129638672
2021-05-14 00:00:00-04:00,123.41057162633793,125.0136865740081,123.01956634348548,124.58358001708984,81918000,0.0,0.0,122.76542816162109,124.68244857788086
2021-05-17 00:00:00-04:00,123.96776325099312,124.07528990021518,122.35487097046835,123.4301300048828,74244600,0.0,0.0,122.65203552246093,124.09151992797851
2021-05-18 00:00:00-04:00,123.71361668726954,124.13394612750436,121.97365073488564,122.04207611083984,63342900,0.0,0.0,122.44480438232422,123.81945877075195
2021-05-19 00:00:00-04:00,120.39007750331018,122.11048890947326,120.09682166067932,121.88566589355467,92612000,0.0,0.0,122.82016448974609,123.50736007690429
2021-05-20 00:00:00-04:00,122.41350997859374,124.84750638658277,122.28642897889054,124.44672393798828,76857100,0.0,0.0,123.27763519287109,123.29132614135742
2021-05-21 00:00:00-04:00,124.94526351797502,125.12121552562014,122.39396313602349,122.60901641845705,79295400,0.0,0.0,122.88272247314453,122.8240753173828
2021-05-24 00:00:00-04:00,123.17598843835246,125.06258229000034,123.1075630637458,124.24147033691406,63092900,0.0,0.0,123.04499053955078,122.84851303100587
2021-05-25 00:00:00-04:00,124.94526644040783,125.4340286577924,123.47900216167147,124.04595947265624,72009500,0.0,0.0,123.44576721191406,122.94528579711914
2021-05-26 00:00:00-04:00,124.1046198549837,124.52494928784591,123.57676376782136,123.9970932006836,56575900,0.0,0.0,123.86805267333985,123.34410858154297
2021-05-27 00:00:00-04:00,123.5963093673209,124.76931783925218,122.26689578830224,122.46239471435548,94625600,0.0,0.0,123.47118682861328,123.3744110107422
2021-05-28 00:00:00-04:00,122.74588055296678,122.9707110430963,121.74882403932074,121.8074722290039,71311100,0.0,0.0,123.31087799072266,123.0968002319336
2021-06-01 00:00:00-04:00,122.26690447420742,122.5308287889092,121.15254410936616,121.48489379882812,67637100,0.0,0.0,122.75956268310547,122.90227661132812
2021-06-02 00:00:00-04:00,121.4848962778378,122.42330463275812,121.26007323809792,122.24735260009766,59278900,0.0,0.0,122.39984130859375,122.92280426025391
2021-06-03 00:00:00-04:00,121.87588828071904,122.0420631106484,120.36074552880676,120.76152801513672,76229200,0.0,0.0,121.75272827148437,122.81039047241211
2021-06-04 00:00:00-04:00,121.27961809499506,123.32261707615766,121.0645647856299,123.05868530273438,75169300,0.0,0.0,121.87198638916016,122.67158660888671
2021-06-07 00:00:00-04:00,123.33238286431768,123.47901079400312,122.02252359682196,123.0684585571289,71057600,0.0,0.0,122.12418365478516,122.7175308227539
2021-06-08 00:00:00-04:00,123.75269090399608,125.5708664770332,123.37146282736404,123.88954162597656,74403800,0.0,0.0,122.60511322021485,122.68233795166016
2021-06-09 00:00:00-04:00,124.34900029049098,124.87685639052276,123.67451625303816,124.2707977294922,56877900,0.0,0.0,123.00980224609376,122.70482177734375
2021-06-10 00:00:00-04:00,124.16327258007072,125.30696453959546,123.10756782499628,123.27374267578124,71186400,0.0,0.0,123.51224517822266,122.63248672485352
2021-06-11 00:00:00-04:00,123.68426714960414,124.57380431183692,123.26393779583135,124.48582458496094,53522400,0.0,0.0,123.79767303466797,122.83482971191407
2021-06-14 00:00:00-04:00,124.9452691740398,127.60408885976288,124.2121370186317,127.54544067382812,96906500,0.0,0.0,124.69306945800781,123.40862655639648
2021-06-15 00:00:00-04:00,127.01761349970845,127.66277348498704,126.47998017864292,126.72435760498048,62746300,0.0,0.0,125.2600326538086,123.93257293701171
2021-06-16 00:00:00-04:00,127.4379002537882,127.94620933630256,125.57086856900956,127.22284698486328,91815000,0.0,0.0,125.8504425048828,124.43012237548828
2021-06-17 00:00:00-04:00,126.88073910539828,129.56889029442954,126.73410372753868,128.8259735107422,96721700,0.0,0.0,126.960888671875,125.23656692504883
2021-06-18 00:00:00-04:00,127.77027153665138,128.55226719332194,127.31084088477134,127.52589416503906,108953300,0.0,0.0,127.56890258789062,125.6832878112793
2021-06-21 00:00:00-04:00,127.36947465650124,129.4320200361711,126.30399301656992,129.32449340820312,79663300,0.0,0.0,127.92471313476562,126.30889129638672
2021-06-22 00:00:00-04:00,129.15833692853147,131.0644774987528,128.65979753012715,130.9667205810547,74783600,0.0,0.0,128.77318572998047,127.01660919189453
2021-06-23 00:00:00-04:00,130.76147177632404,131.29910507401638,130.2336082056393,130.6930389404297,60214200,0.0,0.0,129.46722412109375,127.65883331298828
2021-06-24 00:00:00-04:00,131.42616459271213,131.6118938058328,129.9403458033597,130.40956115722656,68711000,0.0,0.0,129.78394165039063,128.3724151611328
2021-06-25 00:00:00-04:00,130.45843681394894,130.87875877934593,129.82304662928087,130.11630249023438,70783700,0.0,0.0,130.3020233154297,128.93546295166016
2021-06-28 00:00:00-04:00,130.40956533844553,132.20817950576375,130.35091714623502,131.74874877929688,62111300,0.0,0.0,130.78687438964843,129.35579376220704
2021-06-29 00:00:00-04:00,131.76829700396732,133.42029061372372,131.32842066728736,133.26388549804688,64556100,0.0,0.0,131.24630737304688,130.00974655151367
2021-06-30 00:00:00-04:00,133.10748923684247,134.31960659055045,132.81423335434383,133.87973022460938,63261400,0.0,0.0,131.8836456298828,130.6754348754883
2021-07-01 00:00:00-04:00,133.5277792846948,134.2413569130277,132.70666011876276,134.18270874023438,52485800,0.0,0.0,132.63827514648438,131.2111083984375
2021-07-02 00:00:00-04:00,134.7985885048526,136.8513649452778,134.65196800865726,136.81227111816406,78852600,0.0,0.0,133.97746887207032,132.13974609375
2021-07-06 00:00:00-04:00,136.91972666079707,139.93044199985897,136.91972666079707,138.82586669921875,108181800,0.0,0.0,135.39289245605468,133.08988342285156
2021-07-07 00:00:00-04:00,140.3117698167729,141.63141419818325,139.45157121469416,141.31861877441406,104911600,0.0,0.0,137.00383911132812,134.1250732421875
2021-07-08 00:00:00-04:00,138.39579381995796,140.8200131513889,137.50625661436462,140.01846313476562,105575500,0.0,0.0,138.23158569335936,135.0576156616211
2021-07-09 00:00:00-04:00,139.53949700886304,142.37426891530228,139.44174008149082,141.84642028808594,99890800,0.0,0.0,139.7643280029297,136.20130157470703
2021-07-12 00:00:00-04:00,142.92166987013806,143.02919651124512,140.76136732266437,141.2501220703125,76299700,0.0,0.0,140.6518981933594,137.31468353271484
2021-07-13 00:00:00-04:00,140.79071085179643,144.1435766396761,140.39971296594135,142.364501953125,100827100,0.0,0.0,141.35962524414063,138.37625885009766
2021-07-14 00:00:00-04:00,144.76915921032543,146.20609933179037,144.35859210509756,145.7955322265625,127050800,0.0,0.0,142.2550079345703,139.62942352294922
2021-07-15 00:00:00-04:00,145.88354186128095,146.62644380694877,143.7818872173468,145.140625,106820300,0.0,0.0,143.2794403076172,140.7555130004883
2021-07-16 00:00:00-04:00,145.12107770714312,146.39182821899888,142.5991012200298,143.09762573242188,93251400,0.0,0.0,143.52968139648436,141.64700469970703
2021-07-19 00:00:00-04:00,140.5169964650382,140.82980667753233,138.48377483066196,139.24623107910156,121434600,0.0,0.0,143.1289031982422,141.8904006958008
2021-07-20 00:00:00-04:00,140.23353355980825,143.79166790162552,139.74477876057173,142.86302185058594,96350000,0.0,0.0,143.22860717773438,142.2941162109375
2021-07-21 00:00:00-04:00,142.2569638271825,142.8434755242887,141.3772111971352,142.1298828125,74993500,0.0,0.0,142.49547729492187,142.3752426147461
2021-07-22 00:00:00-04:00,142.6577390590944,144.86690516323114,142.5306580508827,143.49839782714844,77338200,0.0,0.0,142.16703186035156,142.72323608398438
2021-07-23 00:00:00-04:00,144.23153179548808,145.3752161371665,143.6156960285799,145.21881103515625,71447400,0.0,0.0,142.59126892089844,143.06047515869142
2021-07-26 00:00:00-04:00,144.9353216834007,146.4602339479517,144.37813417064035,145.63912963867188,72434100,0.0,0.0,143.8698486328125,143.49937591552734
2021-07-27 00:00:00-04:00,145.76619325815656,145.85418043778847,142.27649254477765,143.46905517578125,104818600,0.0,0.0,143.99105529785157,143.60983123779297
2021-07-28 00:00:00-04:00,141.55315500100113,143.66457920057397,139.33420415472008,141.71932983398438,118931200,0.0,0.0,143.90894470214843,143.20221099853515
2021-07-29 00:00:00-04:00,141.43587078750923,143.25403929640055,141.32834413155712,142.364501953125,56699500,0.0,0.0,143.68216552734376,142.92459869384766
2021-07-30 00:00:00-04:00,141.13283410460213,143.03897475076792,140.86890234879084,142.5795440673828,70440600,0.0,0.0,143.15431213378906,142.87279052734374
2021-08-02 00:00:00-04:00,143.0682814694833,143.64500845625085,141.9832454002648,142.24717712402344,62880000,0.0,0.0,142.47592163085938,143.17288513183593
2021-08-03 00:00:00-04:00,142.5306490113704,144.71049088545726,141.91481329138475,144.04579162597656,64786600,0.0,0.0,142.59126892089844,143.291162109375
2021-08-04 00:00:00-04:00,143.95786031802183,144.46615463203972,142.9901203277702,143.64505004882812,56368300,0.0,0.0,142.97641296386718,143.44267883300782
2021-08-05 00:00:00-04:00,143.67436091646556,144.51501979299104,142.8825805044523,143.7525634765625,46397700,0.0,0.0,143.2540252685547,143.4680953979492
2021-08-06 00:00:00-04:00,143.2728671370131,144.01688208379585,142.56800458197282,143.06727600097656,54126800,0.22,0.0,143.35157165527343,143.25294189453126
2021-08-09 00:00:00-04:00,143.12602882681142,143.61551593971976,142.46033352347743,143.01834106445312,48908700,0.0,0.0,143.50580444335938,142.99086303710936
2021-08-10 00:00:00-04:00,143.3610006082751,144.60430216687507,142.24497049035554,142.53866577148438,69023100,0.0,0.0,143.20437927246093,142.8978240966797
2021-08-11 00:00:00-04:00,142.97914403158916,143.6350547655628,142.47007341046165,142.7931365966797,48493500,0.0,0.0,143.03399658203125,143.0052047729492
2021-08-12 00:00:00-04:00,143.1162332344722,145.91609989817144,142.77358630713317,145.75946044921875,72282600,0.0,0.0,143.4353759765625,143.3447006225586
2021-08-13 00:00:00-04:00,145.83777070300374,146.29788971819715,145.15249183078768,145.9650421142578,59375000,0.0,0.0,144.01492919921876,143.6832504272461
2021-08-16 00:00:00-04:00,145.41679586878547,148.01108601151154,143.39032739407136,147.9425506591797,103296000,0.0,0.0,144.99977111816406,144.2527877807617
2021-08-17 00:00:00-04:00,147.07130266725517,148.4908123930511,145.95527257976488,147.0321502685547,92229700,0.0,0.0,145.89846801757812,144.55142364501953
2021-08-18 00:00:00-04:00,146.65031157772893,147.55096588599457,143.07704743235058,143.2826385498047,86326000,0.0,0.0,145.99636840820312,144.5151824951172
2021-08-19 00:00:00-04:00,141.9806088621801,144.88816305914702,141.4617537976131,143.61549377441406,86960300,0.0,0.0,145.56757507324218,144.50147552490233
2021-08-20 00:00:00-04:00,144.33995758675238,145.3776678425582,143.69383103345265,145.07418823242188,60549600,0.0,0.0,145.389404296875,144.70216674804686
2021-08-23 00:00:00-04:00,145.191637464402,147.03211343952145,144.78047016020776,146.5622100830078,60131800,0.0,0.0,145.11333618164062,145.05655364990236
2021-08-24 00:00:00-04:00,146.30771250686072,147.6880699149707,146.0140172165024,146.47413635253906,48606400,0.0,0.0,145.0017333984375,145.45010070800782
2021-08-25 00:00:00-04:00,146.66011006790075,147.15939642783155,144.69237747052765,145.2406005859375,58991300,0.0,0.0,145.39332580566406,145.6948471069336
2021-08-26 00:00:00-04:00,145.23081728174645,145.98461660195343,144.4084676646739,144.43783569335938,48597200,0.0,0.0,145.55779418945312,145.56268463134765
2021-08-27 00:00:00-04:00,144.37910942757367,145.62241083209685,143.7427821789538,145.47557067871094,55802400,0.0,0.0,145.63807067871093,145.51373748779298
2021-08-30 00:00:00-04:00,145.86712924689024,150.2627279823977,145.48532997591,149.90049743652344,90956700,0.0,0.0,146.30572814941405,145.70953216552735
2021-08-31 00:00:00-04:00,149.45018454491938,149.5872403166816,148.1089799162903,148.63763427734375,86453100,0.0,0.0,146.738427734375,145.87008056640624
2021-09-01 00:00:00-04:00,149.61665421161553,151.7214431242204,149.13695139440583,149.30337524414062,80313700,0.0,0.0,147.5509826660156,146.47215423583984
2021-09-02 00:00:00-04:00,150.63473278654652,151.46686670695442,149.1956397332981,150.4193572998047,71115500,0.0,0.0,148.74728698730468,147.1525405883789
2021-09-03 00:00:00-04:00,150.52704024294897,151.37875779988858,149.87112944077313,151.05569458007812,57808700,0.0,0.0,149.86331176757812,147.75069122314454
2021-09-07 00:00:00-04:00,151.7116554847735,153.953500162786,151.14384857194918,153.39549255371094,82278300,0.0,0.0,150.56231079101562,148.43401947021485
2021-09-08 00:00:00-04:00,153.67933999735516,153.73807604944514,150.74241788918883,151.84866333007812,74420200,0.0,0.0,151.2045166015625,148.97147216796876
2021-09-09 00:00:00-04:00,152.22067721794593,152.8276363360627,150.71304884732544,150.83053588867188,57305700,0.0,0.0,151.50994873046875,149.53046569824218
2021-09-10 00:00:00-04:00,151.74098100789337,152.21088437935384,145.573441372884,145.8377685546875,140893200,0.0,0.0,150.5936309814453,149.670458984375
2021-09-13 00:00:00-04:00,147.46288779538614,148.23627083685082,145.6224115283593,146.4055938720703,102404300,0.0,0.0,149.66361083984376,149.76346130371093
2021-09-14 00:00:00-04:00,147.1887688532645,147.8936314335505,143.8210954003336,145.00564575195312,109296300,0.0,0.0,147.9856414794922,149.27397613525392
2021-09-15 00:00:00-04:00,145.43636543039682,146.2978672735614,143.2924101221302,145.896484375,83281300,0.0,0.0,146.79520568847656,148.99986114501954
2021-09-16 00:00:00-04:00,145.31888239346944,145.83773734503637,144.12453308738378,145.66151428222656,68034100,0.0,0.0,145.7614013671875,148.63567504882812
2021-09-17 00:00:00-04:00,145.6909151277315,145.6909151277315,142.69524219582632,142.9889373779297,129868800,0.0,0.0,145.19163513183594,147.89263305664062
2021-09-20 00:00:00-04:00,140.77645799540764,141.79458433792297,138.29965507938874,139.93453979492188,123478900,0.0,0.0,143.89742431640624,146.780517578125
2021-09-21 00:00:00-04:00,140.9037785830911,141.55970457818128,139.77796399538977,140.41429138183594,75834000,0.0,0.0,142.97915344238282,145.4823974609375
2021-09-22 00:00:00-04:00,141.41281345310648,143.35117809396385,140.67858283814957,142.78338623046875,76404300,0.0,0.0,142.35653381347657,144.57586975097655
2021-09-23 00:00:00-04:00,143.56657471032472,143.9875414258644,142.57781604781135,143.7427978515625,64838200,0.0,0.0,141.97279052734376,143.86709594726562
2021-09-24 00:00:00-04:00,142.59736960568088,144.3693103193918,142.4994662214484,143.83087158203125,53477900,0.0,0.0,142.14117736816405,143.66640625
2021-09-27 00:00:00-04:00,142.41136468969736,142.8910673802959,140.7960633866369,142.31346130371094,74150700,0.0,0.0,142.61696166992186,143.25719299316407
2021-09-28 00:00:00-04:00,140.23803011414577,141.70649116246142,138.7108330139708,138.92620849609375,108972300,0.0,0.0,142.31934509277343,142.6492492675781
2021-09-29 00:00:00-04:00,139.47444250254287,141.41280705571026,139.04369150451467,139.82687377929688,74602000,0.0,0.0,141.72804260253906,142.04228820800782
2021-09-30 00:00:00-04:00,140.63942904371518,141.344291622089,138.30946580198176,138.52484130859375,89056700,0.0,0.0,140.6844512939453,141.32862091064453
2021-10-01 00:00:00-04:00,138.91643462464168,139.91499250291432,136.1851031474959,139.65066528320312,94639600,0.0,0.0,139.8484100341797,140.9947937011719
2021-10-04 00:00:00-04:00,138.7793542203645,139.2199044877396,135.3627443887481,136.21444702148438,98322000,0.0,0.0,138.62860717773438,140.62278442382814
2021-10-05 00:00:00-04:00,136.55710262635787,139.2492814021404,136.4298312131739,138.14303588867188,80861100,0.0,0.0,138.47197265625,140.39565887451172
2021-10-06 00:00:00-04:00,136.5375396085011,139.16118342378243,135.46066196016233,139.01434326171875,83221100,0.0,0.0,138.30946655273436,140.0187545776367
2021-10-07 00:00:00-04:00,140.05203130343006,141.18764483600611,139.71918369704164,140.27719116210938,61732700,0.0,0.0,138.6599365234375,139.6721939086914
2021-10-08 00:00:00-04:00,141.00163119861574,141.14847133090333,139.56253815036328,139.8953857421875,58773200,0.0,0.0,138.70888061523436,139.27864532470704
2021-10-11 00:00:00-04:00,139.27868768386213,141.7652760088396,138.8283529013419,139.8073272705078,64452200,0.0,0.0,139.42745666503907,139.0280319213867
2021-10-12 00:00:00-04:00,140.2184279834745,140.23801164416776,138.07447274522886,138.5345916748047,73035900,0.0,0.0,139.50576782226562,138.9888702392578
2021-10-13 00:00:00-04:00,138.27031362663757,138.4269381369984,136.2731980054475,137.94725036621094,78762700,0.0,0.0,139.29234924316407,138.80090789794923
2021-10-14 00:00:00-04:00,139.12201855652793,140.85480700337075,138.53462808500012,140.73731994628906,69907100,0.0,0.0,139.384375,139.02215576171875
2021-10-15 00:00:00-04:00,140.74712209396571,141.85335275996707,140.49257924677562,141.79461669921875,67940300,0.0,0.0,139.76422119140625,139.2365509033203
2021-10-18 00:00:00-04:00,140.4338327387145,143.75255436574946,140.14993682023066,143.46865844726562,85589200,0.0,0.0,140.49648742675782,139.96197204589845
2021-10-19 00:00:00-04:00,143.91899723333478,146.03358517080088,143.46867744948042,145.6322021484375,76378900,0.0,0.0,141.91600952148437,140.710888671875
2021-10-20 00:00:00-04:00,145.57346566160615,146.6013915952755,145.00565881312252,146.12168884277344,58418800,0.0,0.0,143.55089721679687,141.42162322998047
2021-10-21 00:00:00-04:00,145.68114050530517,146.4936908403183,144.76090241654427,146.33705139160156,61421000,0.0,0.0,144.67084350585938,142.0276092529297
2021-10-22 00:00:00-04:00,146.5426337568644,147.02232150012944,145.51470797593214,145.56365966796875,58883400,0.0,0.0,145.42465209960938,142.5944366455078
2021-10-25 00:00:00-04:00,145.553892389702,146.22938704972722,144.51618201724224,145.51473999023438,50720600,0.0,0.0,145.83386840820313,143.16517791748046
2021-10-26 00:00:00-04:00,146.19023480483978,147.66848062819486,145.87695585691787,146.18045043945312,60893400,0.0,0.0,145.94351806640626,143.9297637939453
2021-10-27 00:00:00-04:00,146.21957782913032,146.58179347999342,145.36787510933436,145.72030639648438,56094900,0.0,0.0,145.86324157714844,144.70706939697266
2021-10-28 00:00:00-04:00,146.669927174846,149.94948190193364,146.57202377608343,149.3621063232422,100077900,0.0,0.0,146.46825256347657,145.56954803466797
2021-10-29 00:00:00-04:00,144.12455951269104,146.7873700992779,143.3315929295454,146.6503143310547,124953200,0.0,0.0,146.68558349609376,146.05511779785155
2021-11-01 00:00:00-04:00,145.85735569869297,146.55241894044252,144.69237413631248,145.82798767089844,74588300,0.0,0.0,146.74823303222655,146.29105072021486
2021-11-02 00:00:00-04:00,145.53430194477542,148.3831203302802,145.5245026428988,146.86570739746094,69122000,0.0,0.0,146.88528442382812,146.41440124511718
2021-11-03 00:00:00-04:00,147.2279168080061,148.77469770489486,146.66990932924497,148.30479431152344,54511500,0.0,0.0,147.40218200683594,146.6327117919922
2021-11-04 00:00:00-04:00,148.39289360081148,149.22501261030823,147.4726555708135,147.7859344482422,60394600,0.0,0.0,147.08694763183593,146.77760009765626
2021-11-05 00:00:00-04:00,148.9134304172166,149.2173529931377,147.11929089896523,148.3153839111328,65463900,0.22,0.0,147.41996154785156,147.05277252197266
2021-11-08 00:00:00-05:00,148.44279798435025,148.5996660295044,147.21729443113375,147.49180603027344,55020900,0.0,0.0,147.75272521972656,147.25047912597657
2021-11-09 00:00:00-05:00,147.25649168138406,148.46238288844518,147.1192358932613,147.8545379638672,56787900,0.0,0.0,147.95049133300782,147.41788787841796
2021-11-10 00:00:00-05:00,147.08003104634736,147.18787595185904,144.9525587828528,145.02117919921875,65187100,0.0,0.0,147.29376831054688,147.3479751586914
2021-11-11 00:00:00-05:00,146.04080309791993,146.50157863651478,144.7858737902316,144.97215270996094,41000000,0.0,0.0,146.73101196289062,146.9089797973633
2021-11-12 00:00:00-05:00,145.5211876519379,147.45258246065882,144.5898079376244,147.05062866210938,63804000,0.0,0.0,146.47806091308593,146.94901123046876
2021-11-15 00:00:00-05:00,147.42318436184277,148.9036023660625,146.5016032105498,147.06044006347656,59222800,0.0,0.0,146.39178771972655,147.07225646972657
2021-11-16 00:00:00-05:00,147.001653331887,148.5212812334999,146.41340544746743,148.04087829589844,59256200,0.0,0.0,146.4290557861328,147.1897735595703
2021-11-17 00:00:00-05:00,148.0408318977374,151.96244333873707,148.03103325464866,150.48204040527344,88807000,0.0,0.0,147.52122802734374,147.40749816894532
2021-11-18 00:00:00-05:00,150.69776440432256,155.5605553164082,150.05069477948223,154.77622985839844,137827700,0.0,0.0,149.48204345703124,148.10652770996094
2021-11-19 00:00:00-05:00,154.56053914119423,157.8645076840942,153.46249248182252,157.40371704101562,117305600,0.0,0.0,151.5526611328125,149.0153610229492
2021-11-22 00:00:00-05:00,158.51154126985364,162.4527653050192,157.84487444666516,157.86448669433594,117467900,0.0,0.0,153.71347045898438,150.05262908935546
2021-11-23 00:00:00-05:00,157.96248573911777,158.62916738585517,155.94285847475925,158.24681091308594,96041900,0.0,0.0,155.75465698242186,151.09185638427735
2021-11-24 00:00:00-05:00,157.59978226969068,158.96254184147045,156.5115343411642,158.76646423339844,69463600,0.0,0.0,157.4115417480469,152.4663848876953
2021-11-26 00:00:00-05:00,156.4429214975391,157.30566600685046,153.2958211322195,153.73699951171875,76959800,0.0,0.0,157.20369567871094,153.3428695678711
2021-11-29 00:00:00-05:00,156.2467709377295,158.03111100301652,155.67813558592673,157.0997314453125,88748200,0.0,0.0,157.1428985595703,154.3477798461914
2021-11-30 00:00:00-05:00,156.85462642061606,162.27625191502943,156.78599105396808,162.06056213378906,174048100,0.0,0.0,157.98211364746095,155.84779205322266
2021-12-01 00:00:00-05:00,164.1978840178816,166.96262755361067,161.30569826962912,161.54100036621094,152052500,0.0,0.0,158.64095153808594,157.19780426025392
2021-12-02 00:00:00-05:00,155.62915443498412,160.98214564054786,154.70757335862984,160.55076599121094,136739200,0.0,0.0,158.99781188964843,158.20467681884764
2021-12-03 00:00:00-05:00,160.80568201972204,161.72726310588908,156.5899467105327,158.66839599609375,118023100,0.0,0.0,159.98409118652344,158.5938934326172
2021-12-06 00:00:00-05:00,161.0704170262947,164.59007548777717,161.06061838091264,162.0802459716797,107497000,0.0,0.0,160.98019409179688,159.0615463256836
2021-12-07 00:00:00-05:00,165.766556164705,168.2175638884088,165.04105249297368,167.8253936767578,120405400,0.0,0.0,162.13316040039064,160.0576370239258
2021-12-08 00:00:00-05:00,168.75677048688644,172.51171571219845,167.35478644015964,171.64895629882812,116998900,0.0,0.0,164.15475158691407,161.3978515625
2021-12-09 00:00:00-05:00,171.48224606243377,173.28618350547256,170.51164196874294,171.13909912109375,108923700,0.0,0.0,166.2724182128906,162.63511505126954
2021-12-10 00:00:00-05:00,171.776375163048,176.10975359233288,171.26656153614417,175.9332733154297,115402700,0.0,0.0,169.72539367675782,164.85474243164063
2021-12-13 00:00:00-05:00,177.57056250136455,178.5607789713786,172.09011406463858,172.29600524902344,153237000,0.0,0.0,171.76854553222657,166.3743698120117
2021-12-14 00:00:00-05:00,171.81561944442183,174.25682821034476,168.83520101609776,170.9136505126953,139380400,0.0,0.0,172.38619689941407,167.25967864990236
2021-12-15 00:00:00-05:00,171.67837896188755,175.98234775996642,168.93324742548972,175.78627014160156,131063300,0.0,0.0,173.21365966796876,168.6842056274414
2021-12-16 00:00:00-05:00,175.76664959457935,177.59019978284007,167.4038131560954,168.88421630859375,150185800,0.0,0.0,172.76268310546874,169.51755065917968
2021-12-17 00:00:00-05:00,166.59986915660923,170.07050404048465,166.36458201855805,167.78616333007812,195432700,0.0,0.0,171.13326110839844,170.42932739257813
2021-12-20 00:00:00-05:00,164.9821770913153,167.23710645635137,164.17825459824692,166.42337036132812,107499100,0.0,0.0,169.95873413085937,170.86363983154297
2021-12-21 00:00:00-05:00,168.19790026438204,169.80576024164466,165.8057150631417,169.59988403320312,91185900,0.0,0.0,169.69598083496095,171.0410888671875
2021-12-22 00:00:00-05:00,169.6489440301882,172.41368792335297,168.77638587889598,172.197998046875,92135300,0.0,0.0,168.97832641601562,171.0959930419922
2021-12-23 00:00:00-05:00,172.40381245799907,173.38421511068088,171.83517712427275,172.82537841796875,68356600,0.0,0.0,169.7665588378906,171.26462097167968
2021-12-27 00:00:00-05:00,173.61954034677024,176.88428369318993,173.599943060433,176.79605102539062,74919600,0.0,0.0,171.56853637695312,171.35089874267578
2021-12-28 00:00:00-05:00,176.62938891278105,177.77645850319618,175.03132740898585,175.77642822265625,79144300,0.0,0.0,173.43914794921875,171.69894104003907
2021-12-29 00:00:00-05:00,175.8156619193921,177.0901887398254,174.6489800212977,175.86468505859375,62348900,0.0,0.0,174.69210815429688,172.1940444946289
2021-12-30 00:00:00-05:00,175.95292543158308,177.03137470215592,174.5999645211849,174.7078094482422,59773000,0.0,0.0,175.1940704345703,172.08619842529296
2021-12-31 00:00:00-05:00,174.59994765921613,175.71760635907094,173.7862114626908,174.09014892578125,64062300,0.0,0.0,175.4470245361328,172.6067916870117
2022-01-03 00:00:00-05:00,174.34506836720536,179.2961065398854,174.22742479359923,178.44314575195312,104487900,0.0,0.0,175.7764434814453,173.67248992919923
2022-01-04 00:00:00-05:00,179.05099416209845,179.35491668068815,175.60977025994117,176.17840576171875,99310400,0.0,0.0,175.85683898925782,174.6479934692383
2022-01-05 00:00:00-05:00,176.09017287650624,176.639196130045,171.21756906170717,171.49208068847656,94537600,0.0,0.0,174.98231811523436,174.83721313476562
2022-01-06 00:00:00-05:00,169.3155667126804,171.86462006909193,168.27634210052742,168.62928771972656,96904000,0.0,0.0,173.76661376953126,174.48034210205077
2022-01-07 00:00:00-05:00,169.50186605484046,170.72736974687896,167.67831596269667,168.7959747314453,86709100,0.0,0.0,172.70777893066406,174.07740173339843
2022-01-10 00:00:00-05:00,165.76649860978034,169.1194742164662,164.8743285177746,168.8155517578125,106765600,0.0,0.0,170.78226013183593,173.27935180664062
2022-01-11 00:00:00-05:00,168.9430494474789,171.7469876214078,167.47244497092254,171.64895629882812,76138300,0.0,0.0,169.87637023925782,172.86660461425782
2022-01-12 00:00:00-05:00,172.66855252404713,173.70777719583765,171.39404073246158,172.09011840820312,74805200,0.0,0.0,169.99597778320313,172.48914794921876
2022-01-13 00:00:00-05:00,172.33519403667106,173.15872875555698,168.42338168232487,168.8155517578125,84505800,0.0,0.0,170.03323059082032,171.8999221801758
2022-01-14 00:00:00-05:00,167.9822217558743,170.37440711806423,167.7371210418755,169.67832946777344,80440800,0.0,0.0,170.20970153808594,171.458740234375
2022-01-18 00:00:00-05:00,168.14890807010434,169.1587219328493,166.0900708080933,166.47242736816406,90956700,0.0,0.0,169.74107666015624,170.26166839599608
2022-01-19 00:00:00-05:00,166.66850497918634,167.72734198246087,162.68807131265714,162.97238159179688,94815000,0.0,0.0,168.00576171875,168.9410659790039
2022-01-20 00:00:00-05:00,163.7076835662155,166.35476859042288,160.9625522612085,161.2860870361328,91420500,0.0,0.0,165.84495544433594,167.92046661376952
2022-01-21 00:00:00-05:00,161.19783827212862,163.0704113462842,159.1193889725066,159.22723388671875,122848900,0.0,0.0,163.9272918701172,166.98026123046876
2022-01-24 00:00:00-05:00,156.88409244537576,159.11941009139656,151.66834129815217,158.45272827148438,162294600,0.0,0.0,161.6821716308594,165.94593658447266
2022-01-25 00:00:00-05:00,155.86444788627315,159.5703696285005,153.942866591661,156.64877319335938,115798400,0.0,0.0,159.71744079589843,164.72925872802733
2022-01-26 00:00:00-05:00,160.29586403596446,161.16842196351905,154.72718309601152,156.56053161621094,108275300,0.0,0.0,158.43507080078126,163.2204162597656
2022-01-27 00:00:00-05:00,159.26649050154683,160.62925029685252,155.17821111562972,156.09979248046875,121954600,0.0,0.0,157.39781188964844,161.6213836669922
2022-01-28 00:00:00-05:00,162.46253357228963,167.01160137794,159.60955820268953,166.9919891357422,179935700,0.0,0.0,158.9507629394531,161.43902740478515
2022-01-31 00:00:00-05:00,166.8253561445004,171.57050245050323,166.18808530239932,171.3548126220703,115541600,0.0,0.0,161.53117980957032,161.60667572021484
2022-02-01 00:00:00-05:00,170.5999083862923,171.41364461299403,168.93322639800166,171.1881561279297,86213900,0.0,0.0,164.43905639648438,162.0782485961914
2022-02-02 00:00:00-05:00,171.32543772263608,172.4332979868797,169.93326714833051,172.39407348632812,84914300,0.0,0.0,167.60576477050782,163.02041778564453
2022-02-03 00:00:00-05:00,171.0606961129302,172.78621481447524,168.74694463929947,169.51165771484375,89418100,0.0,0.0,170.28813781738282,163.8429748535156
2022-02-04 00:00:00-05:00,168.53001022690663,170.9056212772609,167.54835821492657,169.22698974609375,82465400,0.22,0.0,170.73513793945312,164.84295043945312
2022-02-07 00:00:00-05:00,169.68837067678015,170.75836779564654,167.81341170266444,168.51039123535156,77251200,0.0,0.0,170.16625366210937,165.84871673583984
2022-02-08 00:00:00-05:00,168.57909567441112,172.1326861402394,168.28459707531294,171.62222290039062,74829200,0.0,0.0,170.25306701660156,167.34606170654297
2022-02-09 00:00:00-05:00,172.8197870442521,173.4087690846765,171.6908785871766,173.04556274414062,71285000,0.0,0.0,170.38336486816405,168.99456481933595
2022-02-10 00:00:00-05:00,170.94487045999796,172.26028048182204,168.40239549718422,168.96192932128906,90865900,0.0,0.0,170.27341918945314,170.28077850341796
2022-02-11 00:00:00-05:00,169.16812106483786,169.90436019586866,164.95682484720066,165.5458221435547,98670700,0.0,0.0,169.5371856689453,170.13616180419922
2022-02-14 00:00:00-05:00,164.2990984096048,166.46855602542965,163.50396264767951,165.78140258789062,86185500,0.0,0.0,168.99138793945312,169.57882080078124
2022-02-15 00:00:00-05:00,167.83304529637556,169.77671208150778,167.12625465108732,169.61964416503906,62527400,0.0,0.0,168.59087219238282,169.42196960449218
2022-02-16 00:00:00-05:00,168.69689508661867,170.1595469185717,166.92991856527323,169.38404846191406,61177400,0.0,0.0,167.8585693359375,169.12096710205077
2022-02-17 00:00:00-05:00,167.89194849865083,168.75580709374077,165.37892165346722,165.78140258789062,69589300,0.0,0.0,167.22246398925782,168.74794158935546
2022-02-18 00:00:00-05:00,166.70414435001902,167.4109199862711,163.14074291393072,164.23037719726562,82772700,0.0,0.0,166.959375,168.24828033447267
2022-02-22 00:00:00-05:00,161.95293260639133,163.6315640117695,159.17485582320555,161.3050537109375,91162800,0.0,0.0,166.06410522460936,167.52774658203126
2022-02-23 00:00:00-05:00,162.50264821161971,163.10145646710572,156.8188903266126,157.13302612304688,90009200,0.0,0.0,163.56678161621093,166.07882690429688
2022-02-24 00:00:00-05:00,149.78045618194105,159.86202589264877,149.2110962540396,159.75404357910156,141147500,0.0,0.0,161.64078063964843,164.74967498779296
2022-02-25 00:00:00-05:00,160.83386973446065,162.09038317154068,157.91836192123637,161.82534790039062,91974200,0.0,0.0,160.84956970214844,164.03601684570313
2022-02-28 00:00:00-05:00,160.06820716667184,162.38490698432935,159.4497614803728,162.0904083251953,95056600,0.0,0.0,160.42157592773438,163.6904754638672
2022-03-01 00:00:00-05:00,161.67807486426554,163.54322257611173,158.99816920673908,160.20559692382812,83474400,0.0,0.0,160.2016845703125,163.13289489746094
2022-03-02 00:00:00-05:00,161.37376901896334,164.2892766091773,159.96018776566925,163.5039520263672,79724800,0.0,0.0,161.47586975097656,162.52132568359374
2022-03-03 00:00:00-05:00,165.3789292736247,165.81085859107165,162.51250696008478,163.18002319335938,76678400,0.0,0.0,162.16106567382812,161.9009231567383
2022-03-04 00:00:00-05:00,161.4719659938963,162.51251486628342,159.1258179770991,160.17617797851562,83737200,0.0,0.0,161.83123168945312,161.34040069580078
2022-03-07 00:00:00-05:00,160.3627027706807,161.99224900519644,156.12195810912027,156.377197265625,96418800,0.0,0.0,160.68858947753907,160.55508270263672
2022-03-08 00:00:00-05:00,155.90596926887457,159.89147377341504,152.94137619759366,154.55128479003906,131148300,0.0,0.0,159.55772705078124,159.87970581054688
2022-03-09 00:00:00-05:00,158.51717530744355,160.41177163023045,156.4851632700245,159.960205078125,91454900,0.0,0.0,158.8489776611328,160.16242370605468
2022-03-10 00:00:00-05:00,157.26064889872916,157.447165177113,153.11807622105542,155.61148071289062,105342000,0.0,0.0,157.33526916503905,159.7481674194336
2022-03-11 00:00:00-05:00,156.0139261115159,156.357510261072,151.66521547258807,151.8909912109375,96970100,0.0,0.0,155.67823181152343,158.75473175048828
2022-03-14 00:00:00-04:00,148.67120306961968,151.2922123001873,147.34598176184335,147.85643005371094,108732100,0.0,0.0,153.9740783691406,157.33133392333986
2022-03-15 00:00:00-04:00,148.1312907310734,152.7156190595178,147.6208424416319,152.24441528320312,92964300,0.0,0.0,153.51270446777343,156.53521575927735
2022-03-16 00:00:00-04:00,154.1684452970025,157.06431562049127,151.62597028281274,156.66183471679688,102300200,0.0,0.0,152.8530303955078,155.85100402832032
2022-03-17 00:00:00-04:00,155.69984300954386,158.04599097202535,154.73782812813226,157.67295837402344,75615400,0.0,0.0,153.26532592773438,155.30029754638673
2022-03-18 00:00:00-04:00,157.56496442177837,161.46212424049523,156.82872538769567,160.97129821777344,123511700,0.0,0.0,155.08138732910157,155.3798095703125
2022-03-21 00:00:00-04:00,160.50991215775952,163.2978152048177,160.0190861607253,162.34561157226562,95811400,0.0,0.0,157.9792236328125,155.97665100097657
2022-03-22 00:00:00-04:00,162.4732078859342,166.31147058252574,161.88422570672876,165.7224884033203,81532000,0.0,0.0,160.67483825683593,157.0937713623047
2022-03-23 00:00:00-04:00,164.90773681905242,169.4724129582103,164.57396373096856,167.08700561523438,98062700,0.0,0.0,162.75987243652344,157.80645141601562
2022-03-24 00:00:00-04:00,167.921362759599,170.94485224956935,167.0869676759046,170.8761444091797,90131400,0.0,0.0,165.4005096435547,159.33291778564453
2022-03-25 00:00:00-04:00,170.6896220047724,172.0639285511804,169.58035066307437,171.5142059326172,80546200,0.0,0.0,167.50909118652345,161.2952392578125
2022-03-28 00:00:00-04:00,169.01103833923784,172.5057173789197,168.8441592815926,172.37811279296875,90371900,0.0,0.0,169.51559143066407,163.74740753173828
2022-03-29 00:00:00-04:00,173.4480832850724,175.7255079917634,173.10449911531725,175.6764373779297,100589400,0.0,0.0,171.50638122558593,166.09060974121093
2022-03-30 00:00:00-04:00,175.27395758161924,176.31450624555694,173.45789549385026,174.50827026367188,92633200,0.0,0.0,172.99063415527343,167.87525329589843
2022-03-31 00:00:00-04:00,174.57696610798493,174.76348236111616,171.20008125648198,171.40623474121094,103049300,0.0,0.0,173.09665222167968,169.2485809326172
2022-04-01 00:00:00-04:00,170.83689401317795,171.67130419323556,168.78524495629924,171.11175537109375,78751300,0.0,0.0,173.016162109375,170.26262664794922
2022-04-04 00:00:00-04:00,171.3669966643139,175.21507070313862,171.2393771112145,175.16598510742188,76468400,0.0,0.0,173.57373657226563,171.54466400146484
2022-04-05 00:00:00-04:00,174.2432406248137,175.02856526846452,171.21975048299214,171.84800720214844,73401800,0.0,0.0,172.80805053710938,172.15721588134767
2022-04-06 00:00:00-04:00,169.19753570311426,170.44423791053993,167.00845598396842,168.67726135253906,89058800,0.0,0.0,171.6418487548828,172.3162414550781
2022-04-07 00:00:00-04:00,168.01955265843017,170.1791839693951,166.73359099058004,168.9815673828125,77594700,0.0,0.0,171.15691528320312,172.1267837524414
2022-04-08 00:00:00-04:00,168.62818685521674,168.62818685521674,166.0955227852114,166.9691925048828,76575500,0.0,0.0,170.32840270996093,171.67228240966796
2022-04-11 00:00:00-04:00,165.61451299486157,165.928633841103,162.46340353204835,162.7088165283203,72246700,0.0,0.0,167.83696899414062,170.70535278320312
2022-04-12 00:00:00-04:00,164.93718134727845,166.75322864931675,163.58249672741923,164.5837860107422,79265200,0.0,0.0,166.38412475585938,169.59608764648436
2022-04-13 00:00:00-04:00,164.3187163524491,167.90173991390134,163.71009694763094,167.2734832763672,70618900,0.0,0.0,166.103369140625,168.87260894775392
2022-04-14 00:00:00-04:00,167.48942323341504,168.12750588274585,162.011804460288,162.25721740722656,75329400,0.0,0.0,164.7584991455078,167.95770721435548
2022-04-18 00:00:00-04:00,160.91238158332047,163.5432165286054,160.56881239721503,162.04129028320312,69023900,0.0,0.0,163.77291870117188,167.0506607055664
2022-04-19 00:00:00-04:00,161.99218535509698,164.74081340994962,160.90255125037683,164.32850646972656,67723800,0.0,0.0,164.09685668945312,165.96691284179687
2022-04-20 00:00:00-04:00,165.66359329680822,165.7814017275046,163.05241024771163,164.1616668701172,67929800,0.0,0.0,164.01243286132814,165.19827880859376
2022-04-21 00:00:00-04:00,165.81083486701775,168.38275818896258,162.865879009956,163.36651611328125,87227800,0.0,0.0,163.23103942871094,164.66720428466797
2022-04-22 00:00:00-04:00,163.40578453855588,164.78990235630212,158.53678444420197,158.8214569091797,84882400,0.0,0.0,162.54388732910155,163.65119323730468
2022-04-25 00:00:00-04:00,158.1637473249091,160.1761366901005,155.5525646879934,159.89146423339844,96046400,0.0,0.0,162.11392211914062,162.94342041015625
2022-04-26 00:00:00-04:00,159.27301921605053,159.36136429126918,153.84448546049006,153.9230194091797,95623200,0.0,0.0,160.03282470703124,162.0648406982422
2022-04-27 00:00:00-04:00,153.04938688433683,156.85818695569935,152.52911245475866,153.69728088378906,88063200,0.0,0.0,157.93994750976563,160.97619018554687
2022-04-28 00:00:00-04:00,156.3280759248776,161.5013859909982,156.01394010524191,160.6375274658203,130216800,0.0,0.0,157.39414978027344,160.31259460449218
2022-04-29 00:00:00-04:00,158.87055528620192,163.15055858383272,154.36477622377623,154.75743103027344,131747600,0.0,0.0,156.5813446044922,159.56261596679687
2022-05-02 00:00:00-04:00,153.83468735250372,155.326787567421,150.45780216717014,155.06175231933594,123055300,0.0,0.0,155.6154022216797,158.86466217041016
2022-05-03 00:00:00-04:00,155.24826451156082,157.76130632227486,153.4518544553603,156.55386352539062,88966500,0.0,0.0,156.14157104492188,158.08719787597656
2022-05-04 00:00:00-04:00,156.7403511160265,163.4253979042394,156.33787025741282,162.97384643554688,108256500,0.0,0.0,157.99688415527345,157.96841583251953
2022-05-05 00:00:00-04:00,160.84371492154636,161.06949072780478,152.10700157369598,153.89361572265625,130525300,0.0,0.0,156.64810180664062,157.02112579345703
2022-05-06 00:00:00-04:00,153.3725141927135,156.74453495515866,151.5734500834341,154.6210479736328,116124600,0.23,0.0,156.6208251953125,156.60108489990233
2022-05-09 00:00:00-04:00,152.31079472594658,153.19558860822082,148.92896288962842,149.48931884765625,131577900,0.0,0.0,155.50633850097657,155.5608703613281
2022-05-10 00:00:00-04:00,152.89085370033473,154.0902301343912,150.3446276636097,151.89791870117188,115366700,0.0,0.0,154.5751495361328,155.35836029052734
2022-05-11 00:00:00-04:00,150.90500752836363,152.8220388257889,143.3450083341386,144.02334594726562,142689800,0.0,0.0,150.78504943847656,154.390966796875
2022-05-12 00:00:00-04:00,140.3563740008872,143.7283801675573,136.45348852465227,140.14991760253906,182602000,0.0,0.0,148.03630981445312,152.3422058105469
2022-05-13 00:00:00-04:00,142.1456142936274,145.59628520412005,140.6906387962122,144.62301635742188,113990900,0.0,0.0,146.03670349121094,151.32876434326172
2022-05-16 00:00:00-04:00,143.08938461134267,145.02608166695018,141.7425351609862,143.0795440673828,86643800,0.0,0.0,144.75474853515624,150.13054351806642
2022-05-17 00:00:00-04:00,146.3434146138869,147.23803400578663,144.20026129048028,146.7169952392578,78336300,0.0,0.0,143.71856384277345,149.14685668945313
2022-05-18 00:00:00-04:00,144.36741964547258,144.86879239266452,137.53490151723796,138.43936157226562,109742900,0.0,0.0,142.60176696777344,146.693408203125
2022-05-19 00:00:00-04:00,137.51522710531395,139.26513365262397,134.29067919785544,135.0279998779297,136095600,0.0,0.0,141.57738342285157,144.80684661865234
2022-05-20 00:00:00-04:00,136.73858804203445,138.3213705282133,130.36814092411527,135.26394653320312,137426100,0.0,0.0,139.7055694580078,142.8711364746094
2022-05-23 00:00:00-04:00,135.46055909436765,140.83808619870993,135.32292649026942,140.6906280517578,117726300,0.0,0.0,139.2277862548828,141.99126739501952
2022-05-24 00:00:00-04:00,138.42951103300464,139.5699040628069,135.0083469444269,137.98712158203125,104132700,0.0,0.0,137.4818115234375,140.60018768310547
2022-05-25 00:00:00-04:00,136.08973078213927,139.39292808535322,136.00125589921703,138.1444091796875,92482700,0.0,0.0,137.42282104492188,140.01229400634764
2022-05-26 00:00:00-04:00,135.06730275229472,141.89980399769817,134.82152921828146,141.34927368164062,90601500,0.0,0.0,138.68707580566405,140.13222961425782
2022-05-27 00:00:00-04:00,142.93207874444667,147.1495466635664,142.80427168601537,147.1102294921875,90978500,0.0,0.0,141.05633239746095,140.38095092773438
2022-05-31 00:00:00-04:00,146.5498987721629,148.11301536783856,144.3575873194881,146.3237762451172,103718400,0.0,0.0,142.1829620361328,140.70537414550782
2022-06-01 00:00:00-04:00,147.36585369453903,149.17475890329976,145.18338279118626,146.19598388671875,74286600,0.0,0.0,143.82473449707032,140.6532730102539
2022-06-02 00:00:00-04:00,145.3308530297889,148.71270030734948,144.37725022184313,148.65371704101562,72348100,0.0,0.0,145.92659606933594,141.6747085571289
2022-06-03 00:00:00-04:00,144.4165490295479,145.46846714813478,142.01781149904664,142.92225646972656,88570300,0.0,0.0,146.24119262695314,142.4641342163086
2022-06-06 00:00:00-04:00,144.54432571599315,146.0582990450465,142.45033046254792,143.66937255859375,71598400,0.0,0.0,145.5530212402344,143.30467681884767
2022-06-07 00:00:00-04:00,141.9096914369881,146.48107468002564,141.66391782175316,146.19598388671875,67808200,0.0,0.0,145.5274627685547,143.85521240234374
2022-06-08 00:00:00-04:00,146.06816238698744,147.3363475160415,144.96710149969525,145.45864868164062,53950200,0.0,0.0,145.37999572753907,144.60236511230468
2022-06-09 00:00:00-04:00,144.5935022148915,145.4487894010345,140.12042043523653,140.2285614013672,69473000,0.0,0.0,143.69496459960936,144.81078033447267
2022-06-10 00:00:00-04:00,137.9084627463307,138.38034379484614,134.7428980025847,134.8117218017578,91437900,0.0,0.0,142.07285766601564,144.1570251464844
2022-06-13 00:00:00-04:00,130.6237359424125,132.91434748083088,129.2179182819536,129.65048217773438,122207100,0.0,0.0,139.26907958984376,142.41105041503906
2022-06-14 00:00:00-04:00,130.87931897306603,131.62646506958663,129.25720474921692,130.51556396484375,84784300,0.0,0.0,136.13299560546875,140.83022918701172
2022-06-15 00:00:00-04:00,132.0197453538818,135.0181863871141,129.9257644034857,133.14047241210938,91533000,0.0,0.0,133.6693603515625,139.5246780395508
2022-06-16 00:00:00-04:00,129.84710666597098,130.15186352165608,126.85849136974434,127.86125183105467,108123900,0.0,0.0,131.1958984375,137.4454315185547
2022-06-17 00:00:00-04:00,127.87109072638007,130.8301993524765,127.61547659200777,129.3358917236328,134520300,0.0,0.0,130.100732421875,136.0867950439453
2022-06-21 00:00:00-04:00,131.1644503344464,134.74291327638406,131.06614989697803,133.57302856445312,81000500,0.0,0.0,130.88524169921874,135.07716064453126
2022-06-22 00:00:00-04:00,132.5112679712454,135.4310591073431,131.64615522779903,133.0618133544922,73409200,0.0,0.0,131.39449157714844,133.76374359130858
2022-06-23 00:00:00-04:00,134.5069807437755,136.24704700188127,133.33709602733944,135.93246459960938,72433800,0.0,0.0,131.95289001464843,132.81112518310547
2022-06-24 00:00:00-04:00,137.53489628676303,139.51092556990343,137.4071042192977,139.26515197753906,89116800,0.0,0.0,134.23367004394532,132.71478424072265
2022-06-27 00:00:00-04:00,140.28756352140977,141.06421647374572,138.5868144624807,139.26515197753906,70207900,0.0,0.0,136.21952209472656,133.16012725830078
2022-06-28 00:00:00-04:00,139.72718457219997,140.99536950005523,134.99850383222812,135.11647033691406,67083400,0.0,0.0,136.52821044921876,133.70672607421875
2022-06-29 00:00:00-04:00,135.13616958742787,138.29189436889533,134.35951657209444,136.87623596191406,66242400,0.0,0.0,137.2910949707031,134.3427932739258
2022-06-30 00:00:00-04:00,134.92968437677243,136.03074512479165,131.50852062340732,134.4086456298828,98964500,0.0,0.0,136.9863311767578,134.46961059570313
2022-07-01 00:00:00-04:00,133.74011176646206,136.68939400036734,133.36654621739518,136.5812530517578,71051600,0.0,0.0,136.44955139160157,135.34161071777345
2022-07-05 00:00:00-04:00,135.44091845782265,139.2159973193288,134.61510776869383,139.16683959960938,73353800,0.0,0.0,136.4298889160156,136.3247055053711
2022-07-06 00:00:00-04:00,138.96039485817002,141.68355545577728,138.69495517869038,140.50384521484375,74064300,0.0,0.0,137.50736389160156,137.01778717041014
2022-07-07 00:00:00-04:00,140.86755844211166,144.07245506921953,140.85773290060996,143.87583923339844,66253700,0.0,0.0,138.90728454589845,138.09918975830078
2022-07-08 00:00:00-04:00,142.80426217519934,145.0555563580384,142.5486630761882,144.55416870117188,64547800,0.0,0.0,140.93638916015624,138.96136016845702
2022-07-11 00:00:00-04:00,143.20734636825597,144.1609490492264,141.34929872199135,142.42086791992188,63141600,0.0,0.0,142.10431213378905,139.2769317626953
2022-07-12 00:00:00-04:00,143.29580384328963,145.940329616537,142.59781536832085,143.3941192626953,77588800,0.0,0.0,142.94976806640625,139.68982849121093
2022-07-13 00:00:00-04:00,140.57265975093034,143.97415763799123,139.7173575069719,143.0303955078125,71185600,0.0,0.0,143.455078125,140.4812210083008
2022-07-14 00:00:00-04:00,141.64422349086814,146.4318877608006,140.82825345087886,145.9600067138672,78140700,0.0,0.0,143.87191162109374,141.38959808349608
2022-07-15 00:00:00-04:00,147.24784996064128,148.30959351033036,145.6945593046606,147.63125610351562,76259900,0.0,0.0,144.4873291015625,142.71185913085938
2022-07-18 00:00:00-04:00,148.19166459198905,149.0076347954927,144.21995456531678,144.58370971679688,81420900,0.0,0.0,144.9198974609375,143.5121047973633
2022-07-19 00:00:00-04:00,145.41934779149,148.67338843589545,144.42642767064655,148.44728088378906,82982400,0.0,0.0,145.93052978515624,144.44014892578124
2022-07-20 00:00:00-04:00,148.5652193610668,151.12127077444447,147.8278985688421,150.4527587890625,64823400,0.0,0.0,147.41500244140624,145.43504028320314
2022-07-21 00:00:00-04:00,151.88808810670997,152.9400063380094,149.37136878805202,152.72372436523438,65086600,0.0,0.0,148.7677459716797,146.31982879638673
2022-07-22 00:00:00-04:00,152.76302623024424,153.63797957756256,150.8165036712,151.48500061035156,66675400,0.0,0.0,149.5384948730469,147.01291198730468
2022-07-25 00:00:00-04:00,151.40636601369852,152.41895206482627,149.70561686969222,150.36428833007812,53623900,0.0,0.0,150.69461059570312,147.8072540283203
2022-07-26 00:00:00-04:00,149.68590959456228,150.50187953761252,148.25060053874955,149.03707885742188,55138700,0.0,0.0,150.81257019042968,148.37154998779297
2022-07-27 00:00:00-04:00,150.00050995604346,154.6702072541214,149.58761220557574,154.1393280029297,78620700,0.0,0.0,151.5498840332031,149.4824432373047
2022-07-28 00:00:00-04:00,154.32612531182656,154.97497109241723,151.79958098557822,154.68988037109375,81378700,0.0,0.0,151.943115234375,150.35543060302734
2022-07-29 00:00:00-04:00,158.51414571337114,160.8637407183258,156.80355606508954,159.76266479492188,101786900,0.0,0.0,153.59864807128906,151.56857147216797
2022-08-01 00:00:00-04:00,158.28800912044616,160.82439423501998,158.17004260375904,158.77955627441406,67829400,0.0,0.0,155.28170166015624,152.9881561279297
2022-08-02 00:00:00-04:00,157.39340627106276,159.66435174491758,156.931350741657,157.30491638183594,59907000,0.0,0.0,156.93526916503907,153.87391967773436
2022-08-03 00:00:00-04:00,158.12087978749662,163.77367187577843,158.0324049028353,163.3214569091797,82507500,0.0,0.0,158.77169494628907,155.1607894897461
2022-08-04 00:00:00-04:00,163.20349759569137,164.36355679986545,161.65020662786893,163.0068817138672,55474100,0.0,0.0,160.43509521484376,156.18910522460936
2022-08-05 00:00:00-04:00,160.673712879285,163.27268651132164,160.46696968304354,162.78045654296875,56697000,0.23,0.0,161.0386535644531,157.3186508178711
2022-08-08 00:00:00-04:00,163.78455083623797,165.2021751674924,161.64827515043405,162.307861328125,60276900,0.0,0.0,161.74431457519532,158.51300811767578
2022-08-09 00:00:00-04:00,161.4711391937065,163.24317026155526,160.7131007604691,162.35714721679688,63135500,0.0,0.0,162.7547607421875,159.8450149536133
2022-08-10 00:00:00-04:00,165.07421541409994,166.7084223205678,164.30633795620102,166.6099853515625,70170500,0.0,0.0,163.41246643066407,161.09208068847656
2022-08-11 00:00:00-04:00,167.41722179567384,168.33277716959444,165.5762868798472,165.8716278076172,57149200,0.0,0.0,163.98541564941405,162.21025543212892
2022-08-12 00:00:00-04:00,167.18095491681882,169.49442621891984,166.7674686201632,169.42552185058594,68039400,0.0,0.0,165.3144287109375,163.17654113769532
2022-08-15 00:00:00-04:00,168.85458034142326,170.69551570107745,168.6872239470608,170.49862670898438,54091700,0.0,0.0,166.95258178710938,164.34844818115235
2022-08-16 00:00:00-04:00,170.09496475942944,171.01052019393777,168.99237457923107,170.34107971191406,56377100,0.0,0.0,168.54936828613282,165.65206451416014
2022-08-17 00:00:00-04:00,170.08511101015677,173.412574668192,169.88822206935535,171.8374481201172,79542000,0.0,0.0,169.59486083984376,166.5036636352539
2022-08-18 00:00:00-04:00,171.049901871482,172.18202470973495,170.42968734841074,171.4436798095703,62290100,0.0,0.0,170.7092712402344,167.34734344482422
2022-08-19 00:00:00-04:00,170.34109754225454,171.04007069000778,168.64782529018512,168.8545684814453,70346300,0.0,0.0,170.59508056640624,167.9547546386719
2022-08-22 00:00:00-04:00,167.0530078857762,167.22036427123675,164.54263206053483,164.96595764160156,69026800,0.0,0.0,169.4885467529297,168.22056427001954
2022-08-23 00:00:00-04:00,164.4835626089626,166.0882370598649,164.06023703885776,164.6312255859375,54147100,0.0,0.0,168.34657592773436,168.4479721069336
2022-08-24 00:00:00-04:00,164.71980081006782,165.49751734746278,163.66642174244024,164.92652893066406,53841500,0.0,0.0,166.96439208984376,168.27962646484374
2022-08-25 00:00:00-04:00,166.15713573322356,167.49600175790545,165.73382519932846,167.38771057128906,51218200,0.0,0.0,166.1531982421875,168.43123474121094
2022-08-26 00:00:00-04:00,167.91934018438116,168.3918767523516,161.01826634968077,161.07733154296875,78961000,0.0,0.0,164.59775085449218,167.5964157104492
2022-08-29 00:00:00-04:00,158.64569477233294,160.36849946589015,157.33637642429446,158.87213134765625,73314000,0.0,0.0,163.3789855957031,166.43376617431642
2022-08-30 00:00:00-04:00,159.6104987851323,160.03380935929164,155.26902673828752,156.44053649902344,77906200,0.0,0.0,161.7408477783203,165.04371185302733
2022-08-31 00:00:00-04:00,157.8187409544185,158.08454929439134,154.6980053329991,154.77676391601562,87991100,0.0,0.0,159.7108947753906,163.3376434326172
2022-09-01 00:00:00-04:00,154.20580050146393,155.95813794862076,152.2664132669702,155.5052947998047,74229900,0.0,0.0,157.33441162109375,161.74380493164062
2022-09-02 00:00:00-04:00,157.26744570942157,157.86796676025835,152.56172928679763,153.388671875,76957800,0.0,0.0,155.7966796875,160.19721527099608
2022-09-06 00:00:00-04:00,154.03842495785003,154.64878522236114,151.30162793601315,152.12857055664062,73714800,0.0,0.0,154.44796752929688,158.9134765625
2022-09-07 00:00:00-04:00,152.4141083835251,154.23535041800068,151.22290514293917,153.53639221191406,87449600,0.0,0.0,153.867138671875,157.80399322509766
2022-09-08 00:00:00-04:00,152.23685741248187,153.93012940950055,150.30730966413597,152.05966186523438,84923800,0.0,0.0,153.32371826171874,156.51730651855468
2022-09-09 00:00:00-04:00,153.05398588476703,155.36747271934937,152.34517353637017,154.92445373535156,68028800,0.0,0.0,153.20755004882812,155.27098083496094
2022-09-12 00:00:00-04:00,157.10995164172124,161.7073775664421,156.82446488060694,160.89027404785156,104956000,0.0,0.0,154.70787048339844,155.2522750854492
2022-09-13 00:00:00-04:00,157.41511914732905,158.04517283101427,150.98659772699438,151.4492950439453,122656600,0.0,0.0,154.57201538085937,154.50999145507814
2022-09-14 00:00:00-04:00,152.38454574724284,154.65866080063967,151.22289024182777,152.89646911621094,87965400,0.0,0.0,154.44403076171875,154.15558471679688
2022-09-15 00:00:00-04:00,152.24670339235885,152.82754609590185,149.02753063381346,150.00213623046875,90481100,0.0,0.0,154.03252563476562,153.6781219482422
2022-09-16 00:00:00-04:00,148.86017738849526,148.99800116372188,146.06430005699622,148.35809326171875,162278800,0.0,0.0,152.71925354003906,152.9634017944336
2022-09-19 00:00:00-04:00,146.98971983579415,152.15813482310995,146.78299164843529,152.07937622070312,81474200,0.0,0.0,150.9570739746094,152.8324722290039
2022-09-20 00:00:00-04:00,151.0161367015711,155.6234166633189,150.7011173572486,154.4617462158203,107689800,0.0,0.0,151.55956420898437,153.06578979492187
2022-09-21 00:00:00-04:00,154.8949011643533,156.27315389590652,151.21303113007994,151.33116149902344,101696800,0.0,0.0,151.2465026855469,152.84526672363282
2022-09-22 00:00:00-04:00,150.01200313979504,152.06952070873675,148.5648458969192,150.3664093017578,86652500,0.0,0.0,151.3193572998047,152.67594146728516
2022-09-23 00:00:00-04:00,148.84048424162157,149.11613179254852,146.25135007934554,148.09228515625,96029900,0.0,0.0,151.26619567871094,151.992724609375
2022-09-26 00:00:00-04:00,147.33425102063256,151.38038122778957,147.31455761940225,148.427001953125,93339400,0.0,0.0,150.5357208251953,150.74639739990235
2022-09-27 00:00:00-04:00,150.3664080888261,152.315634453065,147.619756600354,149.40162658691406,84442700,0.0,0.0,149.52369689941406,150.54163055419923
2022-09-28 00:00:00-04:00,145.34566573388943,148.29904557000611,142.58917488251384,147.511474609375,146691400,0.0,0.0,148.75975952148437,150.0031311035156
2022-09-29 00:00:00-04:00,143.82960922766318,144.439969608928,138.4938229117654,140.26585388183594,128138200,0.0,0.0,146.7396484375,149.02950286865234
2022-09-30 00:00:00-04:00,139.0844755504192,140.87619954797051,135.85544869618502,136.05233764648438,124925300,0.0,0.0,144.33165893554687,147.7989273071289
2022-10-03 00:00:00-04:00,136.0621976067289,140.84667290730152,135.55027429699052,140.23629760742188,114311700,0.0,0.0,142.69351806640626,146.61461944580077
2022-10-04 00:00:00-04:00,142.77621059568105,143.9477202186119,142.01817230643195,143.82958984375,87830100,0.0,0.0,141.57911071777343,145.55140380859376
2022-10-05 00:00:00-04:00,141.83114535247526,145.0897052260287,140.7876052377075,144.1249237060547,79471000,0.0,0.0,140.90180053710938,144.83078002929688
2022-10-06 00:00:00-04:00,143.54409774342406,145.24720918960443,142.9632699990137,143.1699981689453,68402200,0.0,0.0,141.48262939453124,144.11113891601562
2022-10-07 00:00:00-04:00,140.32490279514894,140.8762129387206,137.28292541213156,137.91297912597656,85925600,0.0,0.0,141.8547576904297,143.09320831298828
2022-10-10 00:00:00-04:00,138.2378387451172,139.6849958050268,136.41659718830158,138.2378387451172,74899000,0.0,0.0,141.45506591796874,142.0742919921875
2022-10-11 00:00:00-04:00,137.7259068150969,139.15338540565426,136.07202171996315,136.82020568847656,77033700,0.0,0.0,140.05318908691407,140.81614990234374
2022-10-12 00:00:00-04:00,136.9679019716922,138.17878336551573,136.01297472776957,136.19017028808594,70433700,0.0,0.0,138.46623840332032,139.68401947021485
2022-10-13 00:00:00-04:00,132.89224973345455,141.35859601492572,132.28187436958524,140.76792907714844,113224000,0.0,0.0,137.98582458496094,139.7342269897461
2022-10-14 00:00:00-04:00,142.06740859428484,142.27415178693437,136.04251869325435,136.2295684814453,88598000,0.0,0.0,137.64914245605468,139.7519500732422
2022-10-17 00:00:00-04:00,138.8777422312096,140.6792903298468,138.090171437718,140.19691467285156,85250900,0.0,0.0,138.04095764160155,139.74801177978514
2022-10-18 00:00:00-04:00,143.22909439068937,144.42028260835326,138.42492466357902,141.51612854003906,99136600,0.0,0.0,138.98014221191406,139.51666564941405
2022-10-19 00:00:00-04:00,139.488128680181,142.69746261645687,139.30107889163023,141.62440490722656,61758300,0.0,0.0,140.06698913574218,139.26661376953126
2022-10-20 00:00:00-04:00,140.7974520498777,143.6228470143876,140.43319169039492,141.1616973876953,64522000,0.0,0.0,140.14574279785157,139.06578369140624
2022-10-21 00:00:00-04:00,140.6497673856839,145.5523880250328,140.43318502707822,144.9813995361328,86548600,0.0,0.0,141.89610900878907,139.7726257324219
2022-10-24 00:00:00-04:00,144.90262887759332,147.89537982279583,143.73111940500422,147.12750244140625,75981900,0.0,0.0,143.2822265625,140.66159210205078
2022-10-25 00:00:00-04:00,147.7575758033074,150.12028846465364,147.03892431633474,149.9726104736328,74732300,0.0,0.0,144.97352294921876,141.9768325805664
2022-10-26 00:00:00-04:00,148.61407962000084,149.62807215966112,145.73944336708044,147.0290985107422,88194300,0.0,0.0,146.05446166992186,143.06072540283202
2022-10-27 00:00:00-04:00,145.76899295091448,146.73375950209572,141.89021831932843,142.5498046875,109180200,0.0,0.0,146.33208312988282,143.2389129638672
2022-10-28 00:00:00-04:00,145.89692843507157,155.05240689410368,145.52284395380414,153.31976318359375,164762400,0.0,0.0,147.999755859375,144.94793243408202
2022-10-31 00:00:00-04:00,150.77988145527678,151.84309994681692,149.55914577499016,150.9570770263672,97943200,0.0,0.0,148.7656707763672,146.0239486694336
2022-11-01 00:00:00-04:00,152.6700490040681,153.03429437423398,146.8125153766711,148.3088836669922,80379300,0.0,0.0,148.43292541503905,146.7032241821289
2022-11-02 00:00:00-04:00,146.63529551052576,149.80525751264736,142.7466820050657,142.77621459960938,93604600,0.0,0.0,147.5823486328125,146.8184051513672
2022-11-03 00:00:00-04:00,139.8523927758634,140.5808986231452,136.5938324027318,136.72181701660156,97918500,0.0,0.0,146.4167510986328,146.37441711425782
2022-11-04 00:00:00-04:00,140.11396333862294,140.68589913556306,132.51119405211378,136.45556640625,140814800,0.23,0.0,143.04391174316407,145.52183380126954
2022-11-07 00:00:00-05:00,135.20322625521413,137.21484956931474,133.78324977627878,136.98805236816406,83374600,0.0,0.0,140.25010681152344,144.5078887939453
2022-11-08 00:00:00-05:00,138.4573305983891,139.4631346891898,135.57794065978277,137.5599822998047,89908500,0.0,0.0,138.10032653808594,143.2666259765625
2022-11-09 00:00:00-05:00,136.57389221888846,136.62319988243638,132.71826464687123,132.99436950683594,74917800,0.0,0.0,136.14395751953126,141.86315307617187
2022-11-10 00:00:00-05:00,139.27577571396307,144.8274688720703,137.5599685390709,144.8274688720703,118854000,0.0,0.0,137.765087890625,142.0909194946289
2022-11-11 00:00:00-05:00,143.79207283535823,147.9237894166263,142.3622261036816,147.61810302734375,93979700,0.0,0.0,139.99759521484376,141.5207534790039
2022-11-14 00:00:00-05:00,146.898256219997,148.19003547375948,145.37966477232854,146.2178497314453,73374100,0.0,0.0,141.8435546875,141.0468307495117
2022-11-15 00:00:00-05:00,150.1030594439155,151.45400187502815,146.49395589081533,147.953369140625,89868300,0.0,0.0,143.92223205566407,141.011279296875
2022-11-16 00:00:00-05:00,147.05603190661645,147.78573098764542,145.24160962263343,146.7207489013672,64218300,0.0,0.0,146.66750793457032,141.40573272705078
2022-11-17 00:00:00-05:00,144.39358466739876,149.3733571163338,144.11747984279026,148.62393188476562,80389400,0.0,0.0,147.4268005371094,142.5959442138672
2022-11-18 00:00:00-05:00,150.1918083587428,150.57638399086812,147.88435456599078,149.1859893798828,74829600,0.0,0.0,147.7403778076172,143.86898651123047
2022-11-21 00:00:00-05:00,148.07172328326632,148.27879437989566,145.66565404043791,145.9516143798828,58724100,0.0,0.0,147.6871307373047,144.76534271240234
2022-11-22 00:00:00-05:00,146.06995217218372,148.32809838668408,144.8866286056601,148.0914306640625,51804100,0.0,0.0,147.7147430419922,145.81848754882813
2022-11-23 00:00:00-05:00,147.3716047055876,149.71851100166924,147.2631338671993,148.96908569335938,58301400,0.0,0.0,148.16441040039064,147.41595916748048
2022-11-25 00:00:00-05:00,146.2474322409697,146.80951240345237,145.07397930940053,146.0502166748047,35195900,0.0,0.0,147.64966735839843,147.5382339477539
2022-11-28 00:00:00-05:00,143.12152865000314,144.6006680593858,141.3860104930978,142.21432495117188,69246000,0.0,0.0,146.25533447265624,146.99785614013672
2022-11-29 00:00:00-05:00,142.28334655275705,142.79611910491008,138.39815293017466,139.2067413330078,83763800,0.0,0.0,144.90635986328124,146.29674530029297
2022-11-30 00:00:00-05:00,139.4335280851677,146.6517352342591,138.595358159877,145.97132873535156,111380900,0.0,0.0,144.48233947753906,146.09854125976562
2022-12-01 00:00:00-05:00,146.14883626075934,147.05603992895004,144.57108159207246,146.2474365234375,71250400,0.0,0.0,143.9380096435547,146.05121002197265
2022-12-02 00:00:00-05:00,143.93014669455255,145.94176987503505,143.62444521311474,145.75440979003906,65447400,0.0,0.0,143.87884826660155,145.7642578125
2022-12-05 00:00:00-05:00,145.71498109956457,148.82116833526126,143.74279490633833,144.59083557128906,68826400,0.0,0.0,144.354150390625,145.30474243164062
2022-12-06 00:00:00-05:00,145.02469664926164,145.25149381357704,139.94630895435972,140.92254638671875,64727200,0.0,0.0,144.6973114013672,144.8018356323242
2022-12-07 00:00:00-05:00,140.21255080814953,141.37613319907325,138.05300496587287,138.9799346923828,69721100,0.0,0.0,143.29903259277344,143.89068603515625
2022-12-08 00:00:00-05:00,140.38022307533845,141.52409475387847,139.1377511085993,140.6661834716797,62128300,0.0,0.0,142.1827819824219,143.06039581298828
2022-12-09 00:00:00-05:00,140.36048819280174,143.54557973820909,138.94051172185388,140.18299865722656,76097000,0.0,0.0,141.06849975585936,142.47367401123046
2022-12-12 00:00:00-05:00,140.71546075742316,142.4904310742392,139.09826892356506,142.48057556152344,70462700,0.0,0.0,140.64644775390624,142.50029907226562
2022-12-13 00:00:00-05:00,147.42088296434414,147.88434781351052,142.2340399236394,143.44692993164062,93886200,0.0,0.0,141.1513244628906,142.9243179321289
2022-12-14 00:00:00-05:00,143.3286067000526,144.62038597056736,139.19687510886934,141.21836853027344,82291200,0.0,0.0,141.59901123046876,142.4490219116211
2022-12-15 00:00:00-05:00,139.14757356682156,139.827980094081,134.1382196907759,134.6016845703125,98931900,0.0,0.0,140.3861114501953,141.2844467163086
2022-12-16 00:00:00-05:00,134.7890645018001,135.73570542541242,131.87022238639204,132.63937377929688,160156900,0.0,0.0,138.87738647460938,139.9729431152344
2022-12-19 00:00:00-05:00,133.23101376151752,133.31975851229708,129.49372825060226,130.52911376953125,79592600,0.0,0.0,136.48709411621093,138.5667709350586
2022-12-20 00:00:00-05:00,129.5627349310346,131.3968681768677,128.08359570202674,130.4600830078125,77432800,0.0,0.0,133.8897247314453,137.52052459716796
2022-12-21 00:00:00-05:00,131.1306634032082,134.90740198854184,130.90386619083728,133.56631469726562,85928000,0.0,0.0,132.35931396484375,136.97916259765626
2022-12-22 00:00:00-05:00,132.48157930219233,132.68865037286486,128.4879002839557,130.39105224609375,77852100,0.0,0.0,131.5171875,135.95164947509767
2022-12-23 00:00:00-05:00,129.09928483618836,130.5784242340089,127.83708708710822,130.02621459960938,63814900,0.0,0.0,130.9945556640625,134.93597106933595
2022-12-27 00:00:00-05:00,129.55289592303325,129.58247750765514,126.92988507827395,128.22166442871094,69007800,0.0,0.0,130.53306579589844,133.51007995605468
2022-12-28 00:00:00-05:00,127.86666196867824,129.2077488876003,124.11951353793032,124.28714752197266,85438400,0.0,0.0,129.29847869873046,131.5941017150879
2022-12-29 00:00:00-05:00,126.2100370570361,128.6654064445158,125.95365830174214,127.80751037597656,75703700,0.0,0.0,128.14671783447267,130.2530158996582
2022-12-30 00:00:00-05:00,126.62419645842128,128.14277294659772,125.657822079017,128.123046875,77034200,0.0,0.0,127.6931167602539,129.60515213012695
2023-01-03 00:00:00-05:00,128.4681939201586,129.07956676089162,122.44316513126005,123.33065032958984,112117500,0.0,0.0,126.35400390625,128.67427978515624
2023-01-04 00:00:00-05:00,125.12534263515172,126.87073149260826,123.3405166774151,124.60271453857422,89113600,0.0,0.0,125.63021392822266,128.08163986206054
2023-01-05 00:00:00-05:00,125.36200610905166,125.9931050560214,123.02497040718632,123.2813491821289,80962700,0.0,0.0,125.4290542602539,127.36376647949218
2023-01-06 00:00:00-05:00,124.25759364277924,128.47806338393755,123.15316666234692,127.8173828125,87754700,0.0,0.0,125.4310287475586,126.78887329101562
2023-01-09 00:00:00-05:00,128.6555533163335,131.55466910779157,128.08361757784448,128.33999633789062,70790800,0.0,0.0,125.47441864013672,126.58376770019531
2023-01-10 00:00:00-05:00,128.4484917902968,129.43458496707456,126.33825299385596,128.91195678710938,63896200,0.0,0.0,126.59067993164062,126.47234191894532
2023-01-11 00:00:00-05:00,129.42467643515656,131.65324068500396,128.64566976510943,131.63352966308594,69458900,0.0,0.0,127.99684295654296,126.81352844238282
2023-01-12 00:00:00-05:00,132.01813716022232,132.39284227281698,129.6120678053339,131.55467224121094,71379600,0.0,0.0,129.65150756835936,127.54028091430663
2023-01-13 00:00:00-05:00,130.19384999657817,133.04365799858422,129.82900042275443,132.88587951660156,57809700,0.0,0.0,130.6652069091797,128.04811782836913
2023-01-17 00:00:00-05:00,132.95489015736672,135.38066994863155,132.26462822678656,134.04945373535156,63646600,0.0,0.0,131.80709838867188,128.6407585144043
2023-01-18 00:00:00-05:00,134.91726132660978,136.682361304903,133.15214630173037,133.32965087890625,69672800,0.0,0.0,132.69063720703124,129.64065856933593
2023-01-19 00:00:00-05:00,132.21535608370812,134.3551761664197,131.90966964997585,133.38880920410156,58280400,0.0,0.0,133.04169311523438,130.51926803588867
2023-01-20 00:00:00-05:00,133.3986444948596,136.1005444209002,132.35338844252215,135.95262145996094,80223600,0.0,0.0,133.92128295898436,131.78639526367186
2023-01-23 00:00:00-05:00,136.19918940943845,141.32688614093584,135.98224769941717,139.14761352539062,81760300,0.0,0.0,135.1736297607422,132.91941833496094
2023-01-24 00:00:00-05:00,138.35869358432294,141.16906439218428,138.34883807200805,140.54782104492188,66435100,0.0,0.0,136.47330322265626,134.14020080566405
2023-01-25 00:00:00-05:00,138.93061947978296,140.44919583129123,136.87954456914778,139.8871307373047,65799300,0.0,0.0,137.78479919433593,135.2377182006836
2023-01-26 00:00:00-05:00,141.17892492583348,142.24390711048304,139.9265826744515,141.95794677734375,54105100,0.0,0.0,139.49862670898438,136.27015991210936
2023-01-27 00:00:00-05:00,141.16907645645273,145.18246711281154,141.09018721144076,143.90054321289062,70555800,0.0,0.0,141.0882110595703,137.50474700927734
2023-01-30 00:00:00-05:00,142.94404030165967,143.5258315295515,140.863383580403,141.01129150390625,64015300,0.0,0.0,141.46094665527343,138.31728820800782
2023-01-31 00:00:00-05:00,140.71547141700836,142.3326633733732,140.30131415280843,142.28335571289062,65874500,0.0,0.0,141.80805358886718,139.14067840576172
2023-02-01 00:00:00-05:00,141.96779872652098,144.57108343034756,139.35465851027638,143.40748596191406,77663600,0.0,0.0,142.51212463378906,140.1484619140625
2023-02-02 00:00:00-05:00,146.82925275349945,149.07754375931228,146.10940902226113,148.72256469726562,118339000,0.0,0.0,143.86504821777345,141.6818374633789
2023-02-03 00:00:00-05:00,145.97134140477755,155.19131670929613,145.774125819744,152.3513641357422,154357300,0.0,0.0,145.55521240234376,143.32171173095702
2023-02-06 00:00:00-05:00,150.4482332133508,150.97086135861267,148.6831181180358,149.61990356445312,69858300,0.0,0.0,147.2769348144531,144.3689407348633
2023-02-07 00:00:00-05:00,148.54505515759217,153.07121860652774,148.54505515759217,152.49928283691406,83322600,0.0,0.0,149.32012023925782,145.5640869140625
2023-02-08 00:00:00-05:00,151.7399535645781,152.43021546379302,149.06763565534052,149.8072052001953,64120100,0.0,0.0,150.60006408691407,146.55609436035155
2023-02-09 00:00:00-05:00,151.64136936063508,152.1837234806971,148.32809651858278,148.77183532714844,56007100,0.0,0.0,150.60991821289062,147.23748321533202
2023-02-10 00:00:00-05:00,147.60648709847575,149.46316214008027,147.3694580195322,149.1372528076172,57450700,0.23,0.0,149.96709594726562,147.7611541748047
2023-02-13 00:00:00-05:00,149.07800220373113,152.3469510828992,149.0483754519819,151.94204711914062,62199000,0.0,0.0,150.43152465820313,148.85422973632814
2023-02-14 00:00:00-05:00,150.23350151506878,151.86304832604316,148.98913264360064,151.30010986328125,61707600,0.0,0.0,150.19169006347656,149.7559051513672
2023-02-15 00:00:00-05:00,151.21121650909475,153.57157647071767,150.98407305919312,153.4036865234375,65573800,0.0,0.0,150.910986328125,150.75552520751953
2023-02-16 00:00:00-05:00,151.6062554560653,154.39129073768956,151.44825113314346,151.8037872314453,68167900,0.0,0.0,151.5173767089844,151.0636474609375
2023-02-17 00:00:00-05:00,150.46064065840176,151.10257366904202,148.97924287733272,150.6581573486328,59144100,0.0,0.0,151.8215576171875,150.89432678222656
2023-02-21 00:00:00-05:00,148.33731221810694,149.4236767462983,146.56951728902385,146.63864135742188,58867200,0.0,0.0,150.76087646484376,150.59620056152343
2023-02-22 00:00:00-05:00,147.0237810788301,148.09038924690807,145.33499611487431,147.06329345703125,51011300,0.0,0.0,149.91351318359375,150.05260162353517
2023-02-23 00:00:00-05:00,148.22864074401951,148.4755403448602,145.41399433616917,147.5471954345703,48394200,0.0,0.0,148.74221496582032,149.82660064697265
2023-02-24 00:00:00-05:00,145.28561258669828,145.36462227322275,143.91285130614398,144.8905792236328,55469600,0.0,0.0,147.3595733642578,149.4384750366211
2023-02-27 00:00:00-05:00,145.8781840387877,147.32006943922315,145.6213987790375,146.0855712890625,44998500,0.0,0.0,146.44505615234374,149.13330688476563
2023-02-28 00:00:00-05:00,145.2263730908277,147.2311969873109,145.0091001993268,145.5819091796875,50547000,0.0,0.0,146.23370971679688,148.4972930908203
2023-03-01 00:00:00-05:00,145.00908849876785,145.40412186804485,143.2116520085762,143.5079345703125,55479000,0.0,0.0,145.52263793945312,147.71807556152345
2023-03-02 00:00:00-05:00,142.58948505088003,144.8905915062189,142.11542689154663,144.1005096435547,52238100,0.0,0.0,144.83330078125,146.78775787353516
2023-03-03 00:00:00-05:00,146.20405783477426,149.23599210077845,145.50287142253356,149.156982421875,70732300,0.0,0.0,145.68658142089845,146.52307739257813
2023-03-06 00:00:00-05:00,151.88277460629178,154.36165661510182,151.55688034550414,151.9222869873047,87558000,0.0,0.0,146.8539245605469,146.6494903564453
2023-03-07 00:00:00-05:00,151.79388801539042,152.11979733212814,149.25576768015293,149.71994018554688,56182000,0.0,0.0,147.68153076171876,146.9576202392578
2023-03-08 00:00:00-05:00,150.91492862836495,151.56674727343432,149.9470862905562,150.97418212890625,47204800,0.0,0.0,149.1747802734375,147.3487091064453
2023-03-09 00:00:00-05:00,151.65564226284476,152.62348469471294,148.36693703717327,148.72247314453125,53833600,0.0,0.0,150.09917297363282,147.46623687744142
2023-03-10 00:00:00-05:00,148.3472018339828,149.06814463866203,145.77943928176788,146.6584014892578,68572400,0.0,0.0,149.59945678710938,147.6430191040039
2023-03-13 00:00:00-04:00,145.97692732623966,151.24082897559975,145.86829089184172,148.60394287109375,84457100,0.0,0.0,148.9357879638672,147.89485626220704
2023-03-14 00:00:00-04:00,149.40392576424304,151.49763012479718,148.2385665656885,150.6976776123047,73695900,0.0,0.0,149.13133544921874,148.40643310546875
2023-03-15 00:00:00-04:00,149.31503194180715,151.34948260848185,148.06077752387876,151.09271240234375,77167900,0.0,0.0,149.15504150390626,149.16491088867187
2023-03-16 00:00:00-04:00,150.27301025301884,154.51968735037045,149.7594547490333,153.91725158691406,76161100,0.0,0.0,150.19399719238282,150.1465850830078
2023-03-17 00:00:00-04:00,154.1443976469308,154.79621636647911,152.36671707978053,153.07778930664062,98944600,0.0,0.0,151.47787475585938,150.53866577148438
2023-03-20 00:00:00-04:00,153.14692183341302,155.86281797805782,152.23831786199295,155.44801330566406,73641400,0.0,0.0,152.84668884277343,150.8912384033203
2023-03-21 00:00:00-04:00,155.36903302560913,157.42322503802845,154.59869218400178,157.30471801757812,73938300,0.0,0.0,154.16809692382813,151.64971618652345
2023-03-22 00:00:00-04:00,157.32445173541882,160.12922799549253,155.85292447362312,155.8726806640625,75701800,0.0,0.0,155.12409057617188,152.13956604003906
2023-03-23 00:00:00-04:00,156.86029458739586,159.54656410725272,155.72454710395584,156.95904541015625,67622100,0.0,0.0,155.73244934082032,152.96322326660157
2023-03-24 00:00:00-04:00,156.88990343786057,158.35154504613158,155.8924343453171,158.26266479492188,59196500,0.0,0.0,156.76942443847656,154.12364959716797
2023-03-27 00:00:00-04:00,157.95651005912973,158.77621864094067,155.9121738846932,156.3170928955078,52390300,0.0,0.0,156.9432403564453,154.89496459960938
2023-03-28 00:00:00-04:00,156.0109239824416,156.5244793815335,154.045597696947,155.69488525390625,45992200,0.0,0.0,156.62127380371095,155.39468536376953
2023-03-29 00:00:00-04:00,157.3935676619232,159.0527409732352,157.37382654206215,158.77621459960938,51305700,0.0,0.0,157.2019805908203,156.16303558349608
2023-03-30 00:00:00-04:00,159.5267880006936,160.45513302219786,159.27001781009866,160.34649658203125,49501700,0.0,0.0,157.8794708251953,156.80596008300782
2023-03-31 00:00:00-04:00,160.42549668949934,162.95374634284104,159.9020707098414,162.85498046875,68749800,0.0,0.0,158.79793395996094,157.78367919921874
2023-04-03 00:00:00-04:00,162.23280658606208,164.22774466628186,162.18342364813336,164.10923767089844,56976200,0.0,0.0,160.35636291503906,158.6498016357422
2023-04-04 00:00:00-04:00,164.5339454319251,164.77095946962157,163.06241797980005,163.5759735107422,46278300,0.0,0.0,161.93258056640624,159.27692718505858
2023-04-05 00:00:00-04:00,162.6969833628771,163.0031364887197,159.7934413430479,161.7291259765625,51511700,0.0,0.0,162.52316284179688,159.8625717163086
2023-04-06 00:00:00-04:00,160.41562533913125,162.9142635361202,159.9909651957649,162.61798095703125,45390100,0.0,0.0,162.9774597167969,160.4284652709961
2023-04-10 00:00:00-04:00,159.41814841731895,160.0205841064453,158.09477004106023,160.0205841064453,47716900,0.0,0.0,162.41058044433595,160.60425720214843
2023-04-11 00:00:00-04:00,160.33662790848967,160.34649846878187,158.51943515436048,158.80584716796875,47644200,0.0,0.0,161.34990234375,160.85313262939454
2023-04-12 00:00:00-04:00,159.22062264903255,160.05020172687142,157.798478475848,158.11451721191406,50133100,0.0,0.0,160.2576110839844,161.0950958251953
2023-04-13 00:00:00-04:00,159.62556544083142,163.74384976611952,159.4181631056541,163.50682067871094,68445600,0.0,0.0,160.61315002441407,161.56815643310546
2023-04-14 00:00:00-04:00,162.54887238387545,164.25742904768416,161.78843220704118,163.16119384765625,49386500,0.0,0.0,160.72179260253907,161.84962615966796
2023-04-17 00:00:00-04:00,163.04262975965267,163.33891231813308,161.99577777997115,163.18089294433594,41516200,0.0,0.0,161.35385437011718,161.88221740722656
2023-04-18 00:00:00-04:00,164.04012619342146,165.33387789076258,163.5956947875371,164.40553283691406,49923000,0.0,0.0,162.47379150390626,161.91184692382814
2023-04-19 00:00:00-04:00,163.74384033117565,166.0745734796078,163.4870550672227,165.5511474609375,47720200,0.0,0.0,163.96111755371095,162.10936431884767
2023-04-20 00:00:00-04:00,164.03022972696172,165.78815383509277,163.50680373238094,164.58328247070312,52456400,0.0,0.0,164.17640991210936,162.39477996826173
2023-04-21 00:00:00-04:00,163.00313749199609,164.38576938158798,162.45008473615934,162.9735107421875,58337300,0.0,0.0,164.1388732910156,162.43033294677736
2023-04-24 00:00:00-04:00,162.95376899838274,163.54633418620037,161.85753394961128,163.27967834472656,41949600,0.0,0.0,164.15863037109375,162.75624237060546
2023-04-25 00:00:00-04:00,163.1414017604714,164.2475072794641,161.69950129216383,161.739013671875,48714100,0.0,0.0,163.62532653808594,163.0495590209961
2023-04-26 00:00:00-04:00,161.03781003602157,163.23027992570658,160.78103984940847,161.7291259765625,45498800,0.0,0.0,162.86092224121094,163.41101989746093
2023-04-27 00:00:00-04:00,163.14141866066578,166.46962119212645,163.14141866066578,166.3214874267578,64902300,0.0,0.0,163.20856323242188,163.69248657226564
2023-04-28 00:00:00-04:00,166.40048449959994,167.74361912541863,165.79804878354395,167.57571411132812,55275900,0.0,0.0,164.12900390625,164.13393859863282
2023-05-01 00:00:00-04:00,167.180693761707,168.33618234272492,166.54863124552048,167.48684692382812,52472900,0.0,0.0,164.9704376220703,164.56453399658204
2023-05-02 00:00:00-04:00,167.98064044655123,168.2374257243008,165.46226102978648,166.44985961914062,48425700,0.0,0.0,165.91260681152343,164.7689666748047
2023-05-03 00:00:00-04:00,167.3979472668269,168.80033534118735,165.08697037258037,165.3733673095703,65136000,0.0,0.0,166.641455078125,164.75118865966797
2023-05-04 00:00:00-04:00,162.84513031273676,164.96846124572582,162.27232132426357,163.7339630126953,81235400,0.0,0.0,166.1239501953125,164.6662567138672
2023-05-05 00:00:00-04:00,168.85960390825258,172.13843848392673,168.64233101133158,171.41749572753906,113453200,0.0,0.0,166.89230651855468,165.51065521240236
2023-05-08 00:00:00-04:00,170.34098818753938,171.6940084046762,169.97558155808977,171.3483428955078,55962800,0.0,0.0,167.66460571289062,166.31752166748046
2023-05-09 00:00:00-04:00,170.90392591816433,171.38783954566773,169.47191108630196,169.63980102539062,45326900,0.0,0.0,168.30259399414064,167.10760040283202
2023-05-10 00:00:00-04:00,170.87431142683658,171.87178057282452,169.76819076413835,171.40760803222656,53724500,0.0,0.0,169.5094421386719,168.07544860839843
2023-05-11 00:00:00-04:00,171.6940265101682,172.4248398461332,170.0348529885771,171.5952606201172,49514700,0.0,0.0,171.08170166015626,168.6028259277344
2023-05-12 00:00:00-04:00,171.70403494878815,172.13918180226997,169.11295243629542,170.66563415527344,45533100,0.24,0.0,170.93132934570312,168.9118179321289
2023-05-15 00:00:00-04:00,171.2490949935239,171.29854623618587,169.57774258819362,170.17112731933594,37266700,0.0,0.0,170.69588623046874,169.18024597167968
2023-05-16 00:00:00-04:00,170.0920083491569,171.229311478379,169.90410268128184,170.17112731933594,42110300,0.0,0.0,170.80215148925782,169.55237274169923
2023-05-17 00:00:00-04:00,169.8151510049388,171.02167416751467,168.5393779731515,170.78433227539062,57951600,0.0,0.0,170.67749633789063,170.09346923828124
2023-05-18 00:00:00-04:00,171.0908902546592,173.30617657836305,170.6755268984154,173.11827087402344,65496700,0.0,0.0,170.9820983886719,171.03190002441406
2023-05-19 00:00:00-04:00,174.44347306887536,174.44347306887536,173.00947735219142,173.22705078125,55809500,0.0,0.0,171.4943817138672,171.21285552978514
2023-05-22 00:00:00-04:00,172.0600450039918,172.781999977239,171.5358950094103,172.27761840820312,43570900,0.0,0.0,171.91567993164062,171.3057830810547
2023-05-23 00:00:00-04:00,171.2194449613945,171.46668610985583,169.3898544266195,169.66676330566406,50747300,0.0,0.0,171.81480712890624,171.30847930908203
2023-05-24 00:00:00-04:00,169.20194113871565,170.51726580029353,168.6382391925545,169.94366455078125,45143500,0.0,0.0,171.64667358398438,171.1620849609375
2023-05-25 00:00:00-04:00,170.50740757419857,171.98095531956056,169.79535178285977,171.0810089111328,56058300,0.0,0.0,171.23922119140624,171.11065979003905
2023-05-26 00:00:00-04:00,171.40734829469508,173.8303084982607,171.19965909306288,173.49404907226562,54835000,0.0,0.0,171.29262084960936,171.39350128173828
2023-05-30 00:00:00-04:00,175.00716998790764,177.01476677794446,174.6214744245607,175.34341430664062,55964400,0.0,0.0,171.90578002929686,171.91072998046874
2023-05-31 00:00:00-04:00,175.37309480914308,177.37080753192686,174.80937774220615,175.29397583007812,99625300,0.0,0.0,173.03122253417968,172.42301483154296
2023-06-01 00:00:00-04:00,175.73900583250884,178.1322983459061,174.97749886766357,178.10263061523438,68901800,0.0,0.0,174.66301574707032,173.15484466552735
2023-06-02 00:00:00-04:00,179.03227450268932,179.77399801140302,177.28180279681203,178.95315551757812,61996900,0.0,0.0,176.23744506835936,173.73833312988282
2023-06-05 00:00:00-04:00,180.6145961643528,182.908986017055,176.0752375225132,177.59825134277344,121946500,0.0,0.0,177.05828552246095,174.17545318603516
2023-06-06 00:00:00-04:00,177.9839532147194,178.13229186267904,175.47197477965813,177.2323455810547,64848400,0.0,0.0,177.43607177734376,174.67092590332032
2023-06-07 00:00:00-04:00,176.47083445864072,179.21027045240393,175.36319900574065,175.85768127441406,61944600,0.0,0.0,177.54881286621094,175.2900177001953
2023-06-08 00:00:00-04:00,175.93678298136524,178.84434109966037,175.50165126625262,178.57733154296875,50214900,0.0,0.0,177.6437530517578,176.15338439941405
2023-06-09 00:00:00-04:00,179.4970621604222,180.2190020418708,178.6366678484163,178.96302795410156,48900000,0.0,0.0,177.6457275390625,176.94158630371095
2023-06-12 00:00:00-04:00,179.26961514651788,181.86069753893617,178.97292275194738,181.7617950439453,54274900,0.0,0.0,178.4784362792969,177.76836090087892
2023-06-13 00:00:00-04:00,180.78272761470595,182.1178207388316,180.4266997635254,181.2870941162109,54929100,0.0,0.0,179.2893859863281,178.36272888183595
2023-06-14 00:00:00-04:00,181.3464426387383,182.3551908048104,180.0113494184458,181.9200439453125,57462900,0.0,0.0,180.50185852050782,179.02533569335938
2023-06-15 00:00:00-04:00,181.92992539273132,184.46167222814515,181.75190392659053,183.9572906494141,65433200,0.0,0.0,181.57785034179688,179.61080169677734
2023-06-16 00:00:00-04:00,184.66935702206607,184.92649747799743,182.2365125370702,182.87933349609372,101256200,0.0,0.0,182.36111145019532,180.0034194946289
2023-06-20 00:00:00-04:00,182.3749378792496,184.0462902145165,182.3749378792496,182.9683074951172,49799100,0.0,0.0,182.6024139404297,180.5404251098633
2023-06-21 00:00:00-04:00,182.85956101105992,183.363942649416,180.57505504326872,181.9299468994141,49515700,0.0,0.0,182.73098449707032,181.01018524169922
2023-06-22 00:00:00-04:00,181.7123668419414,184.9858373580588,181.6431320743364,184.93638610839844,51245300,0.0,0.0,183.3342529296875,181.91805572509764
2023-06-23 00:00:00-04:00,183.50236866585945,185.49018190726844,182.96831937745645,184.6198883056641,53117000,0.0,0.0,183.4667724609375,182.52231140136718
2023-06-26 00:00:00-04:00,184.76826151663465,185.97479955864205,183.18591209060443,183.22547912597656,48088700,0.0,0.0,183.53600158691407,182.94855651855468
2023-06-27 00:00:00-04:00,183.83864388833905,186.3110555900437,183.6210704513568,185.9846954345703,50730800,0.0,0.0,184.1392791748047,183.3708465576172
2023-06-28 00:00:00-04:00,185.8561194768788,187.80438104509085,185.52977442185303,187.16156005859372,51216800,0.0,0.0,185.18560180664062,183.95829315185546
2023-06-29 00:00:00-04:00,186.99343619982477,187.97251662731944,186.85498175365,187.497802734375,46347300,0.0,0.0,185.69788513183593,184.5160690307617
2023-06-30 00:00:00-04:00,189.51529419368583,192.3338342950544,189.14936702429085,191.8294677734375,85213200,0.0,0.0,187.13980102539062,185.30328674316405
2023-07-03 00:00:00-04:00,191.6415766685233,191.7404791738125,189.64386376682967,190.33615112304688,31458200,0.0,0.0,188.5619354248047,186.04896850585936
2023-07-05 00:00:00-04:00,189.4559543470025,190.8503829545932,188.51642591121868,189.21859741210935,46920300,0.0,0.0,189.2087158203125,186.6739974975586
2023-07-06 00:00:00-04:00,187.7450368621044,189.90098754652763,187.1121001189567,189.69329833984372,45094300,0.0,0.0,189.7150634765625,187.45033264160156
2023-07-07 00:00:00-04:00,189.29771490007704,190.5438048450505,188.14062814608693,188.5757598876953,46815000,0.0,0.0,189.93065490722657,187.81427001953125
2023-07-10 00:00:00-04:00,187.17144648236777,187.89340155065935,184.9759437256739,186.52862548828125,59922200,0.0,0.0,188.8704864501953,188.00514373779296
2023-07-11 00:00:00-04:00,187.07256979091423,187.21102424790124,184.54082252577857,186.0044860839844,46638100,0.0,0.0,188.0041534423828,188.28304443359374
2023-07-12 00:00:00-04:00,187.5868087386057,189.5845215693785,186.39016995526785,187.6758270263672,60750200,0.0,0.0,187.6955993652344,188.45215759277343
2023-07-13 00:00:00-04:00,188.39774969290625,189.0801376574393,187.6856939986458,188.4373016357422,41342300,0.0,0.0,187.44440002441405,188.5797317504883
2023-07-14 00:00:00-04:00,188.13071726198152,189.07023054213465,187.53734760154848,188.5856475830078,41616200,0.0,0.0,187.44637756347657,188.68851623535156
2023-07-17 00:00:00-04:00,189.78231082986184,192.17561856911308,189.6933076328095,191.8492584228516,50520200,0.0,0.0,188.51050415039063,188.69049530029298
2023-07-18 00:00:00-04:00,191.21630577539943,192.18548682934457,190.2965608776665,191.59210205078125,48288200,0.0,0.0,189.62802734375,188.81609039306642
2023-07-19 00:00:00-04:00,190.9690920589705,196.04247077365844,190.52404586593127,192.947021484375,80507300,0.0,0.0,190.68226623535156,189.18893280029297
2023-07-20 00:00:00-04:00,192.93711105379268,194.30188710755212,190.37569621729315,190.99874877929688,59581200,0.0,0.0,191.1945556640625,189.3194778442383
2023-07-21 00:00:00-04:00,191.95805149771712,192.8184459451999,189.1197125887689,189.82188415527344,71951700,0.0,0.0,191.44180297851562,189.4440902709961
2023-07-24 00:00:00-04:00,191.2756603671028,192.7591073714878,190.12845772868155,190.62294006347656,45377800,0.0,0.0,191.19653930664063,189.85352172851563
2023-07-25 00:00:00-04:00,191.19652904765343,192.2942803636932,190.79104993758423,191.4833221435547,37283200,0.0,0.0,191.1747833251953,190.40140533447266
2023-07-26 00:00:00-04:00,191.53277997466063,193.4810415222525,191.18665140498052,192.35362243652344,47471900,0.0,0.0,191.056103515625,190.8691848754883
2023-07-27 00:00:00-04:00,193.85685736898512,195.0238284273441,190.4251487828704,191.08775329589844,47460200,0.0,0.0,191.07390441894532,191.1342300415039
2023-07-28 00:00:00-04:00,192.5217578883548,194.4601353557404,191.99760780036655,193.66896057128903,48291400,0.0,0.0,191.84331970214845,191.64256134033204
2023-07-31 00:00:00-04:00,193.89640887829788,194.3216715292241,193.10523413200036,194.2821044921875,38824100,0.0,0.0,192.5751525878906,191.88584594726564
2023-08-01 00:00:00-04:00,194.07440747187567,194.55899044039091,193.12499487022708,193.45135498046875,35175100,0.0,0.0,192.96875915527343,192.07177124023437
2023-08-02 00:00:00-04:00,192.88764791924385,193.026102358892,189.73286353794575,190.45480346679688,50389300,0.0,0.0,192.58899536132813,191.82254943847656
2023-08-03 00:00:00-04:00,189.4559433793295,190.2471029357017,188.58564975883863,189.0603485107422,61235200,0.0,0.0,192.1835144042969,191.6287094116211
2023-08-04 00:00:00-04:00,183.47273360328956,185.31220853119976,179.91245468139763,179.981689453125,115956800,0.0,0.0,189.44606018066406,190.64468994140626
2023-08-07 00:00:00-04:00,180.12009916893692,181.1090636137841,175.3928503297996,176.8762969970703,97576100,0.0,0.0,185.96489868164062,189.27002563476563
2023-08-08 00:00:00-04:00,177.7070549630004,178.2806562533865,175.6203390114105,177.8158416748047,67823000,0.0,0.0,182.83779602050782,187.9032775878906
2023-08-09 00:00:00-04:00,178.87402014653773,178.93335560733482,175.05661623443876,176.22360229492188,60378500,0.0,0.0,179.9915557861328,186.29027557373047
2023-08-10 00:00:00-04:00,177.49935830249015,178.7553475423464,175.64011515660735,176.0060272216797,54686900,0.0,0.0,177.3806915283203,184.7821029663086
2023-08-11 00:00:00-04:00,175.60001780962375,176.88739582771854,174.83748251539495,176.06544494628906,52036700,0.24,0.0,176.59744262695312,183.0217514038086
2023-08-14 00:00:00-04:00,176.2437010263368,177.94701832041608,175.5900993670502,177.71925354003906,43675600,0.0,0.0,176.7660339355469,181.36546630859374
2023-08-15 00:00:00-04:00,177.14486608365337,177.73903700795614,175.33261529851168,175.72872924804688,43622600,0.0,0.0,176.3486114501953,179.59320373535155
2023-08-16 00:00:00-04:00,175.4118348409486,176.80814628515878,174.78794103749047,174.85726928710938,46964900,0.0,0.0,176.07534484863282,178.0334503173828
2023-08-17 00:00:00-04:00,175.42175166053434,175.7881578465257,171.79724982185638,172.3122100830078,66062900,0.0,0.0,175.33658142089843,176.35863647460937
2023-08-18 00:00:00-04:00,170.62869538621166,173.40153844678508,170.29199700813362,172.79745483398438,61172200,0.0,0.0,174.6829833984375,175.6402130126953
2023-08-21 00:00:00-04:00,173.37183349440417,174.4215491084137,172.05473264129324,174.1343536376953,46311900,0.0,0.0,173.96600341796875,175.36601867675782
2023-08-22 00:00:00-04:00,175.34253031574917,175.95651153189084,174.54038966607246,175.51087951660156,42038900,0.0,0.0,173.92243347167968,175.1355224609375
2023-08-23 00:00:00-04:00,176.78835776449938,179.78896551377315,176.60019834939993,179.36312866210938,52722800,0.0,0.0,174.8236053466797,175.44947509765626
2023-08-24 00:00:00-04:00,178.91750900229638,179.3433458832632,174.30270712253693,174.66912841796875,54945800,0.0,0.0,175.29498901367188,175.31578521728517
2023-08-25 00:00:00-04:00,175.6594375427037,177.41225784961358,174.1145717959043,176.87750244140625,51449600,0.0,0.0,176.11099853515626,175.39699096679686
2023-08-28 00:00:00-04:00,178.34314839003864,178.83829845949455,176.81809282485807,178.4421844482422,43820700,0.0,0.0,176.97256469726562,175.4692840576172
2023-08-29 00:00:00-04:00,177.95692088146865,183.10647826164347,177.7588638881504,182.33404541015625,53003900,0.0,0.0,178.33719787597656,176.12981567382812
2023-08-30 00:00:00-04:00,183.1460836808417,186.0278602958339,182.9480267037944,185.8297882080078,60813900,0.0,0.0,179.63052978515626,177.22706756591796
2023-08-31 00:00:00-04:00,186.0179606639307,187.28554353881967,185.6614520359444,186.04766845703125,60794500,0.0,0.0,181.90623779296874,178.60061340332032
2023-09-01 00:00:00-04:00,187.65197647170007,188.07779827305947,186.4537066694999,187.6222686767578,45766500,0.0,0.0,184.05519104003906,180.08309478759764
2023-09-05 00:00:00-04:00,186.4536848553425,188.13719185182467,185.79018566129048,187.8599090576172,45280000,0.0,0.0,185.93873596191406,181.45565032958984
2023-09-06 00:00:00-04:00,186.57254135003103,187.01818850408824,179.70976859554776,181.13580322265625,81755800,0.0,0.0,185.69908752441407,182.0181427001953
2023-09-07 00:00:00-04:00,173.48077306769622,176.48139642487362,171.85668142571674,175.8376922607422,112488800,0.0,0.0,183.70066833496094,181.66559906005858
2023-09-08 00:00:00-04:00,176.6200091931817,178.49167556913386,176.06542850593996,176.45164489746094,65551300,0.0,0.0,181.78146362304688,181.8438507080078
2023-09-11 00:00:00-04:00,178.3233283895146,178.5510931586707,175.61979850768685,177.62020874023438,58953100,0.0,0.0,179.7810516357422,181.91812133789062
2023-09-12 00:00:00-04:00,177.7489488808384,178.38274026371693,173.12424978673155,174.5898895263672,90370200,0.0,0.0,177.12704772949218,181.53289184570312
2023-09-13 00:00:00-04:00,174.79785006313273,175.58019553637163,172.2923922361182,172.52017211914062,84267900,0.0,0.0,175.40392150878907,180.55150451660157
2023-09-14 00:00:00-04:00,172.31222690532334,174.39186327435525,171.89630265367322,174.0353546142578,60895800,0.0,0.0,175.0434539794922,179.37206115722657
2023-09-15 00:00:00-04:00,174.76815074757482,174.78796097983732,172.13396406629226,173.31240844726562,109259500,0.0,0.0,174.4156066894531,178.09853515625
2023-09-18 00:00:00-04:00,174.76816076178545,177.64004017321716,174.46117014263496,176.24371337890625,67257600,0.0,0.0,174.1403076171875,176.96067962646484
2023-09-19 00:00:00-04:00,175.7980702206982,177.88760394386657,175.4118538031827,177.33303833007812,51826900,0.0,0.0,174.68893737792968,175.90799255371093
2023-09-20 00:00:00-04:00,177.52118590379774,177.95692035427507,173.69862701203755,173.7877655029297,58436200,0.0,0.0,174.9424560546875,175.17318878173828
2023-09-21 00:00:00-04:00,172.85688574257026,174.58991092023126,172.17357625479622,172.24288940429688,63149100,0.0,0.0,174.5839630126953,174.81370849609374
2023-09-22 00:00:00-04:00,172.97571228348323,175.36233909077248,172.36173107244514,173.09454345703125,56725400,0.0,0.0,174.54039001464844,174.47799835205078
2023-09-25 00:00:00-04:00,172.51027081019092,175.2534062611611,172.46075278406465,174.37203979492188,46172700,0.0,0.0,174.16605529785156,174.15318145751954
2023-09-26 00:00:00-04:00,173.1242507509963,173.50055447022797,169.99489916963813,170.2919921875,64588900,0.0,0.0,172.75784606933593,173.7233917236328
2023-09-27 00:00:00-04:00,170.94559986493434,171.3615240971404,167.41023633579258,168.77684020996094,66921800,0.0,0.0,171.7556610107422,173.34905853271485
2023-09-28 00:00:00-04:00,167.69739077408406,170.36130007109168,165.9940736424088,169.0343017578125,56294400,0.0,0.0,171.11394348144532,172.8489532470703
2023-09-29 00:00:00-04:00,170.35142654777866,171.39124466953126,168.68771453081845,169.54928588867188,51861100,0.0,0.0,170.40489196777344,172.47264099121094
2023-10-02 00:00:00-04:00,169.55916323919894,172.60928898108386,169.27196778388654,172.0646209716797,52164500,0.0,0.0,169.943408203125,172.0547317504883
2023-10-03 00:00:00-04:00,170.589096012129,171.94581747397606,169.1630765091389,170.7277374267578,49594600,0.0,0.0,170.03055725097656,171.39420166015626
2023-10-04 00:00:00-04:00,169.43043127173715,172.5201776911012,169.31160010164683,171.9755096435547,53020300,0.0,0.0,170.6702911376953,171.21297607421874
2023-10-05 00:00:00-04:00,172.10426293848624,173.7481648763392,171.00502912591972,173.21340942382812,48527900,0.0,0.0,171.50611267089843,171.31002807617188
2023-10-06 00:00:00-04:00,172.1141617663429,176.26352163595584,171.5001654241457,175.76837158203125,57266700,0.0,0.0,172.74992980957032,171.57741088867186
2023-10-09 00:00:00-04:00,175.09495269037183,177.3132302836497,174.09475506108697,177.25381469726562,42390800,0.0,0.0,173.7877685546875,171.86558837890624
2023-10-10 00:00:00-04:00,176.3724418317021,177.9767230488949,176.22388776036024,176.6596221923828,43698000,0.0,0.0,174.9741455078125,172.50235137939453
2023-10-11 00:00:00-04:00,176.4714829606774,178.10548726772782,175.87731193966172,178.05596923828125,47551100,0.0,0.0,176.19023742675782,173.43026428222657
2023-10-12 00:00:00-04:00,178.3233466007442,180.57131695227565,177.30332359387822,178.95713806152344,56743100,0.0,0.0,177.33898315429687,174.42254791259765
2023-10-13 00:00:00-04:00,179.6602521369707,180.16529977566205,176.41206884050376,177.1151885986328,51427100,0.0,0.0,177.60834655761718,175.17913818359375
2023-10-16 00:00:00-04:00,175.03554253225204,177.3429435766639,174.79786506856496,176.98643493652344,52517000,0.0,0.0,177.55487060546875,175.67131958007812
2023-10-17 00:00:00-04:00,174.93650583601004,176.6893412361662,173.1044597256959,175.43165588378906,57549400,0.0,0.0,177.30927734375,176.14171142578124
2023-10-18 00:00:00-04:00,173.87688106979198,175.8574811296678,173.41143884685883,174.1343536376953,54764400,0.0,0.0,176.52495422363282,176.35759582519532
2023-10-19 00:00:00-04:00,174.33244800123364,176.114991459484,173.49070186176996,173.75808715820312,59302900,0.0,0.0,175.48514404296876,176.4120635986328
2023-10-20 00:00:00-04:00,173.60950111647475,173.71843472751576,170.96540176933075,171.2030792236328,64244000,0.0,0.0,174.30272216796874,175.95553436279297
2023-10-23 00:00:00-04:00,169.25217604772806,172.32209697076135,168.28167117128655,171.3218994140625,55980100,0.0,0.0,173.16981506347656,175.36234283447266
2023-10-24 00:00:00-04:00,171.3714282347356,171.98540943587548,169.78694209599936,171.7576446533203,43816600,0.0,0.0,172.4350128173828,174.8721450805664
2023-10-25 00:00:00-04:00,170.2127862637829,171.38133313025827,168.99470625930118,169.4403533935547,57157000,0.0,0.0,171.4962127685547,174.01058349609374
2023-10-26 00:00:00-04:00,168.71743481214864,169.71764765287952,164.06302704400315,165.2711944580078,70625300,0.0,0.0,169.79883422851563,172.6419891357422
2023-10-27 00:00:00-04:00,165.29099661436564,167.321114882013,165.2117707914918,166.58828735351562,58499100,0.0,0.0,168.8758758544922,171.58929901123048
2023-10-30 00:00:00-04:00,167.38051344932887,169.5096524459554,167.23195938000526,168.63818359375,51131000,0.0,0.0,168.3391326904297,170.7544738769531
2023-10-31 00:00:00-04:00,167.70730128574397,169.24225410780494,166.27135428067592,169.113525390625,44846000,0.0,0.0,167.81030883789063,170.1226608276367
2023-11-01 00:00:00-04:00,169.34130885799144,172.53997379429074,168.46983997695696,172.28250122070312,56934900,0.0,0.0,168.3787384033203,169.9374755859375
2023-11-02 00:00:00-04:00,173.81746191423957,176.05553449603235,173.7580463313888,175.8475799560547,77334800,0.0,0.0,170.4940155029297,170.14642486572265
2023-11-03 00:00:00-04:00,172.5498813500308,175.10485722122257,171.66851493448934,174.93649291992188,79829200,0.0,0.0,172.16365661621094,170.51976623535157
2023-11-06 00:00:00-05:00,174.66912431484397,177.6895273209714,174.50077512285628,177.49147033691406,63841300,0.0,0.0,173.93431396484374,171.13672332763673
2023-11-07 00:00:00-05:00,177.4419442386158,180.6703318638797,177.23398970359145,180.0563507080078,70530000,0.0,0.0,176.1228790283203,171.96659393310546
2023-11-08 00:00:00-05:00,180.5812114444328,181.6705323803792,179.8285737718667,181.115966796875,49340300,0.0,0.0,177.8895721435547,173.1341552734375
2023-11-09 00:00:00-05:00,181.18530832204868,182.3340449245472,180.04645416963675,180.64064025878903,53763500,0.0,0.0,178.84818420410156,174.6710998535156
2023-11-10 00:00:00-05:00,182.425536381392,185.00371491529177,181.98922784820687,184.8351287841797,66133400,0.24,0.0,180.82791137695312,176.49578399658202
2023-11-13 00:00:00-05:00,184.26000678217756,184.46823531200093,182.66352248721637,183.24856567382807,43627500,0.0,0.0,181.97933044433591,177.95682220458986
2023-11-14 00:00:00-05:00,186.1242211071054,186.53078271340212,184.7359804157126,185.8664093017578,60108400,0.0,0.0,183.1413421630859,179.63211059570312
2023-11-15 00:00:00-05:00,186.2729648412074,187.90910668353808,186.20354524355437,186.43161010742188,53790500,0.0,0.0,184.2044708251953,181.047021484375
2023-11-16 00:00:00-05:00,187.9785160308428,189.35684600106327,187.0662263637428,188.11734008789065,54412900,0.0,0.0,185.69981079101564,182.27399749755858
2023-11-17 00:00:00-05:00,188.65279989002156,188.78171334674664,186.98691120628507,188.09750366210935,50922700,0.0,0.0,186.35228576660157,183.59009857177733
2023-11-20 00:00:00-05:00,188.2958266614519,190.29887250675844,188.2859160609316,189.8427276611328,46505100,0.0,0.0,187.6711181640625,184.82522430419922
2023-11-21 00:00:00-05:00,189.80306012274144,189.9121372454657,188.14708208188244,189.03952026367188,38134500,0.0,0.0,188.3057403564453,185.72354125976562
2023-11-22 00:00:00-05:00,189.88239992204348,191.31029805901488,189.22793715258507,189.7039031982422,39617700,0.0,0.0,188.96019897460937,186.58233489990235
2023-11-24 00:00:00-05:00,189.26759079649733,189.2973377280717,187.66119596873028,188.37515258789065,24048300,0.0,0.0,189.0117614746094,187.3557861328125
2023-11-27 00:00:00-05:00,188.3255687303111,189.0692722786972,187.31412766791345,188.1966552734375,40552600,0.0,0.0,189.031591796875,187.6919387817383
2023-11-28 00:00:00-05:00,188.1867388581487,189.4758279949889,187.8099242301234,188.8015289306641,38415400,0.0,0.0,188.82335205078124,188.2472351074219
2023-11-29 00:00:00-05:00,189.2973359031836,190.47734794655037,187.3835460471391,187.7801818847656,43014200,0.0,0.0,188.571484375,188.43861236572266
2023-11-30 00:00:00-05:00,188.24625428611483,188.7222354910008,186.61011239504936,188.35533142089844,48794400,0.0,0.0,188.30177001953126,188.6309844970703
2023-12-01 00:00:00-05:00,188.73214223180452,189.9518118916644,187.6413709062789,189.63450622558597,45704800,0.0,0.0,188.55364074707032,188.78270111083984
2023-12-04 00:00:00-05:00,188.38506152852517,188.45448112204545,185.87630278327032,187.8396759033203,43389500,0.0,0.0,188.48224487304688,188.75691833496094
2023-12-05 00:00:00-05:00,188.61314558971708,192.7679567699872,188.5833835270736,191.7961883544922,66628400,0.0,0.0,189.0811767578125,188.95226440429687
2023-12-06 00:00:00-05:00,192.8175522925244,193.12494736273675,190.4972006683192,190.7054443359375,41089700,0.0,0.0,189.66622924804688,189.11885681152344
2023-12-07 00:00:00-05:00,192.0044117201268,193.3629052381858,191.96473906125271,192.6390380859375,47477700,0.0,0.0,190.5229705810547,189.41237030029296
2023-12-08 00:00:00-05:00,192.56963798027985,194.3446189426589,192.04408867717456,194.0669708251953,53406400,0.0,0.0,191.40946350097656,189.98155212402344
2023-12-11 00:00:00-05:00,191.4887925574205,191.8656072016425,189.8129781205652,191.5581970214844,60943700,0.0,0.0,192.1531677246094,190.3177062988281
2023-12-12 00:00:00-05:00,191.45904261144972,193.08527375940776,190.1104595767513,193.0753631591797,52696900,0.0,0.0,192.40900268554688,190.74508972167968
2023-12-13 00:00:00-05:00,193.4521495219808,196.33772271445184,193.21417408717824,196.29806518554688,70404200,0.0,0.0,193.52752685546875,191.5968780517578
2023-12-14 00:00:00-05:00,196.3575823214872,197.9441408874326,194.51319682969316,196.4468231201172,66831600,0.0,0.0,194.2890838623047,192.4060272216797
2023-12-15 00:00:00-05:00,195.87167377464692,196.734365015635,195.3461244978741,195.91134643554688,128538400,0.0,0.0,194.657958984375,193.0337112426758
2023-12-18 00:00:00-05:00,194.44378607807735,194.9792611555933,192.75806090539805,194.24546813964844,55751900,0.0,0.0,195.1954132080078,193.6742904663086
2023-12-19 00:00:00-05:00,194.5132010782648,195.2965622122741,194.24546354583867,195.28665161132807,40714100,0.0,0.0,195.63767089843748,194.0233367919922
2023-12-20 00:00:00-05:00,195.24696511767544,196.0204155959587,193.19435119628903,193.19435119628903,52242800,0.0,0.0,195.01692810058591,194.27222747802733
2023-12-21 00:00:00-05:00,194.45368523269556,195.42545358966169,191.875506993429,193.04559326171875,46482500,0.0,0.0,194.33668212890623,194.31288299560546
2023-12-22 00:00:00-05:00,193.54140785907617,193.76948784569112,191.349969834571,191.9746856689453,37149600,0.0,0.0,193.54934997558593,194.10365447998046
2023-12-26 00:00:00-05:00,191.9845869837648,192.262235089905,191.21113652656177,191.4292907714844,28919300,0.0,0.0,192.9861145019531,194.09076385498048
2023-12-27 00:00:00-05:00,190.8739947779816,191.87551008122907,189.4857391150024,191.5284423828125,48087700,0.0,0.0,192.23447265625,193.93607177734376
2023-12-28 00:00:00-05:00,192.51014548202977,193.0257841884141,191.5482876644632,191.9548492431641,34049900,0.0,0.0,191.986572265625,193.50175018310546
2023-12-29 00:00:00-05:00,192.27215946893213,192.76796185552627,190.12037892679612,190.9136657714844,42672100,0.0,0.0,191.56018676757816,192.94843444824218
2024-01-02 00:00:00-05:00,185.57883023572916,186.85800888690832,182.34620407017263,184.08151245117188,82488700,0.0,0.0,189.98155212402347,191.76545104980468
2024-01-03 00:00:00-05:00,182.6734238450404,184.3194913216633,181.8900476382689,182.7031707763672,58414500,0.0,0.0,188.23632812500003,190.61122131347656
2024-01-04 00:00:00-05:00,180.6208032204985,181.552914127362,179.36147605378457,180.38282775878903,71983600,0.0,0.0,186.0072052001953,189.12083892822267
2024-01-05 00:00:00-05:00,180.46216340525032,181.22568820887324,178.6574354024576,179.65895080566406,62379700,0.0,0.0,183.54802551269532,187.76729888916014
2024-01-08 00:00:00-05:00,180.56129720920063,184.04183940945515,179.9762540642685,184.00216674804688,59144500,0.0,0.0,182.1657257080078,186.86295623779296
2024-01-09 00:00:00-05:00,182.37593441619447,183.5956039593173,181.1959224035276,183.585693359375,42841800,0.0,0.0,182.06656188964843,186.02405700683593
2024-01-10 00:00:00-05:00,182.8023278606972,184.8351053395885,182.3759299825551,184.6268768310547,46792900,0.0,0.0,182.45130310058593,185.34381561279298
2024-01-11 00:00:00-05:00,184.97394287034564,185.4796709750172,182.07845882443647,184.03192138671875,49128400,0.0,0.0,183.18112182617188,184.5941635131836
2024-01-12 00:00:00-05:00,184.4979854428044,185.1722845702879,183.6352941143493,184.35916137695312,40477800,0.0,0.0,184.12116394042968,183.8345947265625
2024-01-16 00:00:00-05:00,180.63071876275188,182.71307958868687,179.41103406753936,182.08837890625,65603000,0.0,0.0,183.7384063720703,182.95206604003906
2024-01-17 00:00:00-05:00,179.74819585869176,181.39424823145328,178.786338048284,181.14634704589844,47317400,0.0,0.0,183.250537109375,182.6585494995117
2024-01-18 00:00:00-05:00,184.5277024783634,187.55209963440907,184.2698907208936,187.04638671875,78005800,0.0,0.0,183.73443908691405,183.09287109375
2024-01-19 00:00:00-05:00,187.74052319933503,190.33852272040096,187.23481023986653,189.9517974853516,68903000,0.0,0.0,184.9184143066406,184.04976806640624
2024-01-22 00:00:00-05:00,190.68558968364889,193.69015075906108,190.64591702187172,192.26223754882807,60133900,0.0,0.0,186.4990295410156,185.31009674072266
2024-01-23 00:00:00-05:00,193.38276708914043,194.10663433692045,192.2027549882256,193.5414123535156,42355600,0.0,0.0,188.78963623046874,186.26402130126954
2024-01-24 00:00:00-05:00,193.77941636237557,194.7313636679748,192.7084813175848,192.8671417236328,53631300,0.0,0.0,191.13379516601563,187.19216613769532
2024-01-25 00:00:00-05:00,193.581074455708,194.62226243680655,191.48878789336808,192.53988647460935,54822100,0.0,0.0,192.2324951171875,187.98346710205075
2024-01-26 00:00:00-05:00,192.63904008919584,193.12491668531047,190.3285994330514,190.8045654296875,44594000,0.0,0.0,192.40304870605468,188.66073150634764
2024-01-29 00:00:00-05:00,190.3980247095346,190.5864320350317,187.98843240307312,190.1203765869141,47145600,0.0,0.0,191.97467651367188,189.23685302734376
2024-01-30 00:00:00-05:00,189.33701232459805,190.18979301004532,185.89614265093053,186.4613494873047,55859400,0.0,0.0,190.55866394042968,189.6741500854492
2024-01-31 00:00:00-05:00,185.4697339612798,185.52924295226455,182.80233006356883,182.85189819335935,55467800,0.0,0.0,188.555615234375,189.84470520019528
2024-02-01 00:00:00-05:00,182.44534401847451,185.3804852934909,182.2767730445643,185.29124450683597,64885400,0.0,0.0,187.10588684082032,189.6691909790039
2024-02-02 00:00:00-05:00,178.35003123610636,185.75731994134992,177.74515173237538,184.2897491455078,102551700,0.0,0.0,185.80292358398438,189.10298614501954
2024-02-05 00:00:00-05:00,186.57042555488331,187.6611968198497,184.27982102914157,186.1043701171875,69668800,0.0,0.0,184.99972229003907,188.48719940185546
2024-02-06 00:00:00-05:00,185.291266866256,187.7206955127049,185.2020260688322,187.71078491210935,43490800,0.0,0.0,185.249609375,187.90413665771482
2024-02-07 00:00:00-05:00,189.0395243124124,189.4460858813363,187.02656792958788,187.81985473632807,53439000,0.0,0.0,186.24320068359373,187.39940795898437
2024-02-08 00:00:00-05:00,187.8000228857875,187.9487575459241,185.77715585449096,186.739013671875,40962000,0.0,0.0,186.53275451660153,186.81932067871094
2024-02-09 00:00:00-05:00,187.30492339729363,188.63538073939827,186.65956394365637,187.5035095214844,45155200,0.24,0.0,187.17550659179688,186.4892150878906
2024-02-12 00:00:00-05:00,187.0765772861258,187.32479480430877,185.45819421957455,185.8156280517578,41781900,0.0,0.0,187.11775817871094,186.058740234375
2024-02-13 00:00:00-05:00,184.44549399150463,184.8823592862032,182.2015977323704,183.7206878662109,56529500,0.0,0.0,186.31973876953123,185.78467407226563
2024-02-14 00:00:00-05:00,183.99870756617025,184.20720181831388,181.13923662251403,182.8370361328125,54630500,0.0,0.0,185.32317504882812,185.78318786621094
2024-02-15 00:00:00-05:00,182.2413002337134,183.17460050228615,180.05698915939104,182.5490875244141,65434500,0.0,0.0,184.48518981933594,185.50897216796875
2024-02-16 00:00:00-05:00,182.11221816970055,183.53203018346477,180.3746956259296,181.0101318359375,49752500,0.0,0.0,183.18651428222657,185.1810104370117
2024-02-20 00:00:00-05:00,180.49384354523508,181.12927978468983,178.7166127841021,180.26548767089844,53665600,0.0,0.0,182.07648620605468,184.5971221923828
2024-02-21 00:00:00-05:00,180.64280031434973,181.5860239414673,179.3719277146552,181.0200958251953,41371400,0.0,0.0,181.53636779785157,183.9280532836914
2024-02-22 00:00:00-05:00,182.1717814956972,183.6412399886709,181.1590650140456,183.0554351806641,52292200,0.0,0.0,181.5800476074219,183.451611328125
2024-02-23 00:00:00-05:00,183.6909108156971,183.72069570978937,180.93073286316653,181.2186737060547,45119700,0.0,0.0,181.31396484375,182.89957733154296
2024-02-26 00:00:00-05:00,180.94064867140932,181.45693020455124,179.36197373162466,179.86834716796875,40867400,0.0,0.0,181.08560791015626,182.1360610961914
2024-02-27 00:00:00-05:00,179.8087756065873,182.60866132395924,178.27974721589908,181.32786560058597,54318900,0.0,0.0,181.29808349609374,181.68728485107422
2024-02-28 00:00:00-05:00,181.2087048057168,181.814356133641,178.84568442217187,180.12648010253906,48953900,0.0,0.0,181.1193603515625,181.32786407470704
2024-02-29 00:00:00-05:00,179.97756989489093,181.268304073722,178.2499704416867,179.46127319335938,136682600,0.0,0.0,180.40052795410156,180.99028778076172
2024-03-01 00:00:00-05:00,178.26981201401622,179.24282037465971,176.11528592616577,178.3790283203125,73563100,0.0,0.0,179.8325988769531,180.57328186035156
2024-03-04 00:00:00-05:00,174.89406399657693,175.63871657984365,172.55088992856452,173.8515625,81510100,0.0,0.0,178.62924194335938,179.8574249267578
2024-03-05 00:00:00-05:00,169.5424796657224,170.8133520831047,168.41060844555398,168.90704345703125,95132400,0.0,0.0,176.14507751464845,178.7215805053711
2024-03-06 00:00:00-05:00,169.84035496658896,170.01907946057096,167.47731930724007,167.9141845703125,68587700,0.0,0.0,173.70261840820314,177.4109893798828
2024-03-07 00:00:00-05:00,167.94396839769192,169.51270494606766,167.28868565722726,167.7950439453125,71765100,0.0,0.0,171.36937255859374,175.88495025634765
2024-03-08 00:00:00-05:00,167.7950495135339,172.46153602621885,167.7354797306053,169.51271057128906,76267000,0.0,0.0,169.59610900878906,174.7143539428711
2024-03-11 00:00:00-04:00,171.7069430151515,173.13667826239134,170.8232893067872,171.51829528808594,60139500,0.0,0.0,169.12945556640625,173.8793487548828
2024-03-12 00:00:00-04:00,171.91544162555573,172.7891721100731,169.79070034274764,171.994873046875,59825400,0.0,0.0,169.747021484375,172.94604949951173
2024-03-13 00:00:00-04:00,171.53817270319811,171.9551763303205,169.54249409126064,169.9098663330078,52488700,0.0,0.0,170.14615783691406,171.92438812255858
2024-03-14 00:00:00-04:00,171.67715534575908,173.06716728584055,170.82328653971078,171.76651000976562,72913500,0.0,0.0,170.9404510498047,171.15491180419923
2024-03-15 00:00:00-04:00,169.94956266563446,171.38922119140625,169.0758321837892,171.38922119140625,121752700,0.0,0.0,171.3157531738281,170.4559310913086
2024-03-18 00:00:00-04:00,174.31821532960825,176.4429567936847,172.2828285408912,172.4813995361328,75604200,0.0,0.0,171.5083740234375,170.31891479492188
2024-03-19 00:00:00-04:00,173.09697026746844,175.350789645184,171.7963128554373,174.82456970214844,55215200,0.0,0.0,172.07431335449218,170.9106674194336
2024-03-20 00:00:00-04:00,174.46712406809783,177.39608764648438,173.84161109695287,177.39608764648438,53423100,0.0,0.0,173.5715576171875,171.85885772705078
2024-03-21 00:00:00-04:00,175.7876262124245,176.22449141078243,169.62189720831483,170.1481170654297,106181300,0.0,0.0,173.2478790283203,172.0941650390625
2024-03-22 00:00:00-04:00,170.5353695457136,171.8161805084586,168.8474933401544,171.05166625976562,71160100,0.0,0.0,173.18036804199218,172.24806060791016
2024-03-25 00:00:00-04:00,169.35386403283357,170.71409125238694,168.24183919385965,169.63186645507812,54288300,0.0,0.0,172.61046142578124,172.05941772460938
2024-03-26 00:00:00-04:00,168.7878951080797,170.19776864921857,168.37089153816484,168.49996948242188,57388400,0.0,0.0,171.34554138183594,171.70992736816407
2024-03-27 00:00:00-04:00,169.19499314475576,172.36225110852925,168.89712909220745,172.07431030273438,60273300,0.0,0.0,170.28118591308595,171.9263717651367
2024-03-28 00:00:00-04:00,170.5254338962422,171.00200728609337,169.29426955996547,170.25735473632812,65672700,0.0,0.0,170.30303344726562,171.77545623779298
2024-04-01 00:00:00-04:00,169.9694362083208,170.02900599080004,168.2716216576847,168.8177032470703,46240500,0.0,0.0,169.85624084472656,171.51830444335937
2024-04-02 00:00:00-04:00,167.87446369081778,168.13260444031488,167.0305181193942,167.63616943359375,49329500,0.0,0.0,169.45710144042968,171.03378143310547
2024-04-03 00:00:00-04:00,167.58654549603682,169.4630694684258,167.37805124910258,168.44041442871094,47691700,0.0,0.0,169.4451904296875,170.3953659057617
2024-04-04 00:00:00-04:00,169.07582268557752,170.69420560535343,167.61631774902344,167.61631774902344,53704400,0.0,0.0,168.5535919189453,169.41738891601562
2024-04-05 00:00:00-04:00,168.3808338913719,169.17513298848516,167.74539764368038,168.37091064453125,42104800,0.0,0.0,168.17630310058593,169.2396682739258
2024-04-08 00:00:00-04:00,167.8248441796421,167.99363029110225,167.04048340873945,167.2489776611328,37425500,0.0,0.0,167.86255798339843,168.8593994140625
2024-04-09 00:00:00-04:00,167.49716574379335,168.86733118994096,167.149670334259,168.4602508544922,42373800,0.0,0.0,168.02737426757812,168.74223785400392
2024-04-10 00:00:00-04:00,167.59647195447172,167.88439761067826,165.91851910107465,166.583740234375,49709300,0.0,0.0,167.65603942871093,168.5506149291992
2024-04-11 00:00:00-04:00,167.13973556457643,174.20898041040104,166.96102623293754,173.79196166992188,91070300,0.0,0.0,168.89116821289062,168.72238006591797
2024-04-12 00:00:00-04:00,173.0175481045229,177.08832180821437,172.96791671667,175.29122924804688,101670900,0.0,0.0,170.27523193359374,169.22576751708985
2024-04-15 00:00:00-04:00,174.10968609239896,175.37063525095596,171.27007724910962,171.45872497558594,73531800,0.0,0.0,171.11718139648437,169.4898696899414
2024-04-16 00:00:00-04:00,170.52542991803605,172.5210932508517,167.0702464097302,168.17233276367188,73711200,0.0,0.0,171.05959777832032,169.54348602294922
2024-04-17 00:00:00-04:00,168.4006911997193,169.43326939438705,166.8021697998047,166.8021697998047,50901200,0.0,0.0,171.10328369140626,169.3796615600586
2024-04-18 00:00:00-04:00,166.83194578270678,167.4375970919546,165.36250241682455,165.8489990234375,43122900,0.0,0.0,169.5146911621094,169.2029296875
2024-04-19 00:00:00-04:00,165.02494208062998,165.21357466916862,162.9101239696921,163.8235626220703,68149400,0.0,0.0,167.22115783691407,168.7481948852539
2024-04-22 00:00:00-04:00,164.33985172403135,166.06743588145892,163.59519920100377,164.65756225585938,48116400,0.0,0.0,165.86092529296874,168.48905334472656
2024-04-23 00:00:00-04:00,164.17107024309314,165.85894631264824,163.74412823991457,165.7100067138672,49537800,0.0,0.0,165.36846008300782,168.21402893066406
2024-04-24 00:00:00-04:00,165.35258209827205,168.09291330855643,165.0249482926904,167.81491088867188,48251800,0.0,0.0,165.57100830078124,168.33714599609374
2024-04-25 00:00:00-04:00,168.3212618473153,169.39356334150216,166.9510963019663,168.67869567871094,50558300,0.0,0.0,166.13694763183594,167.82581939697266
2024-04-26 00:00:00-04:00,168.66877724193844,170.11835910227322,167.97375605274175,168.09291076660156,44838400,0.0,0.0,166.99081726074218,167.10598754882812
2024-04-29 00:00:00-04:00,172.1338767566388,174.7749147415349,171.86581274952138,172.26295471191406,68169400,0.0,0.0,168.51189575195312,167.18641052246093
2024-04-30 00:00:00-04:00,172.09414938579766,173.74231713050509,168.78789065093028,169.11553955078125,65934800,0.0,0.0,169.19300231933593,167.28073120117188
2024-05-01 00:00:00-04:00,168.37091318228207,171.47860143970507,167.90426302381934,168.09291076660156,50383100,0.0,0.0,169.24860229492188,167.40980529785156
2024-05-02 00:00:00-04:00,171.27999852318183,172.1835138606425,169.67155396857694,171.79629516601562,94214900,0.0,0.0,169.87212219238282,168.00453491210936
2024-05-03 00:00:00-04:00,185.3191838346203,185.66669440285864,181.3576421366733,182.072509765625,163224100,0.0,0.0,172.6680419921875,169.82942962646484
2024-05-06 00:00:00-04:00,181.04988026799387,182.8866809793933,179.1336329755651,180.41444396972656,78569700,0.0,0.0,174.29833984375,171.40511779785157
2024-05-07 00:00:00-04:00,182.1420038655686,183.5816623782166,180.02720100491794,181.0994873046875,77305800,0.0,0.0,176.69512939453125,172.9440658569336
2024-05-08 00:00:00-04:00,181.5462890620128,181.76472167822584,180.1562619452029,181.43707275390625,45057100,0.0,0.0,179.36396179199218,174.30628204345703
2024-05-09 00:00:00-04:00,181.25836496086745,183.34339825305352,180.811576441112,183.2540435791016,48983000,0.0,0.0,181.65551147460937,175.76381683349612
2024-05-10 00:00:00-04:00,183.8306552529416,184.01955884654,181.07668601424152,181.99136352539065,50759500,0.25,0.0,181.6392822265625,177.153662109375
2024-05-13 00:00:00-04:00,184.36755931231187,186.01796278299403,183.5522942832241,185.20269775390625,72044800,0.0,0.0,182.59693298339843,178.44763641357423
2024-05-14 00:00:00-04:00,186.4255779791011,187.2110177098357,185.2126323262415,186.34603881835935,52393600,0.0,0.0,183.6462432861328,180.17068634033203
2024-05-15 00:00:00-04:00,186.8232728469217,189.54741702859607,186.2863873072406,188.622802734375,70400000,0.0,0.0,185.08338928222656,182.2236755371094
2024-05-16 00:00:00-04:00,189.36847263644847,189.99483406684223,188.56315946625315,188.7421112060547,52845200,0.0,0.0,186.18100280761718,183.9182571411133
2024-05-17 00:00:00-04:00,188.4140082479681,189.70649303935696,188.08591490450095,188.7719268798828,41282900,0.0,0.0,187.53711547851563,184.58819885253905
2024-05-20 00:00:00-04:00,188.23504809883084,190.8100656899344,187.91689147556076,189.9351501464844,44361300,0.0,0.0,188.48360595703124,185.54026947021484
2024-05-21 00:00:00-04:00,189.98487181213304,191.6153866469515,189.815856788038,191.2375946044922,42309400,0.0,0.0,189.4619171142578,186.5540802001953
2024-05-22 00:00:00-04:00,191.15806201805708,191.7048842739564,189.1696284842733,189.7959747314453,34648500,0.0,0.0,189.69655151367186,187.3899703979492
2024-05-23 00:00:00-04:00,189.87550428926585,189.89539287135,185.55067067436465,185.7992248535156,51005900,0.0,0.0,189.10797424316405,187.6444885253906
2024-05-24 00:00:00-04:00,187.7280067652561,189.4778227162681,186.9525037733123,188.88128662109372,36327000,0.0,0.0,189.12984619140624,188.33348083496094
2024-05-28 00:00:00-04:00,190.40243380522855,191.88382214222983,188.00638309980087,188.8912353515625,52280100,0.0,0.0,188.9210632324219,188.70233459472655
2024-05-29 00:00:00-04:00,188.5134387924459,191.13817040866115,188.41401104911336,189.1894989013672,53068000,0.0,0.0,188.51144409179688,188.98668060302734
2024-05-30 00:00:00-04:00,189.6567821553814,191.06856812279528,189.52754429358757,190.1837158203125,49889100,0.0,0.0,188.5889923095703,189.14277191162108
2024-05-31 00:00:00-04:00,190.3328400080532,191.4563096895504,188.81168973037515,191.13815307617188,75158300,0.0,0.0,189.65677795410156,189.38237609863282
2024-06-03 00:00:00-04:00,191.7843976924141,193.8623221502784,191.40660565779223,192.90786743164065,50080500,0.0,0.0,190.46209411621095,189.79597015380858
2024-06-04 00:00:00-04:00,193.51434462038463,194.19041988861156,191.91365507081835,193.2260284423828,47471400,0.0,0.0,191.329052734375,190.12505798339845
2024-06-05 00:00:00-04:00,194.269945311189,195.76127042413225,193.74301165159247,194.7372283935547,54156800,0.0,0.0,192.4385986328125,190.4750213623047
2024-06-06 00:00:00-04:00,194.55827933508485,195.3635924798522,193.04706561878615,193.3552703857422,41181800,0.0,0.0,193.07290954589843,190.83095092773436
2024-06-07 00:00:00-04:00,193.5242766218339,195.80104138427976,193.0172315608974,195.75132751464844,53103900,0.0,0.0,193.99554443359375,191.82616119384767
2024-06-10 00:00:00-04:00,195.76126603853865,196.15896182874013,191.03873662001607,192.0031280517578,97010200,0.0,0.0,193.8145965576172,192.13834533691406
2024-06-11 00:00:00-04:00,192.5300553197752,205.9619324668351,192.51018190883104,205.9519805908203,172373300,0.0,0.0,196.3597869873047,193.84441986083985
2024-06-12 00:00:00-04:00,206.1707209873844,218.92652361101457,205.7034379048798,211.8377685546875,198134300,0.0,0.0,199.77989501953124,196.10924682617187
2024-06-13 00:00:00-04:00,213.49810017257707,215.49647028335949,210.37626033331,213.00099182128903,97862700,0.0,0.0,203.70903930664062,198.39097442626954
2024-06-14 00:00:00-04:00,212.61327440682388,213.9256327290686,210.0780184652403,211.2611389160156,70122700,0.0,0.0,206.81100158691407,200.40327301025388
2024-06-17 00:00:00-04:00,212.1360430521221,217.6837748595555,211.4898081720374,215.41696166992188,93728300,0.0,0.0,211.49376831054687,202.654182434082
2024-06-18 00:00:00-04:00,216.33159234343563,217.3655861315708,211.76814166400055,213.05067443847656,79943300,0.0,0.0,212.91350708007812,204.6366470336914
2024-06-20 00:00:00-04:00,212.6927670816265,213.0009869956984,207.64215969704077,208.46734619140625,86172500,0.0,0.0,212.2394226074219,206.00965881347656
2024-06-21 00:00:00-04:00,209.17327704334383,210.66460227969185,205.91224707350656,206.29005432128903,241805100,0.0,0.0,210.89723510742186,207.30313720703126
2024-06-24 00:00:00-04:00,206.51869484312465,211.46988977828624,205.39522511371305,206.93626403808597,80727000,0.0,0.0,210.03226013183593,208.421630859375
2024-06-25 00:00:00-04:00,207.94044013256496,210.1575545458077,207.40356972919952,207.8609161376953,55549700,0.0,0.0,208.52105102539062,210.00740966796874
2024-06-26 00:00:00-04:00,210.2768291728298,213.6173978459433,209.42180221570723,212.01670837402344,66213200,0.0,0.0,208.3142578125,210.61388244628907
2024-06-27 00:00:00-04:00,213.44838535845383,214.49231592564604,211.12192192565487,212.8618011474609,49772700,0.0,0.0,209.19314880371093,210.7162857055664
2024-06-28 00:00:00-04:00,214.52215724323332,214.82042530908265,209.08379028418835,209.4019317626953,82542700,0.0,0.0,209.81552429199218,210.35637969970702
2024-07-01 00:00:00-04:00,210.8634365693964,216.2520897818886,210.6944215345844,215.4964904785156,60402900,0.0,0.0,211.52756958007814,210.77991485595703
2024-07-02 00:00:00-04:00,214.8999410071237,219.10548871515067,213.85602557275527,218.99612426757807,58046200,0.0,0.0,213.75461120605465,211.13783111572266
2024-07-03 00:00:00-04:00,218.7276683957665,220.26870727539065,217.76327700783267,220.26870727539065,37369800,0.0,0.0,215.40501098632814,211.85963439941406
2024-07-05 00:00:00-04:00,220.36812707547224,225.14037030398515,220.36812707547224,225.031005859375,60412400,0.0,0.0,217.83885192871094,213.51600036621093
2024-07-08 00:00:00-04:00,225.7766827586142,226.53229721329785,221.95889400104969,226.50247192382807,59085900,0.0,0.0,221.25895996093746,215.53724212646483
2024-07-09 00:00:00-04:00,226.61180512644188,228.0733048889389,225.0608295018841,227.3574676513672,48076100,0.0,0.0,223.63115539550782,217.57936248779296
2024-07-10 00:00:00-04:00,227.97388876032915,231.73202661360727,227.92417489200207,231.63259887695312,62627700,0.0,0.0,226.1584503173828,219.95653076171874
2024-07-11 00:00:00-04:00,230.0518062316796,231.04602295166967,224.4643131199093,226.25390625,64710600,0.0,0.0,227.3554901123047,221.3802505493164
2024-07-12 00:00:00-04:00,227.59608461971035,231.2945719488415,227.3574671508641,229.2067108154297,53046500,0.0,0.0,228.1906311035156,223.01474151611328
2024-07-15 00:00:00-04:00,235.11237576276483,235.8580383346859,231.7419815445035,233.04440307617188,62631300,0.0,0.0,229.49901733398437,225.37898864746094
2024-07-16 00:00:00-04:00,233.64094209406048,234.9036016458956,230.9863851256273,233.4619903564453,43234300,0.0,0.0,230.719921875,227.1755386352539
2024-07-17 00:00:00-04:00,228.1230311101644,230.1214164943178,225.3292844594588,227.55633544921875,57345900,0.0,0.0,229.90466918945313,228.03155975341798
2024-07-18 00:00:00-04:00,228.94822726389444,229.10730558155055,220.9845567217071,222.8834991455078,66034600,0.0,0.0,229.2305877685547,228.29303894042968
2024-07-19 00:00:00-04:00,223.5198165983548,225.4883615119168,221.9887143107171,223.01275634765625,49151500,0.0,0.0,227.991796875,228.09121398925782
2024-07-22 00:00:00-04:00,225.6971439398997,226.4626951020567,221.799816014305,222.664794921875,48201800,0.0,0.0,225.91587524414064,227.7074462890625
2024-07-23 00:00:00-04:00,223.07241159149987,225.6275559695254,221.3921828247117,223.70870971679688,39960300,0.0,0.0,223.96521911621093,227.34257049560546
2024-07-24 00:00:00-04:00,222.70455320631825,223.4999296447353,215.8742889513949,217.276123046875,61777600,0.0,0.0,221.9091766357422,225.90692291259765
2024-07-25 00:00:00-04:00,217.663867640833,219.57277716709376,213.3787958392943,216.23220825195312,51391200,0.0,0.0,220.57891845703125,224.90475311279297
2024-07-26 00:00:00-04:00,217.4351887967129,218.22062848355827,214.76074345207397,216.6994781494141,41601300,0.0,0.0,219.3162628173828,223.6540298461914
2024-07-29 00:00:00-04:00,215.7052633263403,218.0317267787177,214.50225443638584,216.9778594970703,36311800,0.0,0.0,218.1788757324219,222.04737548828126
2024-07-30 00:00:00-04:00,217.92236610782675,219.05577256608925,214.87011348402856,217.5346221923828,41643800,0.0,0.0,216.94405822753907,220.454638671875
2024-07-31 00:00:00-04:00,220.1593561933901,222.5255968769169,219.3540430654452,220.795654296875,50036300,0.0,0.0,217.64796447753906,219.77857055664063
2024-08-01 00:00:00-04:00,223.0724051151817,223.1817695634113,215.7649211779852,217.09716796875,62501000,0.0,0.0,217.82095642089843,219.19993743896484
2024-08-02 00:00:00-04:00,217.88258518105536,224.29529507499743,216.45092586682145,218.58848571777344,105568600,0.0,0.0,218.19875793457032,218.75751037597655
2024-08-05 00:00:00-04:00,197.9386185328084,212.26528622278008,194.8664922700932,208.05975341796875,119548600,0.0,0.0,216.41513671875,217.29700622558593
2024-08-06 00:00:00-04:00,204.1126936889009,208.7755724881847,199.90716125146164,206.03152465820312,69660500,0.0,0.0,214.11451721191406,215.52928771972657
2024-08-07 00:00:00-04:00,205.703426053809,212.40445197195865,205.19638100586545,208.60655212402344,63516400,0.0,0.0,211.67669677734375,214.6623306274414
2024-08-08 00:00:00-04:00,211.87754516998305,212.9612378528938,207.62229843313003,212.07638549804688,47161100,0.0,0.0,210.67254028320312,214.2467483520508
2024-08-09 00:00:00-04:00,210.8733691090516,215.5262960046125,210.7441160828828,214.9894256591797,42201600,0.0,0.0,209.95272827148438,214.07574310302735
2024-08-12 00:00:00-04:00,215.0690650325273,218.49311650663688,214.60124108809117,216.5222930908203,38028100,0.25,0.0,211.64523620605468,214.03018646240236
2024-08-13 00:00:00-04:00,217.99543949730665,220.86210287308924,217.99543949730665,220.24497985839844,44155300,0.0,0.0,214.48792724609376,214.3012222290039
2024-08-14 00:00:00-04:00,219.54821978702563,221.9968153653892,218.68223972219693,220.69288635253903,41960600,0.0,0.0,216.9051940917969,214.29094543457032
2024-08-15 00:00:00-04:00,223.5595616066544,224.3060872818483,221.72807374055304,223.6790008544922,46414000,0.0,0.0,219.22571716308593,214.94912872314453
2024-08-16 00:00:00-04:00,222.88270038911836,225.77922361016536,222.6139468974481,225.0028381347656,44340200,0.0,0.0,221.22839965820313,215.59056396484374
2024-08-19 00:00:00-04:00,224.6743714872065,224.94312498661264,222.0067784736323,224.8435821533203,40687800,0.0,0.0,222.8926574707031,217.2689468383789
2024-08-20 00:00:00-04:00,224.72413110884565,226.11763957317405,224.4056062095116,225.460693359375,30299000,0.0,0.0,223.93580017089843,219.21186370849608
2024-08-21 00:00:00-04:00,225.4706659840429,226.9238941294544,224.00747444255487,225.3512115478516,34765500,0.0,0.0,224.86746520996093,220.8863296508789
2024-08-22 00:00:00-04:00,226.7347608131935,227.28221598709212,222.86278176595104,223.4898681640625,43695300,0.0,0.0,224.829638671875,222.02767791748047
2024-08-23 00:00:00-04:00,224.61462772424596,227.1627660264127,223.29078716186507,225.7891540527344,38677300,0.0,0.0,224.98690185546874,223.10765075683594
2024-08-26 00:00:00-04:00,225.7095414433551,226.22713682494347,222.85284141893555,226.12759399414065,30602200,0.0,0.0,225.24370422363282,224.06818084716798
2024-08-27 00:00:00-04:00,224.9530683997657,227.7898720189865,223.8482098014285,226.97366333007807,35934600,0.0,0.0,225.54629821777343,224.74104919433594
2024-08-28 00:00:00-04:00,226.86416416696267,228.7951795929336,224.6345354462772,225.4407958984375,38052200,0.0,0.0,225.56421508789063,225.2158401489258
2024-08-29 00:00:00-04:00,229.03407107214645,231.84099956412555,227.819721489883,228.7254943847656,51906300,0.0,0.0,226.61134033203126,225.72048950195312
2024-08-30 00:00:00-04:00,229.123652992766,229.33267166766268,226.42620031745173,227.9391632080078,52990800,0.0,0.0,227.04134216308594,226.01412200927734
2024-09-03 00:00:00-04:00,227.4912604304481,227.9391727978887,220.1454429272487,221.738037109375,50190600,0.0,0.0,226.1634307861328,225.7035675048828
2024-09-04 00:00:00-04:00,220.6331648046219,220.75260404502964,216.47252073588623,219.8269195556641,43840200,0.0,0.0,224.73408203125,225.14019012451172
2024-09-05 00:00:00-04:00,220.60331260233696,224.43546851590304,220.49382156548631,221.34983825683597,36615400,0.0,0.0,223.9158905029297,224.74005279541015
2024-09-06 00:00:00-04:00,222.9125635200513,224.1965961864048,218.75193438162452,219.7970733642578,48423000,0.0,0.0,222.1302062988281,224.3707733154297
2024-09-09 00:00:00-04:00,219.79707827698536,220.24499065438133,215.70611687897429,219.88665771484372,67180000,0.0,0.0,220.51970520019532,223.78052368164063
2024-09-10 00:00:00-04:00,217.905857501112,220.45399594379384,215.72600018375596,219.09034729003903,51591000,0.0,0.0,219.99016723632812,223.07679901123046
2024-09-11 00:00:00-04:00,220.43410202901995,222.05654079085224,216.8806326219321,221.6285400390625,44587100,0.0,0.0,220.35049133300782,222.54228668212892
2024-09-12 00:00:00-04:00,221.46928361366915,222.51442259643304,218.8017058249269,221.738037109375,37455600,0.0,0.0,220.42813110351562,222.17201080322266
2024-09-13 00:00:00-04:00,222.54426752163744,223.00212806640087,220.8820056188433,221.46926879882807,36766600,0.0,0.0,220.76257019042964,221.4463882446289
2024-09-16 00:00:00-04:00,215.5368837592455,216.21374159471785,212.9290256243428,215.3179168701172,59357400,0.0,0.0,219.84882202148432,220.18426361083985
2024-09-17 00:00:00-04:00,214.75054527350213,215.8952118613641,213.5063358570856,215.7857208251953,45519300,0.0,0.0,219.18789672851562,219.5890319824219
2024-09-18 00:00:00-04:00,216.54219508236315,221.67829484771397,216.53223168732617,219.6676483154297,59894900,0.0,0.0,218.79571838378905,219.57310485839844
2024-09-19 00:00:00-04:00,223.94773787040657,228.75536468744528,223.58940496515828,227.80975341796875,66781300,0.0,0.0,220.01006164550782,220.2190963745117
2024-09-20 00:00:00-04:00,228.90467282845125,232.01021467188832,226.5655530501552,227.1428680419922,318679900,0.0,0.0,221.14478149414063,220.95367584228515
2024-09-23 00:00:00-04:00,226.28686337720748,228.3870895913876,224.76395218553373,225.4208984375,54146000,0.0,0.0,223.16537780761718,221.5070999145508
2024-09-24 00:00:00-04:00,227.59078065470555,228.28755007923567,224.6843092769655,226.31671142578125,43556100,0.0,0.0,225.27157592773438,222.229736328125
2024-09-25 00:00:00-04:00,223.8880032168873,226.2370711111093,222.9822303399746,225.3213348388672,42308700,0.0,0.0,226.40231323242188,222.59901580810546
2024-09-26 00:00:00-04:00,226.24703661091277,227.44147457763864,224.3657926365912,226.4660186767578,36636700,0.0,0.0,226.1335662841797,223.07181396484376
2024-09-27 00:00:00-04:00,227.40168136489092,228.4567685573237,226.24705134037436,226.7347717285156,34026000,0.0,0.0,226.05194702148438,223.5983642578125
2024-09-30 00:00:00-04:00,228.97434440874213,231.92063903808597,228.5861516719536,231.92063903808597,54541900,0.0,0.0,227.35189514160157,225.25863647460938
2024-10-01 00:00:00-04:00,228.45675818805825,228.5861456381701,222.70353511874544,225.1620941162109,63285000,0.0,0.0,227.1209716796875,226.19627380371094
2024-10-02 00:00:00-04:00,224.84356992020332,226.31670960653597,221.9868699797652,225.7294464111328,32880600,0.0,0.0,227.2025939941406,226.80245361328124
2024-10-03 00:00:00-04:00,224.09702921544027,225.7592910501673,222.28546833703504,224.62457275390625,34044200,0.0,0.0,226.8343048095703,226.483935546875
2024-10-04 00:00:00-04:00,226.8442543024003,226.9437971307691,223.09172964492672,225.74935913085935,37245100,0.0,0.0,226.63722229003906,226.3445846557617
2024-10-07 00:00:00-04:00,223.4600206171574,224.64451046166124,220.3047072265611,220.6630401611328,39505400,0.0,0.0,224.38570251464844,225.868798828125
2024-10-08 00:00:00-04:00,223.26094483680063,224.933155033014,222.2158058701156,224.72413635253903,31855700,0.0,0.0,224.29811096191406,225.70954132080078
2024-10-09 00:00:00-04:00,224.18662246797504,228.68568791487783,223.78848153487695,228.4766540527344,33591100,0.0,0.0,224.84755249023436,226.0250732421875
2024-10-10 00:00:00-04:00,226.72481576308653,228.43684913724616,226.11764095959848,227.97897338867188,28183500,0.0,0.0,225.5184326171875,226.1763687133789
2024-10-11 00:00:00-04:00,228.23777327090536,228.34726430462075,226.2868462669136,226.49588012695312,31759200,0.0,0.0,225.66773681640626,226.15247955322266
2024-10-14 00:00:00-04:00,227.6405539391785,230.65651637799863,227.54102629778745,230.228515625,39882100,0.0,0.0,227.5808319091797,225.98326721191407
2024-10-15 00:00:00-04:00,232.52781469355563,236.3898456598821,231.29355345996072,232.76670837402344,64751400,0.0,0.0,229.18934631347656,226.7437286376953
2024-10-16 00:00:00-04:00,230.52710945831015,231.04468960128423,228.77525301100687,230.70626831054688,34082200,0.0,0.0,229.63526916503906,227.2414108276367
2024-10-17 00:00:00-04:00,232.348638945834,232.76670668063704,229.4521309302649,231.07456970214844,32993800,0.0,0.0,230.25438842773437,227.88641052246095
2024-10-18 00:00:00-04:00,235.0858880500012,235.0858880500012,232.92594240501305,233.91136169433597,46431500,0.0,0.0,231.73748474121095,228.7026107788086
2024-10-21 00:00:00-04:00,233.36391138062547,235.75280253487685,233.36391138062547,235.38450622558597,36254500,0.0,0.0,232.76868286132813,230.1747573852539
2024-10-22 00:00:00-04:00,232.80651969699693,235.12572795126604,231.52250221800776,234.76739501953125,38846600,0.0,0.0,233.1688201904297,231.17908325195313
2024-10-23 00:00:00-04:00,232.99563706556216,234.05072423456664,226.7049068825192,229.6910095214844,52287000,0.0,0.0,232.96576843261718,231.30051879882814
2024-10-24 00:00:00-04:00,228.9146137210552,229.75073396519565,227.35189464165865,229.50189208984372,31109500,0.0,0.0,232.65123291015624,231.45281066894532
2024-10-25 00:00:00-04:00,228.6757506783198,232.13962556438537,228.5065400142299,230.3380126953125,38802300,0.0,0.0,231.93656311035156,231.83702392578124
2024-10-28 00:00:00-04:00,232.2391553268284,233.64261197661628,231.47271808946843,232.3187713623047,36087100,0.0,0.0,231.32341613769532,232.04604949951172
2024-10-29 00:00:00-04:00,232.0201728307493,233.2444706163013,231.2437873874136,232.5875244140625,35417200,0.0,0.0,230.88744201660157,232.02813110351562
2024-10-30 00:00:00-04:00,231.5324398883544,232.38845656475567,228.48661770128336,229.03407287597656,47070900,0.0,0.0,230.7560546875,231.86091156005858
2024-10-31 00:00:00-04:00,228.27758291037028,228.76531846185907,224.32597264925337,224.8634796142578,64370100,0.0,0.0,229.8283721923828,231.23980255126952
2024-11-01 00:00:00-04:00,219.9463649274566,224.30607958110733,219.2496106921502,221.87738037109372,65276700,0.0,0.0,228.13624572753906,230.03640441894532
2024-11-04 00:00:00-05:00,219.9662881225475,221.7579376254364,218.69221882853125,220.98155212402344,44944500,0.0,0.0,225.86880187988282,228.59610900878906
2024-11-05 00:00:00-05:00,220.7725057228464,222.91253968716023,220.1155595539316,222.41485595703125,28111300,0.0,0.0,223.83426818847656,227.36085510253906
2024-11-06 00:00:00-05:00,221.5787719009408,225.02275032206143,220.16535179621147,221.68826293945312,54561100,0.0,0.0,222.36510620117187,226.56058044433593
2024-11-07 00:00:00-05:00,223.5894049928319,226.82434934768688,223.52968537330025,226.4261932373047,42137700,0.0,0.0,222.67764892578126,226.25301055908204
2024-11-08 00:00:00-05:00,226.366414165256,227.8511489598711,225.60910803907555,226.15716552734372,38328800,0.25,0.0,223.53360595703126,225.83492584228514
2024-11-11 00:00:00-05:00,224.2040938441064,224.9016146506588,220.7164746065314,223.4368133544922,42005600,0.0,0.0,224.024658203125,224.9467300415039
2024-11-12 00:00:00-05:00,223.75568869738083,224.79200315214243,222.5698957238352,223.4368133544922,40398300,0.0,0.0,224.2290496826172,224.0316589355469
2024-11-13 00:00:00-05:00,223.2175800878685,225.84824072641777,221.97200184604,224.3236541748047,48566200,0.0,0.0,224.7561279296875,223.56061706542968
2024-11-14 00:00:00-05:00,224.22402706703755,228.06039910056816,224.2040935569292,227.41270446777344,44923900,0.0,0.0,224.95343017578125,223.81553955078124
2024-11-15 00:00:00-05:00,225.59914322363005,226.11730807125568,223.4766880681117,224.2041015625,47923700,0.0,0.0,224.5628173828125,224.04821166992187
2024-11-18 00:00:00-05:00,224.4532188000698,228.9273417095955,224.37349996104592,227.2134246826172,44633700,0.0,0.0,225.3181396484375,224.67139892578126
2024-11-19 00:00:00-05:00,226.1770839408332,229.34584301691132,225.8582238051146,227.4724884033203,36211800,0.0,0.0,226.12527465820312,225.17716217041016
2024-11-20 00:00:00-05:00,227.25326410482543,229.11664435033197,225.0909420304879,228.18994140625,35169600,0.0,0.0,226.89853210449218,225.82733001708985
2024-11-21 00:00:00-05:00,228.07038183414417,229.3458528412815,224.91159698015457,227.71165466308597,42108300,0.0,0.0,226.95832214355468,225.95587615966798
2024-11-22 00:00:00-05:00,227.2532745036032,229.90386885981252,227.2532745036032,229.05686950683597,38168300,0.0,0.0,227.9288757324219,226.2458465576172
2024-11-25 00:00:00-05:00,230.64124862727573,232.42491005721112,228.92733167542056,232.04624938964844,90152800,0.0,0.0,228.89544067382812,227.1067901611328
2024-11-26 00:00:00-05:00,232.50462429580293,234.73670603206307,232.50462429580293,234.2285003662109,45986200,0.0,0.0,230.24664306640625,228.1859588623047
2024-11-27 00:00:00-05:00,233.6405889619916,234.8562745603856,232.98291999142185,234.0989532470703,33498400,0.0,0.0,231.4284454345703,229.16348876953126
2024-11-29 00:00:00-05:00,233.97938842310504,236.96877632211965,233.14236346053607,236.490478515625,28481400,0.0,0.0,233.18421020507813,230.0712661743164
2024-12-02 00:00:00-05:00,236.4306920263062,239.93822952974796,236.3210805290228,238.7424774169922,48137100,0.0,0.0,235.12133178710937,231.5251037597656
2024-12-03 00:00:00-05:00,238.96170621081689,241.9012679940841,238.0549215480856,241.79165649414065,38861000,0.0,0.0,237.0704132080078,232.98292694091796
2024-12-04 00:00:00-05:00,242.01087120786053,243.24649032811607,240.3966066319756,242.1503753662109,44383900,0.0,0.0,238.6547882080078,234.45071563720703
2024-12-05 00:00:00-05:00,243.1269343008096,243.67497660990784,241.2735131113704,242.18028259277344,40033900,0.0,0.0,240.27105407714845,235.84974975585936
2024-12-06 00:00:00-05:00,242.05074723300527,243.7646642163996,241.22368140458013,241.98098754882807,36870600,0.0,0.0,241.36915588378906,237.27668304443358
2024-12-09 00:00:00-05:00,240.97455722335047,246.3654236467989,240.89483838917155,245.8771514892578,44649200,0.0,0.0,242.79609069824218,238.95871124267578
2024-12-10 00:00:00-05:00,246.0166626912396,247.33200068563025,244.4721425450312,246.8935546875,36914800,0.0,0.0,243.81647033691405,240.44344177246094
2024-12-11 00:00:00-05:00,247.08288910248365,249.91283942191652,245.38889040813984,245.6180877685547,45205800,0.0,0.0,244.5100128173828,241.5824005126953
2024-12-12 00:00:00-05:00,246.01666340683192,247.8601253939288,244.81093690846672,247.0828857421875,32777500,0.0,0.0,245.49053344726562,242.88079376220702
2024-12-13 00:00:00-05:00,246.94338782137356,248.4081739675946,245.36897496771653,247.25228881835935,33155300,0.0,0.0,246.54479370117187,243.95697479248048
2024-12-16 00:00:00-05:00,247.1127635400456,250.49077111704125,246.7739547032778,250.15196228027344,51694800,0.0,0.0,247.399755859375,245.0979232788086
2024-12-17 00:00:00-05:00,249.1953766416157,252.93211150871377,248.8964348112852,252.58334350585935,51356400,0.0,0.0,248.53771362304687,246.17709197998047
2024-12-18 00:00:00-05:00,251.26802371656945,253.3805196542609,246.86366065893745,247.1725616455078,56774100,0.0,0.0,248.8486083984375,246.67931060791017
2024-12-19 00:00:00-05:00,246.6244946545368,251.10857637552837,246.21594133746916,248.9063873291016,60882300,0.0,0.0,249.21330871582032,247.35192108154297
2024-12-20 00:00:00-05:00,247.1625716512524,254.0979578981185,244.8208937111572,253.5897674560547,147495300,0.0,0.0,250.48080444335938,248.51279907226564
2024-12-23 00:00:00-05:00,253.8687883386418,254.7456651132031,252.55345036958025,254.3670196533203,40858800,0.0,0.0,251.32381591796874,249.36178588867188
2024-12-24 00:00:00-05:00,254.58623131585568,257.2965955586333,254.38692663500535,257.2866516113281,23234700,0.0,0.0,252.2644775390625,250.40109558105468
2024-12-26 00:00:00-05:00,257.27667867815336,259.1799258751944,256.7186620602343,258.1037292480469,27237100,0.0,0.0,254.45071105957032,251.6496597290039
2024-12-27 00:00:00-05:00,256.91793375888693,257.7848817480364,252.16481819720389,254.6858673095703,42355300,0.0,0.0,255.60660705566406,252.4099578857422
2024-12-30 00:00:00-05:00,251.33775398934145,252.60326573181476,249.86299361835324,251.307861328125,35557500,0.0,0.0,255.1502258300781,252.81551513671874
2024-12-31 00:00:00-05:00,251.5470385357527,252.38406352835983,248.54767617168997,249.5341796875,39480700,0.0,0.0,254.18365783691405,252.7537368774414
2025-01-02 00:00:00-05:00,248.0494281352692,248.2188401577881,240.96459363401945,242.98741149902344,55740700,0.0,0.0,251.3238098144531,251.7941436767578
2025-01-03 00:00:00-05:00,242.4991455078125,243.31623695542575,241.03434422978037,242.4991455078125,40244100,0.0,0.0,248.20289306640626,251.3268020629883
2025-01-06 00:00:00-05:00,243.4457849039297,246.45510633108967,242.33971076643533,244.1333465576172,45045600,0.0,0.0,246.09238891601564,250.84949798583983
2025-01-07 00:00:00-05:00,242.12047569552988,244.68139184839129,240.4962520142114,241.35321044921875,40856000,0.0,0.0,244.10145874023436,249.62584228515624
2025-01-08 00:00:00-05:00,241.06423680804883,242.8479134243992,239.20085656180404,241.8414764404297,37628900,0.0,0.0,242.56291809082032,248.3732879638672
2025-01-10 00:00:00-05:00,239.16100228470236,239.3104808095479,232.17580437363205,236.0121917724609,61710900,0.0,0.0,241.16787414550782,246.24584197998047
2025-01-13 00:00:00-05:00,232.7039288898965,233.8398957390806,228.90740850459227,233.5708465576172,49630700,0.0,0.0,239.38221435546876,243.7925537109375
2025-01-14 00:00:00-05:00,233.91960476413303,235.28475371553364,231.6476711610837,232.45480346679688,39435300,0.0,0.0,237.0465057373047,241.56944732666017
2025-01-15 00:00:00-05:00,233.80999436776756,238.11472029161555,233.6007305222416,237.028564453125,39832000,0.0,0.0,236.18157653808595,240.14151763916016
2025-01-16 00:00:00-05:00,236.51041752509497,237.1680713225123,227.22337827123215,227.4525604248047,71759100,0.0,0.0,233.30379333496094,237.93335571289063
2025-01-17 00:00:00-05:00,231.2989028272768,231.4682996512766,227.67177943063624,229.16647338867188,68488300,0.0,0.0,231.9346496582031,236.55126190185547
2025-01-21 00:00:00-05:00,223.20762199269612,223.62613445935492,218.6039696546368,221.85243225097656,98070400,0.0,0.0,229.590966796875,234.48659057617186
2025-01-22 00:00:00-05:00,219.01252087308487,223.3272060060417,219.01252087308487,223.03823852539065,64126500,0.0,0.0,227.70765380859376,232.37707977294923
2025-01-23 00:00:00-05:00,223.94503224654224,226.2269251350915,221.51366083038823,222.8688507080078,60234800,0.0,0.0,224.8757110595703,230.5286437988281
2025-01-24 00:00:00-05:00,223.9848686181573,224.831867935065,220.6267944226493,221.991943359375,54697900,0.0,0.0,223.78358764648436,228.54369049072267
2025-01-27 00:00:00-05:00,223.2275672861503,231.3287982977573,223.18770026542344,229.04690551757807,94863400,0.0,0.0,223.75967407226562,227.84716186523437
2025-01-28 00:00:00-05:00,230.03339893004485,239.34035603116672,229.99353191106584,237.41717529296875,75707600,0.0,0.0,226.87262268066405,228.23179473876954
2025-01-29 00:00:00-05:00,233.29182086679864,239.01152170916103,233.1822093717508,238.51329040527344,45486100,0.0,0.0,229.96763305664064,228.8376434326172
2025-01-30 00:00:00-05:00,237.82573898228924,239.93823493591583,236.37091202718116,236.7495574951172,55658300,0.0,0.0,232.7437744140625,228.80974273681642
2025-01-31 00:00:00-05:00,246.31561143302469,246.31561143302469,232.61424963136,235.16519165039065,100959800,0.0,0.0,235.37842407226563,229.581005859375
2025-02-03 00:00:00-05:00,229.17643705581955,231.0099245763286,224.90160402054903,227.20343017578125,73063300,0.0,0.0,235.00972900390624,229.38470153808595
2025-02-04 00:00:00-05:00,226.44614576626617,232.3053512351318,225.8482620717564,231.9765167236328,45067300,0.0,0.0,233.92159729003907,230.39710998535156
2025-02-05 00:00:00-05:00,227.72160926815613,231.84696405052935,227.46253445166025,231.64767456054688,39620300,0.0,0.0,232.54847412109376,231.2580535888672
2025-02-06 00:00:00-05:00,230.47183871784503,232.9729696905443,229.61488023403817,232.39501953125,29925300,0.0,0.0,231.6775665283203,232.2106704711914
2025-02-07 00:00:00-05:00,231.7772347780746,233.17227650429416,226.4561122970612,226.82481384277344,39707200,0.0,0.0,230.00949096679688,232.69395751953124
2025-02-10 00:00:00-05:00,229.0094413336025,230.02693972945136,226.64521806905947,227.0941162109375,33115600,0.25,0.0,229.9876281738281,232.4986785888672
2025-02-11 00:00:00-05:00,227.64278121837336,234.6556142397685,227.57296005864197,232.05198669433597,53718400,0.0,0.0,230.00272216796876,231.9621597290039
2025-02-12 00:00:00-05:00,230.63545743654387,236.38140252594317,230.11672290007743,236.29161071777344,45243300,0.0,0.0,230.93150939941407,231.7399917602539
2025-02-13 00:00:00-05:00,236.33151730066413,241.74825103145727,234.99479296308533,240.9402313232422,53614100,0.0,0.0,232.6405517578125,232.1590591430664
2025-02-14 00:00:00-05:00,240.66092045804317,244.9504238462646,240.40156080072012,244.00274658203125,40896200,0.0,0.0,236.07613830566407,233.04281463623047
2025-02-18 00:00:00-05:00,243.55383619329416,244.5813199542748,241.2494791133952,243.87306213378903,48822500,0.0,0.0,239.4319274902344,234.70977783203125
2025-02-19 00:00:00-05:00,244.0626007630516,245.40929524371265,242.56626341463,244.27207946777344,32204200,0.0,0.0,241.87594604492188,235.9393341064453
2025-02-20 00:00:00-05:00,244.34192533458383,246.17742890005937,243.6935033255141,245.2297515869141,32316900,0.0,0.0,243.66357421875,237.29754180908202
2025-02-21 00:00:00-05:00,245.34944139409683,248.08275639920348,244.6212281548445,244.95042419433597,53197400,0.0,0.0,244.46561279296876,238.55308227539064
2025-02-24 00:00:00-05:00,244.3319283268952,248.25234005966587,243.82317911276243,246.49664306640625,51326400,0.0,0.0,244.96439208984376,240.5202651977539
2025-02-25 00:00:00-05:00,247.3944454522674,249.38956194785015,244.3119941197594,246.4367828369141,48013300,0.0,0.0,245.47713623046874,242.45453186035155
2025-02-26 00:00:00-05:00,243.7334092806253,244.3818160551289,238.5461094200037,239.77310180664065,44433600,0.0,0.0,244.57734069824218,243.22664337158204
2025-02-27 00:00:00-05:00,238.82541422357912,241.86796980219768,236.4811463462344,236.72056579589844,41153600,0.0,0.0,242.87550354003906,243.26953887939453
2025-02-28 00:00:00-05:00,236.37142201455796,241.4988707612677,229.63790389196947,241.24948120117188,56833400,0.0,0.0,242.13531494140625,243.3004638671875
2025-03-03 00:00:00-05:00,241.19958958341564,243.43412542285543,235.5334663348245,237.4487762451172,47184000,0.0,0.0,240.32574157714845,242.6450668334961
2025-03-04 00:00:00-05:00,237.1295800554318,239.4838181516717,234.10696453181083,235.3539123535156,53798100,0.0,0.0,238.10916748046876,241.79315185546875
2025-03-05 00:00:00-05:00,234.8451569942085,235.97240266650644,228.67026910680244,235.1643829345703,47227600,0.0,0.0,237.1874237060547,240.88238220214845
2025-03-06 00:00:00-05:00,233.86756011302523,237.27920752401755,232.59068676229825,234.75538635253903,45170400,0.0,0.0,236.7943878173828,239.83494567871094
2025-03-07 00:00:00-05:00,234.53591456798168,240.78062356819368,234.1867631010968,238.4862518310547,46273600,0.0,0.0,236.2417419433594,239.18852844238282
2025-03-10 00:00:00-04:00,234.96486230654432,235.583358769024,223.6725108894593,226.92454528808597,72071200,0.0,0.0,234.13689575195312,237.23131866455077
2025-03-11 00:00:00-04:00,223.26349982428485,225.2885417663285,216.9190290202944,220.30075073242188,76137400,0.0,0.0,231.1262634277344,234.61771545410156
2025-03-12 00:00:00-04:00,219.60246770742089,221.20853706339403,214.38524243690583,216.4501800537109,62547500,0.0,0.0,227.3834228515625,232.2854232788086
2025-03-13 00:00:00-04:00,215.42269353923288,216.31051974194543,207.9110813961123,209.16799926757807,61368300,0.0,0.0,222.2659454345703,229.53016662597656
2025-03-14 00:00:00-04:00,210.73416839029963,213.4275724686152,209.06824803363213,212.9687042236328,60107600,0.0,0.0,217.16243591308594,226.70208892822265
2025-03-17 00:00:00-04:00,212.78914514941675,214.69448503570536,209.4573042902151,213.4774627685547,48073400,0.0,0.0,214.4730194091797,224.3049575805664
2025-03-18 00:00:00-04:00,213.6370814211214,214.624654360469,210.97360268345204,212.1706695556641,42432400,0.0,0.0,212.8470031738281,221.98663330078125
2025-03-19 00:00:00-04:00,213.6969181399133,218.22582565599035,213.2280645696868,214.7144317626953,54385400,0.0,0.0,212.499853515625,219.94163818359374
2025-03-20 00:00:00-04:00,213.4674927164621,216.9589465476154,211.70181037410745,213.5772247314453,48862900,0.0,0.0,213.38169860839844,217.82382202148438
2025-03-21 00:00:00-04:00,211.0434226778215,218.30564558008663,210.7641075832368,217.73704528808597,94127800,0.0,0.0,214.33536682128906,215.7489013671875
2025-03-24 00:00:00-04:00,220.460369765545,220.9391934559484,218.04628066528423,220.19102478027344,44299500,0.0,0.0,215.6780792236328,215.07554931640624
2025-03-25 00:00:00-04:00,220.23093972638688,223.5528105346996,219.5426220965296,223.2036590576172,34493600,0.0,0.0,217.88467712402343,215.36584014892577
2025-03-26 00:00:00-04:00,222.9642357514217,224.4705584289048,219.93166541277708,220.98907470703125,34466100,0.0,0.0,219.1396057128906,215.81972961425782
2025-03-27 00:00:00-04:00,220.84942102067788,224.4406368200556,220.02144584411212,223.3034210205078,37094800,0.0,0.0,221.08484497070313,217.23327178955077
2025-03-28 00:00:00-04:00,221.12873402087155,223.26350805320467,217.1484711493609,217.3679351806641,39818600,0.0,0.0,221.01102294921876,217.6731948852539
2025-03-31 00:00:00-04:00,216.4801074447652,225.06908447075045,215.7020132379398,221.58761596679688,65299300,0.0,0.0,221.29034118652345,218.4842102050781
2025-04-01 00:00:00-04:00,219.27328293515097,223.1338286051108,218.3655012478301,222.64503479003903,36412700,0.0,0.0,221.17861633300782,219.53164672851562
2025-04-02 00:00:00-04:00,220.7796058888877,224.6401515625236,220.48033536050963,223.34332275390625,35905900,0.0,0.0,221.64946594238282,220.39453582763673
2025-04-03 00:00:00-04:00,205.0381002304481,206.98335084549157,200.758582364718,202.69384765625,103419000,0.0,0.0,217.52755126953124,219.3061981201172
2025-04-04 00:00:00-04:00,193.4165691841804,199.391948603074,186.88255957870848,187.92002868652344,125910900,0.0,0.0,211.63796997070312,216.32449645996093
2025-04-07 00:00:00-04:00,176.76731422169505,193.6759230716255,174.19361217758157,181.0169219970703,160466300,0.0,0.0,203.52383117675782,212.40708618164064
2025-04-08 00:00:00-04:00,186.2441070957976,189.8752182218586,168.79682446290911,171.9989776611328,120859500,0.0,0.0,193.39461975097657,207.2866180419922
2025-04-09 00:00:00-04:00,171.53013119082922,200.1201531468693,171.47028013366514,198.3644561767578,184395900,0.0,0.0,188.3988464355469,205.02415618896484
2025-04-10 00:00:00-04:00,188.60833789927736,194.30438674913324,182.553152263757,189.9550323486328,121880000,0.0,0.0,185.85108337402343,201.68931732177734
2025-04-11 00:00:00-04:00,185.64558871717136,199.05275825525484,185.6056778647687,197.6661529541016,87435900,0.0,0.0,187.80030822753906,199.7191390991211
2025-04-14 00:00:00-04:00,210.9237150406947,212.42005238891585,200.6688176319417,202.02549743652344,101352900,0.0,0.0,192.00202331542968,197.76292724609374
2025-04-15 00:00:00-04:00,201.36709301089155,203.01305790446213,199.3121256140358,201.6464080810547,51343900,0.0,0.0,197.93150939941407,195.6630645751953
2025-04-16 00:00:00-04:00,197.8756484915953,200.2099310657198,191.9002692932641,193.79563903808597,59732400,0.0,0.0,197.01774597167972,192.7082962036133
2025-04-17 00:00:00-04:00,196.71848747425943,198.34451232255947,193.9452767059697,196.4990234375,52164700,0.0,0.0,198.32654418945316,192.08881378173828
2025-04-21 00:00:00-04:00,192.79808650813249,193.3267911609043,189.34652827875263,192.6883544921875,46742500,0.0,0.0,197.33098449707032,192.56564636230468
2025-04-22 00:00:00-04:00,195.64111763020085,201.097762433896,195.49148998245192,199.25228881835935,52976400,0.0,0.0,196.7763427734375,194.3891830444336
2025-04-23 00:00:00-04:00,205.4969935115097,207.49210995336895,202.30481024884085,204.1004180908203,52929200,0.0,0.0,197.26714477539062,197.59932708740234
2025-04-24 00:00:00-04:00,204.38970763388747,208.32008954356945,202.44447210591892,207.8612060546875,47311000,0.0,0.0,200.08025817871095,198.54900207519532
2025-04-25 00:00:00-04:00,205.86608387594285,209.2378355121778,205.69650080604464,208.76898193359372,38222300,0.0,0.0,202.53424987792965,200.4303970336914
2025-04-28 00:00:00-04:00,209.48723454234343,210.9835719319316,206.95344326011443,209.62689208984372,38743100,0.0,0.0,205.92195739746094,201.62647094726563
2025-04-29 00:00:00-04:00,208.1804390437069,211.72177396764008,207.86121308906752,210.6942901611328,36827600,0.0,0.0,208.21035766601562,202.49335021972655
2025-04-30 00:00:00-04:00,208.78894157113288,213.0584895980106,206.16535854293036,211.9811248779297,52286500,0.0,0.0,209.7864990234375,203.52682189941407
2025-05-01 00:00:00-04:00,208.5694808389541,214.0360957896086,208.3899124386699,212.79913330078125,57365700,0.0,0.0,210.77408447265626,205.4271713256836
2025-05-02 00:00:00-04:00,205.58677037884885,206.4845819118293,201.66637387157863,204.8485870361328,101010600,0.0,0.0,209.99000549316406,206.2621276855469
2025-05-05 00:00:00-04:00,202.6040848015313,203.60164304236295,197.72602561272544,198.40435791015625,69018500,0.0,0.0,207.74549865722656,206.83372802734374
2025-05-06 00:00:00-04:00,197.72602851406052,200.1600578713198,196.538931754607,198.02528381347656,51216500,0.0,0.0,205.21169738769532,206.71102752685547
2025-05-07 00:00:00-04:00,198.6836658614824,198.9530108388585,192.77812311451905,195.7707977294922,68536700,0.0,0.0,201.96963195800782,205.87806549072266
2025-05-08 00:00:00-04:00,197.2372161152265,199.56152863729463,194.20463054641704,197.00778198242188,50478900,0.0,0.0,198.81136169433594,204.7927230834961
2025-05-09 00:00:00-04:00,198.51409591462888,200.0503289543839,197.05765414160052,198.0452423095703,36453900,0.0,0.0,197.45069274902343,203.72034912109376
2025-05-12 00:00:00-04:00,210.7308445260501,211.0305074927824,206.5156271207593,210.5510406494141,63775800,0.26,0.0,199.880029296875,203.8127639770508
2025-05-13 00:00:00-04:00,210.19144790738707,213.1580823159532,208.76307628033237,212.6886138916016,51909300,0.0,0.0,202.8126953125,204.01219635009767
2025-05-14 00:00:00-04:00,212.18917192393891,213.69746987061376,210.34127831689767,212.08929443359372,49325800,0.0,0.0,206.0763946533203,204.02301330566405
2025-05-15 00:00:00-04:00,210.71086343228012,212.7185946451233,209.30245815432872,211.21029663085935,45029500,0.0,0.0,208.91689758300782,203.86412963867187
2025-05-16 00:00:00-04:00,212.11926693678467,212.32903558469047,209.53220664773164,211.0205078125,54737900,0.0,0.0,211.51195068359374,204.4813217163086
2025-05-19 00:00:00-04:00,207.67431083672196,209.2425231134968,204.02843943795537,208.54331970214844,46140500,0.0,0.0,211.11040649414062,205.4952178955078
2025-05-20 00:00:00-04:00,207.4345828831543,208.2336790492342,204.79757620413463,206.62550354003903,42496600,0.0,0.0,209.8977844238281,206.35523986816406
2025-05-21 00:00:00-04:00,204.93741112479617,206.8052863577864,200.4824756537251,201.86090087890625,59211800,0.0,0.0,207.85210571289062,206.96425018310546
2025-05-22 00:00:00-04:00,200.4824720941681,202.52015274475195,199.4736073247078,201.13172912597656,46742400,0.0,0.0,205.83639221191407,207.37664489746095
2025-05-23 00:00:00-04:00,193.4504526925712,197.4758830409797,193.2406992850713,195.04864501953125,78432900,0.0,0.0,202.64201965332032,207.07698516845704
2025-05-27 00:00:00-04:00,198.07520901450675,200.51244545494848,197.20618488735448,199.9830474853516,56288500,0.0,0.0,200.92996520996093,206.0201858520508
2025-05-28 00:00:00-04:00,200.3626002526684,202.50017366149785,199.6733800230216,200.1927947998047,45339700,0.0,0.0,199.64342346191407,204.7706039428711
2025-05-29 00:00:00-04:00,203.3492174371598,203.57895243464628,198.28495762525483,199.72332763671875,51396800,0.0,0.0,199.21590881347657,203.53400726318358
2025-05-30 00:00:00-04:00,199.143981266816,201.73105672211125,196.55692105301176,200.622314453125,70819900,0.0,0.0,199.11402587890626,202.47520904541017
2025-06-02 00:00:00-04:00,200.05295557621693,201.9008644592711,199.8931332988897,201.47134399414065,35423300,0.0,0.0,200.39856567382813,201.52029266357422
2025-06-03 00:00:00-04:00,201.1217444882778,203.5389992121068,200.7321872237246,203.03956604003903,46381600,0.0,0.0,201.00986938476564,200.96991729736328
2025-06-04 00:00:00-04:00,202.6799822074808,206.00620910456837,201.8709028727957,202.590087890625,43604000,0.0,0.0,201.48932800292968,200.56637573242188
2025-06-05 00:00:00-04:00,203.26931435006065,204.5178973620389,199.92310578136212,200.40257263183597,55126100,0.0,0.0,201.62517700195312,200.42054290771483
2025-06-06 00:00:00-04:00,202.76987228695745,205.4668084267123,201.82095228760733,203.68882751464844,46607700,0.0,0.0,202.2384796142578,200.67625274658204
2025-06-09 00:00:00-04:00,204.15830357568728,205.76647909477697,199.79326227022588,201.2216339111328,72862600,0.0,0.0,202.18853759765625,201.29355163574218
2025-06-10 00:00:00-04:00,200.3726011094186,204.11835001917973,200.34263633745985,202.44024658203125,54672600,0.0,0.0,202.06867370605468,201.53927154541014
2025-06-11 00:00:00-04:00,203.26930749599725,204.2681738718989,198.18508130061548,198.55465698242188,60989900,0.0,0.0,201.26158752441407,201.37545776367188
2025-06-12 00:00:00-04:00,198.85432303920933,199.45363372918547,197.13627162659284,198.97418212890625,43904600,0.0,0.0,200.9759094238281,201.30054321289063
2025-06-13 00:00:00-04:00,199.50357538920457,200.1428492549886,195.47814514596445,196.227294921875,51447300,0.0,0.0,199.48360290527344,200.8610412597656
2025-06-16 00:00:00-04:00,197.07634287373045,198.46476655376847,196.33717625414863,198.195068359375,43020700,0.0,0.0,198.87828979492187,200.53341369628907
2025-06-17 00:00:00-04:00,196.9764419642561,198.16509536417732,194.98870767431248,195.418212890625,38856200,0.0,0.0,197.47388305664063,199.77127838134766
2025-06-18 00:00:00-04:00,195.71787336797544,197.3460303816964,194.84886452825484,196.35714721679688,45394700,0.0,0.0,197.0343811035156,199.14798431396486
2025-06-20 00:00:00-04:00,198.01527480684123,201.4713439140944,196.6368343380514,200.7721405029297,96813500,0.0,0.0,197.39397277832032,199.18494110107423
2025-06-23 00:00:00-04:00,201.40143343464243,202.07067208145293,198.7344620242812,201.2715759277344,55814300,0.0,0.0,198.4028289794922,198.9432159423828
2025-06-24 00:00:00-04:00,202.36033429336192,203.2093768046809,199.9730442780961,200.07293701171875,54064000,0.0,0.0,198.77840270996094,198.8283462524414
2025-06-25 00:00:00-04:00,201.2216365357081,203.43912119943792,200.3925755811161,201.33151245117188,39525700,0.0,0.0,199.9610626220703,198.71747283935548
2025-06-26 00:00:00-04:00,201.20164572639828,202.41028074115465,199.23389299836737,200.7721405029297,50799100,0.0,0.0,200.84406127929688,198.93922119140626
2025-06-27 00:00:00-04:00,201.66113009938155,202.98962419564967,199.7732732765776,200.85205078125,73188600,0.0,0.0,200.86004333496095,199.12700805664062
2025-06-30 00:00:00-04:00,201.7809871041056,207.15489297707504,199.0341046248948,204.9374084472656,91912800,0.0,0.0,201.59320983886718,199.99801940917968
2025-07-01 00:00:00-04:00,206.4357061767528,209.95171998702364,205.90630823197935,207.58441162109372,78788900,0.0,0.0,203.0955047607422,200.93695373535155
2025-07-02 00:00:00-04:00,208.6731759252599,213.09814660534315,207.9040445567577,212.1991729736328,67941800,0.0,0.0,205.26903686523437,202.61504974365235
2025-07-03 00:00:00-04:00,211.90950026104147,214.4066662563,211.56988934364432,213.30792236328125,34955800,0.0,0.0,207.77619323730468,204.31012725830078
2025-07-07 00:00:00-04:00,212.43889126622693,215.9848699115094,208.563300132892,209.7119903564453,50229000,0.0,0.0,209.54818115234374,205.20411224365233
2025-07-08 00:00:00-04:00,209.86183643928916,211.1903153368944,208.213697736729,209.7719268798828,42848900,0.0,0.0,210.51508483886718,206.05414733886718
2025-07-09 00:00:00-04:00,209.2924745188519,211.09043707809712,206.98509558510867,210.9006500244141,48749400,0.0,0.0,211.17833251953124,207.1369186401367
2025-07-10 00:00:00-04:00,210.27134950514616,213.237983779078,209.7918979255535,212.1692047119141,44443600,0.0,0.0,211.1723388671875,208.22068786621094
2025-07-11 00:00:00-04:00,210.33129628612957,211.88952536572023,209.6220944658076,210.92062377929688,39765800,0.0,0.0,210.69487915039062,209.23553619384765
2025-07-14 00:00:00-04:00,209.69201166358403,210.670911689046,207.3047216270235,208.3834991455078,38840100,0.0,0.0,210.42918090820314,209.98868103027343
2025-07-15 00:00:00-04:00,208.9828312368767,211.64980271899068,208.6831682659836,208.8729553222656,42296300,0.0,0.0,210.2493865966797,210.38223571777343
2025-07-16 00:00:00-04:00,210.06160887608692,212.1592191902425,208.40348697906975,209.92176818847656,47490500,0.0,0.0,210.0536102294922,210.61597137451173
2025-07-17 00:00:00-04:00,210.3313009439948,211.5599023237274,209.35240091776063,209.78192138671875,48068100,0.0,0.0,209.57615356445314,210.3742462158203
2025-07-18 00:00:00-04:00,210.63095139102305,211.54990664350103,209.46227954032304,210.9405975341797,48974600,0.0,0.0,209.58014831542968,210.13751373291015
2025-07-21 00:00:00-04:00,211.8595616297783,215.53538252867688,211.39009321998003,212.23912048339844,51377400,0.0,0.0,210.3512725830078,210.39022674560547
2025-07-22 00:00:00-04:00,212.89838571641525,214.7063314773177,211.9894136266437,214.15695190429688,46404100,0.0,0.0,211.40807189941407,210.82872924804687
2025-07-23 00:00:00-04:00,214.75626907170556,214.90609293027535,212.1692088371252,213.9072265625,46989300,0.0,0.0,212.20516357421874,211.12938690185547
2025-07-24 00:00:00-04:00,213.65751035981805,215.44548969662856,213.28793468034505,213.5176696777344,46022600,0.0,0.0,212.9523132324219,211.2642333984375
2025-07-25 00:00:00-04:00,214.45660521718813,214.9960015887686,213.15807589620647,213.63754272460935,40268800,0.0,0.0,213.4917022705078,211.53592529296876
2025-07-28 00:00:00-04:00,213.78737619229815,214.6064539631857,212.81847455673216,213.80735778808597,37858000,0.0,0.0,213.80534973144532,212.07831115722655
2025-07-29 00:00:00-04:00,213.93719187335407,214.5664825639156,210.58101550100253,211.03050231933597,51411700,0.0,0.0,213.18005981445313,212.2940658569336
2025-07-30 00:00:00-04:00,211.65977882345743,212.14922883427735,207.48452469073797,208.81301879882807,45512500,0.0,0.0,212.16121826171874,212.18319091796874
2025-07-31 00:00:00-04:00,208.25365677749065,209.60211724381097,206.92516266487007,207.33470153808597,80698400,0.0,0.0,210.92462463378905,211.93846893310547
2025-08-01 00:00:00-04:00,210.63095505795985,213.33788973606852,201.27158167093611,202.1505889892578,104434500,0.0,0.0,208.62723388671876,211.0594680786133
2025-08-04 00:00:00-04:00,204.27816503495924,207.64435521756303,201.4513712516652,203.11949157714844,75109300,0.0,0.0,206.48966064453126,210.1475051879883
2025-08-05 00:00:00-04:00,203.1694082424696,205.1072113881769,201.93082373064988,202.68995666503903,44155100,0.0,0.0,204.82155151367186,209.0008056640625
2025-08-06 00:00:00-04:00,205.39689808550256,215.1358452662651,205.3569348951669,213.0082550048828,108483100,0.0,0.0,205.6605987548828,208.9109085083008
2025-08-07 00:00:00-04:00,218.63187314031333,220.5996410833085,216.33447747046455,219.7805633544922,90224800,0.0,0.0,208.14977111816407,209.53719787597657
2025-08-08 00:00:00-04:00,220.57966572513484,230.73813503605493,219.00145500716468,229.0900115966797,113854000,0.0,0.0,213.53765563964845,211.0824447631836
2025-08-11 00:00:00-04:00,227.9199981689453,229.55999755859372,224.75999450683597,227.17999267578125,61806100,0.26,0.0,218.349755859375,212.41970825195312
2025-08-12 00:00:00-04:00,228.00999450683597,230.8000030517578,227.07000732421875,229.6499938964844,55626200,0.0,0.0,223.74176330566405,214.28165740966796
2025-08-13 00:00:00-04:00,231.07000732421875,235.0,230.42999267578125,233.3300018310547,69878500,0.0,0.0,227.80611267089844,216.7333557128906
2025-08-14 00:00:00-04:00,234.05999755859372,235.1199951171875,230.8500061035156,232.77999877929688,51916300,0.0,0.0,230.40599975585937,219.27788543701172
2025-08-15 00:00:00-04:00,234.0,234.27999877929688,229.33999633789065,231.58999633789065,56038700,0.0,0.0,230.90599670410157,222.221826171875
2025-08-18 00:00:00-04:00,231.6999969482422,233.1199951171875,230.1100006103516,230.88999938964844,37476200,0.0,0.0,231.647998046875,224.998876953125
2025-08-19 00:00:00-04:00,231.27999877929688,232.8699951171875,229.3500061035156,230.55999755859372,39402600,0.0,0.0,231.8299987792969,227.78588104248047
2025-08-20 00:00:00-04:00,229.97999572753903,230.47000122070312,225.7700042724609,226.00999450683597,42263900,0.0,0.0,230.36599731445312,229.08605499267577
2025-08-21 00:00:00-04:00,226.2700042724609,226.5200042724609,223.77999877929688,224.8999938964844,30621200,0.0,0.0,228.7899963378906,229.597998046875
2025-08-22 00:00:00-04:00,226.1699981689453,229.08999633789065,225.41000366210935,227.75999450683597,42477800,0.0,0.0,228.02399597167968,229.46499633789062
2025-08-25 00:00:00-04:00,226.47999572753903,229.3000030517578,226.22999572753903,227.16000366210935,30983100,0.0,0.0,227.2779968261719,229.46299743652344
2025-08-26 00:00:00-04:00,226.8699951171875,229.4900054931641,224.69000244140625,229.30999755859372,54575100,0.0,0.0,227.0279968261719,229.4289978027344
2025-08-27 00:00:00-04:00,228.6100006103516,230.8999938964844,228.25999450683597,230.4900054931641,31259500,0.0,0.0,227.9239990234375,229.1449981689453
2025-08-28 00:00:00-04:00,230.82000732421875,233.41000366210935,229.33999633789065,232.55999755859372,38074700,0.0,0.0,229.45599975585938,229.122998046875
2025-08-29 00:00:00-04:00,232.50999450683597,233.3800048828125,231.3699951171875,232.13999938964844,39418400,0.0,0.0,230.33200073242188,229.1779983520508
2025-09-02 00:00:00-04:00,229.25,230.8500061035156,226.97000122070312,229.72000122070312,44075600,0.0,0.0,230.84400024414063,229.06099853515624
2025-09-03 00:00:00-04:00,237.2100067138672,238.8500061035156,234.3600006103516,238.47000122070312,66427800,0.0,0.0,232.6760009765625,229.85199890136718
2025-09-04 00:00:00-04:00,238.4499969482422,239.8999938964844,236.7400054931641,239.77999877929688,47549400,0.0,0.0,234.53399963378905,231.22899932861327
2025-09-05 00:00:00-04:00,240.0,241.32000732421875,238.4900054931641,239.69000244140625,54870400,0.0,0.0,235.96000061035156,232.70800018310547
2025-09-08 00:00:00-04:00,239.3000030517578,240.1499938964844,236.33999633789065,237.8800048828125,48999500,0.0,0.0,237.10800170898438,233.72000122070312
2025-09-09 00:00:00-04:00,237.0,238.77999877929688,233.3600006103516,234.3500061035156,66313900,0.0,0.0,238.03400268554688,234.43900146484376
2025-09-10 00:00:00-04:00,232.19000244140625,232.4199981689453,225.9499969482422,226.7899932861328,83440800,0.0,0.0,235.6980010986328,234.18700103759767
2025-09-11 00:00:00-04:00,226.8800048828125,230.4499969482422,226.6499938964844,230.02999877929688,50208600,0.0,0.0,233.7480010986328,234.14100036621093
2025-09-12 00:00:00-04:00,229.22000122070312,234.50999450683597,229.0200042724609,234.07000732421875,55824200,0.0,0.0,232.6240020751953,234.29200134277343
2025-09-15 00:00:00-04:00,237.0,238.19000244140625,235.02999877929688,236.6999969482422,42699500,0.0,0.0,232.38800048828125,234.7480010986328
2025-09-16 00:00:00-04:00,237.17999267578125,241.22000122070312,236.32000732421875,238.1499938964844,63421100,0.0,0.0,233.147998046875,235.59100036621095
2025-09-17 00:00:00-04:00,238.97000122070312,240.1000061035156,237.72999572753903,238.9900054931641,46508000,0.0,0.0,235.58800048828124,235.64300079345702
2025-09-18 00:00:00-04:00,239.97000122070312,241.1999969482422,236.6499938964844,237.8800048828125,44249600,0.0,0.0,237.1580017089844,235.4530014038086
2025-09-19 00:00:00-04:00,241.22999572753903,246.3000030517578,240.2100067138672,245.5,163741300,0.0,0.0,239.44400024414062,236.03400115966798
2025-09-22 00:00:00-04:00,248.3000030517578,256.6400146484375,248.1199951171875,256.0799865722656,105517400,0.0,0.0,243.31999816894532,237.85399932861327
2025-09-23 00:00:00-04:00,255.8800048828125,257.3399963378906,253.5800018310547,254.42999267578125,60275200,0.0,0.0,246.57599792480468,239.86199798583985
2025-09-24 00:00:00-04:00,255.22000122070312,255.7400054931641,251.0399932861328,252.30999755859372,42303700,0.0,0.0,249.23999633789063,242.41399841308595
2025-09-25 00:00:00-04:00,253.2100067138672,257.1700134277344,251.7100067138672,256.8699951171875,55202100,0.0,0.0,253.03799438476562,245.097998046875
2025-09-26 00:00:00-04:00,254.1000061035156,257.6000061035156,253.77999877929688,255.4600067138672,46045700,0.0,0.0,255.02999572753907,247.23699798583985
