Date,Open,High,Low,Close,Volume,Dividends,Stock Splits,MA_5,MA_10
2020-09-28 00:00:00-04:00,157.4425048828125,158.7519989013672,155.85850524902344,158.70249938964844,84484000,0.0,0.0,,
2020-09-29 00:00:00-04:00,158.76950073242188,159.41299438476562,156.6269989013672,157.24400329589844,69916000,0.0,0.0,,
2020-09-30 00:00:00-04:00,157.0570068359375,160.6439971923828,156.69949340820312,157.43649291992188,97922000,0.0,0.0,,
2020-10-01 00:00:00-04:00,160.39999389648438,161.1999969482422,158.60000610351562,161.06300354003906,99438000,0.0,0.0,,
2020-10-02 00:00:00-04:00,157.68150329589844,159.7899932861328,156.14999389648438,156.25,112262000,0.0,0.0,158.13919982910156,
2020-10-05 00:00:00-04:00,157.29200744628906,160.12649536132812,157.04249572753906,159.9600067138672,75506000,0.0,0.0,158.3907012939453,
2020-10-06 00:00:00-04:00,158.25,159.10000610351562,154.5,154.9980010986328,101738000,0.0,0.0,157.94150085449218,
2020-10-07 00:00:00-04:00,156.75,160.0,156.6195068359375,159.7845001220703,86188000,0.0,0.0,158.41110229492188,
2020-10-08 00:00:00-04:00,161.24949645996094,161.6645050048828,158.74949645996094,159.52749633789062,63482000,0.0,0.0,158.1040008544922,
2020-10-09 00:00:00-04:00,160.5,164.44949340820312,159.89149475097656,164.33250427246094,98158000,0.0,0.0,159.7205017089844,158.92985076904296
2020-10-12 00:00:00-04:00,167.4969940185547,174.81199645996094,166.9774932861328,172.14649963378906,167284000,0.0,0.0,162.15780029296874,160.27425079345704
2020-10-13 00:00:00-04:00,173.39950561523438,174.61900329589844,171.21099853515625,172.18150329589844,114894000,0.0,0.0,165.59450073242186,161.76800079345702
2020-10-14 00:00:00-04:00,172.35000610351562,173.24400329589844,167.0,168.1855010986328,116254000,0.0,0.0,167.2747009277344,162.84290161132813
2020-10-15 00:00:00-04:00,164.60049438476562,167.79400634765625,164.0,166.9324951171875,104468000,0.0,0.0,168.75570068359374,163.42985076904296
2020-10-16 00:00:00-04:00,168.1614990234375,169.98300170898438,158.0,163.635498046875,129488000,0.0,0.0,168.61629943847657,164.16840057373048
2020-10-19 00:00:00-04:00,164.98049926757812,166.4499969482422,159.63699340820312,160.36050415039062,104472000,0.0,0.0,166.25910034179688,164.2084503173828
2020-10-20 00:00:00-04:00,161.11399841308594,163.3000030517578,159.60049438476562,160.85049438476562,90194000,0.0,0.0,163.9928985595703,164.7936996459961
2020-10-21 00:00:00-04:00,160.625,161.69400024414062,158.0,159.2469940185547,91854000,0.0,0.0,162.2051971435547,164.73994903564454
2020-10-22 00:00:00-04:00,159.49349975585938,159.9375,156.0970001220703,158.82000732421875,84240000,0.0,0.0,160.58269958496095,164.66920013427733
2020-10-23 00:00:00-04:00,159.5500030517578,160.26649475097656,157.0,160.22000122070312,69334000,0.0,0.0,159.89960021972655,164.25794982910156
2020-10-26 00:00:00-04:00,159.93699645996094,164.1490020751953,157.6649932861328,160.3520050048828,118024000,0.0,0.0,159.897900390625,163.07850036621093
2020-10-27 00:00:00-04:00,161.2469940185547,164.58299255371094,160.56500244140625,164.31649780273438,85820000,0.0,0.0,160.59110107421876,162.29199981689453
2020-10-28 00:00:00-04:00,162.46499633789062,163.2010040283203,158.12350463867188,158.13900756835938,111766000,0.0,0.0,160.3695037841797,161.2873504638672
2020-10-29 00:00:00-04:00,160.06350708007812,162.8625030517578,158.1999969482422,160.55050659179688,131930000,0.0,0.0,160.71560363769532,160.64915161132814
2020-10-30 00:00:00-04:00,157.8874969482422,158.35000610351562,150.9499969482422,151.8074951171875,167728000,0.0,0.0,159.0331024169922,159.4663513183594
2020-11-02 00:00:00-05:00,153.08700561523438,153.98550415039062,147.50599670410156,150.2239990234375,145148000,0.0,0.0,157.00750122070312,158.45270080566405
2020-11-03 00:00:00-05:00,150.92649841308594,153.7449951171875,149.0489959716797,152.42050170898438,97958000,0.0,0.0,154.62830200195313,157.60970153808594
2020-11-04 00:00:00-05:00,157.99949645996094,162.24249267578125,156.9864959716797,162.05799865722656,136780000,0.0,0.0,155.41210021972657,157.89080200195312
2020-11-05 00:00:00-05:00,165.99850463867188,168.33999633789062,164.44400024414062,166.10000610351562,115786000,0.0,0.0,156.52200012207032,158.61880187988282
2020-11-06 00:00:00-05:00,165.23199462890625,166.10000610351562,161.60000610351562,165.56849670410156,92946000,0.0,0.0,159.27420043945312,159.15365142822264
2020-11-09 00:00:00-05:00,161.55149841308594,164.4499969482422,155.60549926757812,157.18699645996094,143808000,0.0,0.0,160.66679992675782,158.83715057373047
2020-11-10 00:00:00-05:00,154.75100708007812,155.6999969482422,150.9739990234375,151.75100708007812,131820000,0.0,0.0,160.53290100097655,157.58060150146486
2020-11-11 00:00:00-05:00,153.08900451660156,156.95750427246094,152.5,156.8695068359375,87338000,0.0,0.0,159.49520263671874,157.45365142822266
2020-11-12 00:00:00-05:00,157.99749755859375,158.79400634765625,154.30250549316406,155.51400756835938,87240000,0.0,0.0,157.3780029296875,156.95000152587892
2020-11-13 00:00:00-05:00,156.10000610351562,157.08599853515625,154.26950073242188,156.4405059814453,75124000,0.0,0.0,155.55240478515626,157.41330261230468
2020-11-16 00:00:00-05:00,154.66000366210938,157.13499450683594,153.63450622558594,156.55299377441406,76174000,0.0,0.0,155.42560424804688,158.04620208740235
2020-11-17 00:00:00-05:00,159.177001953125,159.46249389648438,156.76300048828125,156.7830047607422,68894000,0.0,0.0,156.4320037841797,158.48245239257812
2020-11-18 00:00:00-05:00,156.6999969482422,157.0,155.2550048828125,155.2729949951172,58336000,0.0,0.0,156.11270141601562,157.8039520263672
2020-11-19 00:00:00-05:00,155.2655029296875,156.25,154.04600524902344,155.8509979248047,60206000,0.0,0.0,156.1800994873047,156.7790512084961
2020-11-20 00:00:00-05:00,155.8509979248047,156.64450073242188,154.90249633789062,154.97000122070312,67488000,0.0,0.0,155.88599853515626,155.71920166015624
2020-11-23 00:00:00-05:00,155.8350067138672,156.9875030517578,153.2729949951172,154.91949462890625,94178000,0.0,0.0,155.55929870605468,155.4924514770508
2020-11-24 00:00:00-05:00,155.02499389648438,156.71249389648438,154.31300354003906,155.9029998779297,72042000,0.0,0.0,155.3832977294922,155.90765075683595
2020-11-25 00:00:00-05:00,157.093505859375,159.89999389648438,157.01300048828125,159.2534942626953,75808000,0.0,0.0,156.1793975830078,156.14604949951172
2020-11-27 00:00:00-05:00,160.56300354003906,160.8094940185547,159.50250244140625,159.76699829101562,47858000,0.0,0.0,156.96259765625,156.57134857177735
2020-11-30 00:00:00-05:00,160.4239959716797,161.41949462890625,156.27749633789062,158.40199279785156,81278000,0.0,0.0,157.64899597167968,156.76749725341796
2020-12-01 00:00:00-05:00,159.4250030517578,162.44749450683594,157.85899353027344,161.00399780273438,90740000,0.0,0.0,158.86589660644532,157.21259765625
2020-12-02 00:00:00-05:00,161.08250427246094,161.60000610351562,158.66299438476562,160.17649841308594,62586000,0.0,0.0,159.72059631347656,157.55194702148438
2020-12-03 00:00:00-05:00,160.2729949951172,161.4320068359375,159.0655059814453,159.3365020751953,57840000,0.0,0.0,159.73719787597656,157.9582977294922
2020-12-04 00:00:00-05:00,159.91050720214844,159.91050720214844,157.93800354003906,158.12899780273438,58272000,0.0,0.0,159.40959777832032,158.18609771728515
2020-12-07 00:00:00-05:00,157.82400512695312,159.03799438476562,157.08450317382812,157.89999389648438,55026000,0.0,0.0,159.30919799804687,158.47909698486328
2020-12-08 00:00:00-05:00,157.94500732421875,159.2064971923828,156.00100708007812,158.864501953125,65726000,0.0,0.0,158.881298828125,158.87359771728515
2020-12-09 00:00:00-05:00,158.39450073242188,158.72149658203125,154.39999389648438,155.2100067138672,82016000,0.0,0.0,157.88800048828125,158.8042984008789
2020-12-10 00:00:00-05:00,154.44949340820312,157.10499572753906,153.8000030517578,155.07449340820312,60604000,0.0,0.0,157.0355987548828,158.3863983154297
2020-12-11 00:00:00-05:00,154.83299255371094,155.93350219726562,153.64100646972656,155.8209991455078,61294000,0.0,0.0,156.5739990234375,157.9917984008789
2020-12-14 00:00:00-05:00,157.14999389648438,159.52349853515625,156.3000030517578,157.84849548339844,83116000,0.0,0.0,156.5636993408203,157.9364486694336
2020-12-15 00:00:00-05:00,159.05050659179688,159.4250030517578,156.52450561523438,158.25599670410156,66390000,0.0,0.0,156.44199829101564,157.66164855957032
2020-12-16 00:00:00-05:00,158.80050659179688,162.35000610351562,158.1840057373047,162.04800415039062,88552000,0.0,0.0,157.80959777832032,157.8487991333008
2020-12-17 00:00:00-05:00,162.5,163.17550659179688,161.0500030517578,161.8040008544922,69486000,0.0,0.0,159.15549926757814,158.09554901123047
2020-12-18 00:00:00-05:00,162.19949340820312,162.4709930419922,158.5800018310547,160.08250427246094,119914000,0.0,0.0,160.00780029296874,158.29089965820313
2020-12-21 00:00:00-05:00,160.00050354003906,161.34849548339844,158.3000030517578,160.3090057373047,76736000,0.0,0.0,160.49990234375,158.53180084228515
2020-12-22 00:00:00-05:00,160.14199829101562,161.10000610351562,159.00399780273438,160.3260040283203,47388000,0.0,0.0,160.91390380859374,158.67795104980468
2020-12-23 00:00:00-05:00,160.25,160.50650024414062,159.20849609375,159.2635040283203,41876000,0.0,0.0,160.35700378417968,159.08330078125
2020-12-24 00:00:00-05:00,159.69500732421875,160.10000610351562,158.4499969482422,158.63450622558594,29038000,0.0,0.0,159.72310485839844,159.43930206298828
2020-12-28 00:00:00-05:00,159.6999969482422,165.1999969482422,158.63450622558594,164.197998046875,113736000,0.0,0.0,160.54620361328125,160.277001953125
2020-12-29 00:00:00-05:00,165.4969940185547,167.53250122070312,164.06100463867188,166.10000610351562,97458000,0.0,0.0,161.70440368652345,161.1021530151367
2020-12-30 00:00:00-05:00,167.0500030517578,167.10499572753906,164.12350463867188,164.29249572753906,64186000,0.0,0.0,162.4977020263672,161.70580291748047
2020-12-31 00:00:00-05:00,163.75,164.14599609375,162.05999755859375,162.84649658203125,59144000,0.0,0.0,163.21430053710938,161.78565216064453
2021-01-04 00:00:00-05:00,163.5,163.60000610351562,157.2010040283203,159.3314971923828,88228000,0.0,0.0,163.35369873046875,161.53840179443358
2021-01-05 00:00:00-05:00,158.30050659179688,161.16900634765625,158.2530059814453,160.92550659179688,53110000,0.0,0.0,162.69920043945314,161.6227020263672
2021-01-06 00:00:00-05:00,157.32400512695312,159.87550354003906,156.55799865722656,156.91900634765625,87896000,0.0,0.0,160.86300048828124,161.28370208740233
2021-01-07 00:00:00-05:00,157.85000610351562,160.427001953125,157.75,158.10800170898438,70290000,0.0,0.0,159.6261016845703,161.06190185546876
2021-01-08 00:00:00-05:00,159.0,159.53199768066406,157.11000061035156,159.13499450683594,70754000,0.0,0.0,158.88380126953126,161.0490509033203
2021-01-11 00:00:00-05:00,157.40049743652344,157.81900024414062,155.5,155.7104949951172,73668000,0.0,0.0,158.15960083007812,160.75664978027345
2021-01-12 00:00:00-05:00,156.0,157.10699462890625,154.3000030517578,156.04150390625,70292000,0.0,0.0,157.18280029296875,159.94100036621094
2021-01-13 00:00:00-05:00,156.4219970703125,159.49749755859375,156.10400390625,158.29449462890625,66424000,0.0,0.0,157.45789794921876,159.16044921875
2021-01-14 00:00:00-05:00,158.37600708007812,158.89999389648438,156.0294952392578,156.37350463867188,61418000,0.0,0.0,157.11099853515626,158.3685501098633
2021-01-15 00:00:00-05:00,156.1510009765625,157.12750244140625,154.7584991455078,155.21249389648438,84880000,0.0,0.0,156.32649841308594,157.6051498413086
2021-01-19 00:00:00-05:00,155.35000610351562,157.25,154.8000030517578,156.03799438476562,66102000,0.0,0.0,156.39199829101562,157.2757995605469
2021-01-20 00:00:00-05:00,159.09950256347656,163.99000549316406,158.75,163.16900634765625,106196000,0.0,0.0,157.81749877929687,157.50014953613282
2021-01-21 00:00:00-05:00,164.64999389648438,167.42750549316406,164.47850036621094,165.34950256347656,98722000,0.0,0.0,159.22850036621094,158.34319915771485
2021-01-22 00:00:00-05:00,165.2154998779297,166.0955047607422,164.1580047607422,164.6114959716797,56438000,0.0,0.0,160.8760986328125,158.99354858398436
2021-01-25 00:00:00-05:00,166.4250030517578,168.1945037841797,162.15750122070312,164.6999969482422,74996000,0.0,0.0,162.77359924316406,159.550048828125
2021-01-26 00:00:00-05:00,164.8179931640625,166.89999389648438,164.14349365234375,166.30650329589844,59104000,0.0,0.0,164.82730102539062,160.60964965820312
2021-01-27 00:00:00-05:00,167.07449340820312,167.3260040283203,160.35400390625,161.62899780273438,93204000,0.0,0.0,164.51929931640626,161.16839904785155
2021-01-28 00:00:00-05:00,161.7519989013672,165.08399963378906,161.4344940185547,161.88099670410156,62984000,0.0,0.0,163.82559814453126,161.52704925537108
2021-01-29 00:00:00-05:00,161.5,161.84950256347656,159.2274932861328,160.30999755859375,85872000,0.0,0.0,162.96529846191407,161.9206985473633
2021-02-01 00:00:00-05:00,162.1179962158203,167.51300048828125,161.75149536132812,167.1439971923828,83204000,0.0,0.0,163.4540985107422,163.1138488769531
2021-02-02 00:00:00-05:00,169.0,171.38699340820312,168.05650329589844,169.0,141972000,0.0,0.0,163.9927978515625,164.41004943847656
2021-02-03 00:00:00-05:00,171.25050354003906,171.6999969482422,165.43099975585938,165.62649536132812,141776000,0.0,0.0,164.79229736328125,164.65579833984376
2021-02-04 00:00:00-05:00,166.5,167.35000610351562,163.8874969482422,166.5500030517578,73414000,0.0,0.0,165.7260986328125,164.77584838867188
2021-02-05 00:00:00-05:00,165.9499969482422,168.85000610351562,165.135498046875,167.6074981689453,72416000,0.0,0.0,167.18559875488282,165.07544860839843
2021-02-08 00:00:00-05:00,167.9250030517578,168.25,165.1999969482422,166.14700317382812,65148000,0.0,0.0,166.98619995117187,165.22014923095702
2021-02-09 00:00:00-05:00,165.62449645996094,166.89999389648438,164.89199829101562,165.25,44070000,0.0,0.0,166.23619995117187,165.1144989013672
2021-02-10 00:00:00-05:00,165.6999969482422,165.8975067138672,162.6999969482422,164.32899475097656,63032000,0.0,0.0,165.97669982910156,165.3844985961914
2021-02-11 00:00:00-05:00,164.60000610351562,164.60000610351562,162.4029998779297,163.10650634765625,46028000,0.0,0.0,165.28800048828126,165.50704956054688
2021-02-12 00:00:00-05:00,162.5,164.0124969482422,161.66549682617188,163.885498046875,46706000,0.0,0.0,164.5436004638672,165.864599609375
2021-02-16 00:00:00-05:00,162.70249938964844,165.4149932861328,162.67950439453125,163.44749450683594,51494000,0.0,0.0,164.00369873046876,165.4949493408203
2021-02-17 00:00:00-05:00,163.17999267578125,166.04550170898438,162.97500610351562,165.4320068359375,65950000,0.0,0.0,164.04010009765625,165.13815002441407
2021-02-18 00:00:00-05:00,164.12100219726562,166.89999389648438,163.69700622558594,166.4114990234375,60548000,0.0,0.0,164.45660095214845,165.216650390625
2021-02-19 00:00:00-05:00,166.4114990234375,166.6750030517578,162.28750610351562,162.4949951171875,86104000,0.0,0.0,164.33429870605468,164.81114959716797
2021-02-22 00:00:00-05:00,160.406494140625,161.61599731445312,158.61300659179688,159.03700256347656,70314000,0.0,0.0,163.364599609375,163.9541000366211
2021-02-23 00:00:00-05:00,156.35150146484375,160.2364959716797,154.67999267578125,159.72500610351562,93544000,0.0,0.0,162.62010192871094,163.31190032958983
2021-02-24 00:00:00-05:00,158.33749389648438,158.56149291992188,156.2689971923828,157.97650146484375,60226000,0.0,0.0,161.12900085449218,162.5845504760742
2021-02-25 00:00:00-05:00,156.83700561523438,158.91299438476562,152.38800048828125,152.85800170898438,90676000,0.0,0.0,158.41830139160157,161.437451171875
2021-02-26 00:00:00-05:00,154.75999450683594,156.1219940185547,151.8350067138672,154.64649963378906,85518000,0.0,0.0,156.84860229492188,160.5914505004883
2021-03-01 00:00:00-05:00,156.39450073242188,157.47799682617188,154.89950561523438,157.3070068359375,54582000,0.0,0.0,156.50260314941406,159.93360137939453
2021-03-02 00:00:00-05:00,157.17349243164062,158.17599487304688,154.3560028076172,154.72650146484375,51916000,0.0,0.0,155.50290222167968,159.0615020751953
2021-03-03 00:00:00-05:00,154.0590057373047,155.38900756835938,149.75,150.25,79774000,0.0,0.0,153.95760192871094,157.54330139160157
2021-03-04 00:00:00-05:00,150.60000610351562,152.906494140625,147.27149963378906,148.8784942626953,109632000,0.0,0.0,153.1617004394531,155.79000091552734
2021-03-05 00:00:00-05:00,150.25,150.4499969482422,144.0500030517578,150.0229949951172,107772000,0.0,0.0,152.23699951171875,154.5428009033203
2021-03-08 00:00:00-05:00,150.75,153.22950744628906,147.5655059814453,147.59750366210938,83700000,0.0,0.0,150.29509887695312,153.3988510131836
2021-03-09 00:00:00-05:00,150.89950561523438,154.54800415039062,150.25750732421875,153.1425018310547,80600000,0.0,0.0,149.97829895019532,152.7406005859375
2021-03-10 00:00:00-05:00,154.92250061035156,155.822998046875,151.50250244140625,152.8820037841797,60250000,0.0,0.0,150.50469970703125,152.23115081787108
2021-03-11 00:00:00-05:00,155.20050048828125,156.58900451660156,154.14649963378906,155.67950439453125,55528000,0.0,0.0,151.86490173339843,152.51330108642577
2021-03-12 00:00:00-05:00,153.75,154.94900512695312,152.27499389648438,154.47450256347656,48438000,0.0,0.0,152.7552032470703,152.49610137939453
2021-03-15 00:00:00-04:00,153.72850036621094,154.11199951171875,151.60450744628906,154.08399963378906,58272000,0.0,0.0,154.05250244140626,152.17380065917968
2021-03-16 00:00:00-04:00,155.24850463867188,156.44549560546875,153.79299926757812,154.59300231933594,50776000,0.0,0.0,154.3426025390625,152.16045074462892
2021-03-17 00:00:00-04:00,153.66099548339844,158.65249633789062,153.51100158691406,156.7864990234375,62372000,0.0,0.0,155.12350158691407,152.81410064697266
2021-03-18 00:00:00-04:00,155.0500030517578,155.8314971923828,151.25,151.39950561523438,72992000,0.0,0.0,154.2675018310547,153.06620178222656
2021-03-19 00:00:00-04:00,151.4615020751953,153.864501953125,150.8314971923828,153.7480010986328,92508000,0.0,0.0,154.12220153808593,153.43870239257814
2021-03-22 00:00:00-04:00,153.3925018310547,156.32899475097656,153.00250244140625,155.5435028076172,58044000,0.0,0.0,154.41410217285156,154.2333023071289
2021-03-23 00:00:00-04:00,156.35000610351562,159.10000610351562,156.04249572753906,156.875,76346000,0.0,0.0,154.87050170898436,154.60655212402344
2021-03-24 00:00:00-04:00,157.552001953125,158.0155029296875,154.25750732421875,154.35350036621094,59180000,0.0,0.0,154.38390197753907,154.75370178222656
2021-03-25 00:00:00-04:00,153.64950561523438,155.48899841308594,151.85699462890625,152.31300354003906,71270000,0.0,0.0,154.5666015625,154.41705169677735
2021-03-26 00:00:00-04:00,152.2030029296875,152.83299255371094,149.8000030517578,152.60150146484375,66258000,0.0,0.0,154.3373016357422,154.22975158691406
2021-03-29 00:00:00-04:00,152.77200317382812,154.5625,151.42250061035156,153.7864990234375,54920000,0.0,0.0,153.98590087890625,154.20000152587892
2021-03-30 00:00:00-04:00,153.50050354003906,153.64999389648438,151.6999969482422,152.76449584960938,46752000,0.0,0.0,153.16380004882814,154.01715087890625
2021-03-31 00:00:00-04:00,153.2030029296875,155.9665069580078,153.125,154.70399475097656,61878000,0.0,0.0,153.23389892578126,153.80890045166015
2021-04-01 00:00:00-04:00,155.89700317382812,158.1219940185547,155.77749633789062,158.0500030517578,58806000,0.0,0.0,154.381298828125,154.4739501953125
2021-04-05 00:00:00-04:00,158.64999389648438,161.79800415039062,158.06199645996094,161.3365020751953,66698000,0.0,0.0,156.1282989501953,155.23280029296876
2021-04-06 00:00:00-04:00,161.1875,162.36549377441406,160.8520050048828,161.1909942626953,50756000,0.0,0.0,157.60919799804688,155.79754943847655
2021-04-07 00:00:00-04:00,161.69000244140625,165.1804962158203,161.1824951171875,163.96949768066406,66924000,0.0,0.0,159.8501983642578,156.50699920654296
2021-04-08 00:00:00-04:00,165.5449981689453,166.22500610351562,164.60000610351562,164.96499633789062,56242000,0.0,0.0,161.90239868164062,157.56814880371093
2021-04-09 00:00:00-04:00,165.23500061035156,168.61000061035156,164.44500732421875,168.61000061035156,86830000,0.0,0.0,164.01439819335937,159.19784851074218
2021-04-12 00:00:00-04:00,167.760498046875,169.7519989013672,167.5574951171875,168.96949768066406,65636000,0.0,0.0,165.54099731445314,160.83464813232422
2021-04-13 00:00:00-04:00,170.04249572753906,171.60000610351562,169.781494140625,170.0,66316000,0.0,0.0,167.30279846191405,162.45599822998048
2021-04-14 00:00:00-04:00,170.20199584960938,170.2064971923828,166.3000030517578,166.64999389648438,62904000,0.0,0.0,167.83889770507812,163.84454803466798
2021-04-15 00:00:00-04:00,168.5500030517578,169.85000610351562,167.60000610351562,168.95449829101562,64672000,0.0,0.0,168.6367980957031,165.26959838867188
2021-04-16 00:00:00-04:00,169.0,170.33999633789062,167.7794952392578,169.9720001220703,63720000,0.0,0.0,168.90919799804686,166.46179809570313
2021-04-19 00:00:00-04:00,169.51649475097656,171.79649353027344,168.00799560546875,168.60049438476562,54508000,0.0,0.0,168.83539733886718,167.18819732666014
2021-04-20 00:00:00-04:00,168.67999267578125,169.14950561523438,165.8000030517578,166.7344970703125,52460000,0.0,0.0,168.1822967529297,167.74254760742187
2021-04-21 00:00:00-04:00,165.8000030517578,168.14300537109375,165.1905059814453,168.1009979248047,44224000,0.0,0.0,168.47249755859374,168.15569763183595
2021-04-22 00:00:00-04:00,168.58399963378906,168.64349365234375,165.07249450683594,165.45199584960938,51612000,0.0,0.0,167.7719970703125,168.20439758300782
2021-04-23 00:00:00-04:00,165.9550018310547,168.75,165.4250030517578,167.04400634765625,63856000,0.0,0.0,167.1863983154297,168.04779815673828
2021-04-26 00:00:00-04:00,167.39999389648438,171.42250061035156,166.5469970703125,170.4499969482422,97614000,0.0,0.0,167.556298828125,168.1958480834961
2021-04-27 00:00:00-04:00,172.17349243164062,173.0,169.90049743652344,170.8715057373047,76542000,0.0,0.0,168.38370056152343,168.28299865722656
2021-04-28 00:00:00-04:00,171.74000549316406,174.49400329589844,171.25,172.9250030517578,92638000,0.0,0.0,169.34850158691407,168.9104995727539
2021-04-29 00:00:00-04:00,175.2550048828125,175.72250366210938,171.75,173.5655059814453,153648000,0.0,0.0,170.97120361328126,169.37160034179686
2021-04-30 00:00:00-04:00,176.25599670410156,177.6999969482422,173.125,173.37100219726562,140186000,0.0,0.0,172.23660278320312,169.7115005493164
2021-05-03 00:00:00-04:00,174.2364959716797,174.33250427246094,168.63499450683594,169.32449340820312,117510000,0.0,0.0,172.01150207519532,169.78390045166014
2021-05-04 00:00:00-04:00,167.8094940185547,168.3990020751953,163.60650634765625,165.593505859375,108788000,0.0,0.0,170.95590209960938,169.6698013305664
2021-05-05 00:00:00-04:00,166.9429931640625,167.73500061035156,163.21800231933594,163.52699279785156,74226000,0.0,0.0,169.07630004882813,169.2124008178711
2021-05-06 00:00:00-04:00,163.5,165.72000122070312,162.36000061035156,165.31849670410156,88954000,0.0,0.0,167.42689819335936,169.1990509033203
2021-05-07 00:00:00-04:00,165.95449829101562,166.54449462890625,164.45350646972656,164.58050537109375,94206000,0.0,0.0,165.668798828125,168.95270080566405
2021-05-10 00:00:00-04:00,164.11599731445312,164.14999389648438,159.5,159.52450561523438,116772000,0.0,0.0,163.70880126953125,167.8601516723633
2021-05-11 00:00:00-04:00,156.81399536132812,161.89999389648438,156.36849975585938,161.19549560546875,92396000,0.0,0.0,162.82919921875,166.89255065917968
2021-05-12 00:00:00-04:00,159.25,160.39700317382812,156.65499877929688,157.5970001220703,98728000,0.0,0.0,161.64320068359376,165.35975036621093
2021-05-13 00:00:00-04:00,159.27349853515625,160.19200134277344,156.64999389648438,158.07350158691406,67018000,0.0,0.0,160.19420166015624,163.8105499267578
2021-05-14 00:00:00-04:00,159.2779998779297,161.4429931640625,159.14999389648438,161.14500427246094,66500000,0.0,0.0,159.5071014404297,162.58795013427735
2021-05-17 00:00:00-04:00,162.29649353027344,164.6374969482422,161.72950744628906,163.51950073242188,74478000,0.0,0.0,160.30610046386718,162.00745086669923
2021-05-18 00:00:00-04:00,164.62899780273438,165.60000610351562,161.51849365234375,161.61399841308594,56568000,0.0,0.0,160.38980102539062,161.6095001220703
2021-05-19 00:00:00-04:00,159.75,161.7375030517578,159.1999969482422,161.58999633789062,53594000,0.0,0.0,161.1884002685547,161.41580047607422
2021-05-20 00:00:00-04:00,162.22000122070312,162.98399353027344,161.8090057373047,162.38400268554688,52664000,0.0,0.0,162.05050048828124,161.12235107421876
2021-05-21 00:00:00-04:00,162.5,162.83450317382812,159.85049438476562,160.1540069580078,82098000,0.0,0.0,161.85230102539063,160.67970123291016
2021-05-24 00:00:00-04:00,160.77499389648438,162.8975067138672,160.52499389648438,162.24949645996094,48456000,0.0,0.0,161.59830017089843,160.95220031738282
2021-05-25 00:00:00-04:00,163.33349609375,163.99099731445312,160.68800354003906,162.95249938964844,65222000,0.0,0.0,161.86600036621093,161.12790069580078
2021-05-26 00:00:00-04:00,163.72950744628906,164.7864990234375,162.92550659179688,163.25799560546875,47680000,0.0,0.0,162.19960021972656,161.69400024414062
2021-05-27 00:00:00-04:00,162.8000030517578,163.01800537109375,161.5019989013672,161.5054931640625,51224000,0.0,0.0,162.02389831542968,162.03719940185547
2021-05-28 00:00:00-04:00,162.10000610351562,162.39950561523438,160.98500061035156,161.15350341796875,46596000,0.0,0.0,162.2237976074219,162.03804931640624
2021-06-01 00:00:00-04:00,162.1750030517578,162.5489959716797,160.4530029296875,160.9324951171875,48600000,0.0,0.0,161.96039733886718,161.77934875488282
2021-06-02 00:00:00-04:00,161.15499877929688,161.75,160.39999389648438,161.69949340820312,40290000,0.0,0.0,161.7097961425781,161.78789825439452
2021-06-03 00:00:00-04:00,160.2115020751953,160.7220001220703,159.20150756835938,159.35049438476562,47966000,0.0,0.0,160.9282958984375,161.56394805908204
2021-06-04 00:00:00-04:00,160.60000610351562,161.0500030517578,159.9405059814453,160.31100463867188,44994000,0.0,0.0,160.68939819335938,161.35664825439454
2021-06-07 00:00:00-04:00,159.8665008544922,160.39999389648438,158.61000061035156,159.90049743652344,44316000,0.0,0.0,160.4387969970703,161.3312973022461
2021-06-08 00:00:00-04:00,161.1304931640625,163.97650146484375,160.90049743652344,163.20550537109375,68334000,0.0,0.0,160.89339904785157,161.42689819335936
2021-06-09 00:00:00-04:00,163.64349365234375,164.87899780273438,163.53500366210938,164.0574951171875,49110000,0.0,0.0,161.36499938964843,161.5373977661133
2021-06-10 00:00:00-04:00,164.10049438476562,167.5500030517578,164.0574951171875,167.4824981689453,69530000,0.0,0.0,162.99140014648438,161.95984802246093
2021-06-11 00:00:00-04:00,167.4824981689453,168.32899475097656,166.67250061035156,167.3415069580078,56348000,0.0,0.0,164.39750061035156,162.54344940185547
2021-06-14 00:00:00-04:00,167.3415069580078,169.25,166.77499389648438,169.19349670410156,51394000,0.0,0.0,166.2561004638672,163.34744873046876
2021-06-15 00:00:00-04:00,169.1999969482422,169.84950256347656,168.15550231933594,169.156494140625,48524000,0.0,0.0,167.44629821777343,164.1698486328125
2021-06-16 00:00:00-04:00,169.60000610351562,171.3175048828125,168.02650451660156,170.7624969482422,84056000,0.0,0.0,168.78729858398438,165.0761489868164
2021-06-17 00:00:00-04:00,170.15899658203125,174.86000061035156,170.0500030517578,174.46200561523438,102730000,0.0,0.0,170.18320007324218,166.5873001098633
2021-06-18 00:00:00-04:00,173.99949645996094,175.35000610351562,173.6855010986328,174.34500122070312,104954000,0.0,0.0,171.58389892578126,167.9906997680664
2021-06-21 00:00:00-04:00,173.8209991455078,174.10000610351562,171.6999969482422,172.697998046875,65542000,0.0,0.0,172.28479919433593,169.27044982910155
2021-06-22 00:00:00-04:00,172.9029998779297,176.18899536132812,172.80450439453125,175.27200317382812,66902000,0.0,0.0,173.50790100097657,170.477099609375
2021-06-23 00:00:00-04:00,175.25,176.0500030517578,174.16000366210938,175.1909942626953,56266000,0.0,0.0,174.3936004638672,171.59044952392577
2021-06-24 00:00:00-04:00,175.3820037841797,176.2429962158203,171.54249572753906,172.45399475097656,76640000,0.0,0.0,173.99199829101562,172.0875991821289
2021-06-25 00:00:00-04:00,173.1999969482422,173.24099731445312,169.70899963378906,170.072998046875,78820000,0.0,0.0,173.13759765625,172.36074829101562
2021-06-28 00:00:00-04:00,170.8000030517578,172.39999389648438,170.67550659179688,172.1945037841797,44856000,0.0,0.0,173.03689880371093,172.66084899902344
2021-06-29 00:00:00-04:00,171.9409942626953,172.80149841308594,171.15150451660156,172.40699768066406,41968000,0.0,0.0,172.46389770507812,172.98589935302735
2021-06-30 00:00:00-04:00,172.05299377441406,173.5800018310547,171.75,172.00799560546875,48080000,0.0,0.0,171.82729797363282,173.11044921875
2021-07-01 00:00:00-04:00,171.73049926757812,172.85000610351562,170.4709930419922,171.64849853515625,40742000,0.0,0.0,171.66619873046875,172.8290985107422
2021-07-02 00:00:00-04:00,172.58200073242188,175.58599853515625,171.8459930419922,175.5489959716797,63388000,0.0,0.0,172.7613983154297,172.94949798583986
2021-07-06 00:00:00-04:00,176.5054931640625,184.2740020751953,176.4499969482422,183.78700256347656,134896000,0.0,0.0,175.07989807128905,174.0583984375
2021-07-07 00:00:00-04:00,185.86900329589844,186.7100067138672,183.94549560546875,184.82899475097656,106562000,0.0,0.0,177.56429748535157,175.01409759521485
2021-07-08 00:00:00-04:00,182.1779937744141,187.9994964599609,181.05599975585935,186.57049560546875,103612000,0.0,0.0,180.47679748535157,176.15204772949218
2021-07-09 00:00:00-04:00,186.12600708007807,187.3999938964844,184.6699981689453,185.9669952392578,74964000,0.0,0.0,183.3404968261719,177.50334777832032
2021-07-12 00:00:00-04:00,187.1999969482422,187.864501953125,184.8394927978516,185.9275054931641,51432000,0.0,0.0,185.41619873046875,179.08879852294922
2021-07-13 00:00:00-04:00,185.10499572753903,188.6540069580078,183.5659942626953,183.8679962158203,76918000,0.0,0.0,185.4323974609375,180.2561477661133
2021-07-14 00:00:00-04:00,185.4425048828125,185.88299560546875,183.04150390625,184.08399963378903,65932000,0.0,0.0,185.2833984375,181.4238479614258
2021-07-15 00:00:00-04:00,184.7100067138672,184.7700042724609,181.04600524902344,181.55999755859372,63706000,0.0,0.0,184.281298828125,182.3790481567383
2021-07-16 00:00:00-04:00,181.66549682617188,182.3029937744141,178.5229949951172,178.68150329589844,80874000,0.0,0.0,182.82420043945314,183.0823486328125
2021-07-19 00:00:00-04:00,176.62899780273438,177.510498046875,174.95799255371094,177.47950744628906,75692000,0.0,0.0,181.1346008300781,183.27539978027343
2021-07-20 00:00:00-04:00,178.36599731445312,179.60000610351562,175.89999389648438,178.6595001220703,65114000,0.0,0.0,180.09290161132813,182.7626495361328
2021-07-21 00:00:00-04:00,178.81900024414062,179.32249450683594,177.1820068359375,179.25999450683594,46380000,0.0,0.0,179.1281005859375,182.20574951171875
2021-07-22 00:00:00-04:00,179.3614959716797,182.00100708007807,179.11349487304688,181.9015045166016,65308000,0.0,0.0,179.19640197753907,181.73885040283204
2021-07-23 00:00:00-04:00,182.0,183.3054962158203,181.1020050048828,182.83200073242188,48726000,0.0,0.0,180.02650146484376,181.42535095214845
2021-07-26 00:00:00-04:00,183.6584930419922,185.60400390625,182.3625030517578,184.99099731445312,58002000,0.0,0.0,181.52879943847657,181.33170013427736
2021-07-27 00:00:00-04:00,184.9250030517578,184.9250030517578,179.3074951171875,181.3195037841797,82638000,0.0,0.0,182.06080017089843,181.07685089111328
2021-07-28 00:00:00-04:00,181.68899536132807,182.92100524902344,180.0500030517578,181.51600646972656,59988000,0.0,0.0,182.51200256347656,180.82005157470704
2021-07-29 00:00:00-04:00,181.3874969482422,181.8975067138672,179.00050354003906,179.99600219726562,110400000,0.0,0.0,182.1309020996094,180.6636520385742
2021-07-30 00:00:00-04:00,167.3975067138672,168.40699768066406,165.3489990234375,166.37950134277344,199312000,0.0,0.0,178.84040222167968,179.4334518432617
2021-08-02 00:00:00-04:00,167.65499877929688,167.9459991455078,165.85000610351562,166.57400512695312,67078000,0.0,0.0,175.1570037841797,178.34290161132813
2021-08-03 00:00:00-04:00,167.03599548339844,169.5500030517578,164.98849487304688,168.31199645996094,83146000,0.0,0.0,172.55550231933594,177.3081512451172
2021-08-04 00:00:00-04:00,168.96749877929688,169.44400024414062,167.2779998779297,167.73599243164062,43678000,0.0,0.0,169.79949951171875,176.15575103759767
2021-08-05 00:00:00-04:00,167.81100463867188,169.4499969482422,167.04600524902344,168.79949951171875,48670000,0.0,0.0,167.56019897460936,174.84555053710938
2021-08-06 00:00:00-04:00,168.75,168.75,166.45199584960938,167.2469940185547,52752000,0.0,0.0,167.73369750976562,173.28704986572265
2021-08-09 00:00:00-04:00,167.1804962158203,167.74400329589844,166.42599487304688,167.093505859375,42964000,0.0,0.0,167.83759765625,171.49730072021484
2021-08-10 00:00:00-04:00,167.25050354003906,167.89999389648438,165.75,166.03399658203125,48252000,0.0,0.0,167.38199768066406,169.96875
2021-08-11 00:00:00-04:00,166.57249450683594,166.88499450683594,163.88949584960938,164.60549926757812,58944000,0.0,0.0,166.75589904785156,168.27769927978517
2021-08-12 00:00:00-04:00,164.5,165.72549438476562,163.48350524902344,165.1750030517578,46282000,0.0,0.0,166.03099975585937,166.79559936523438
2021-08-13 00:00:00-04:00,165.2834930419922,165.30349731445312,164.14999389648438,164.69850158691406,41134000,0.0,0.0,165.52130126953125,166.62749938964845
2021-08-16 00:00:00-04:00,164.14999389648438,165.0,160.55650329589844,164.94949340820312,66394000,0.0,0.0,165.09249877929688,166.46504821777344
2021-08-17 00:00:00-04:00,163.875,164.02450561523438,161.28399658203125,162.09800720214844,67758000,0.0,0.0,164.3053009033203,165.8436492919922
2021-08-18 00:00:00-04:00,162.09950256347656,162.7050018310547,160.0,160.06100463867188,56086000,0.0,0.0,163.39640197753906,165.0761505126953
2021-08-19 00:00:00-04:00,159.7010040283203,161.64999389648438,159.1230010986328,159.3874969482422,75658000,0.0,0.0,162.23890075683593,164.13495025634765
2021-08-20 00:00:00-04:00,160.19349670410156,160.3905029296875,158.78799438476562,159.99749755859375,67168000,0.0,0.0,161.29869995117187,163.41000061035157
2021-08-23 00:00:00-04:00,160.59500122070312,164.0449981689453,160.50050354003906,163.2935028076172,65362000,0.0,0.0,160.96750183105468,163.03000030517578
2021-08-24 00:00:00-04:00,164.0,165.77450561523438,163.72900390625,165.28900146484375,51036000,0.0,0.0,161.60570068359374,162.95550079345702
2021-08-25 00:00:00-04:00,165.49349975585938,166.0500030517578,164.3074951171875,164.95899963378906,33606000,0.0,0.0,162.58529968261718,162.99085083007813
2021-08-26 00:00:00-04:00,164.9499969482422,166.60000610351562,164.8000030517578,165.8000030517578,41976000,0.0,0.0,163.8678009033203,163.05335083007813
2021-08-27 00:00:00-04:00,166.6614990234375,167.61599731445312,165.6875,167.48150634765625,48048000,0.0,0.0,165.3646026611328,163.33165130615234
2021-08-30 00:00:00-04:00,167.8715057373047,172.25,167.76100158691406,171.07850646972656,63844000,0.0,0.0,166.92160339355468,163.94455261230468
2021-08-31 00:00:00-04:00,171.24000549316406,173.62899780273438,169.7794952392578,173.5395050048828,87128000,0.0,0.0,168.5717041015625,165.0887023925781
2021-09-01 00:00:00-04:00,174.82000732421875,176.35000610351562,173.76199340820312,173.9499969482422,72598000,0.0,0.0,170.36990356445312,166.47760162353515
2021-09-02 00:00:00-04:00,174.73800659179688,175.59800720214844,172.75,173.156005859375,58474000,0.0,0.0,171.84110412597656,167.85445251464844
2021-09-03 00:00:00-04:00,172.60000610351562,174.1334991455078,171.82200622558594,173.90249633789062,51514000,0.0,0.0,173.12530212402345,169.2449523925781
2021-09-07 00:00:00-04:00,173.89999389648438,176.4044952392578,173.8470001220703,175.46449279785156,54758000,0.0,0.0,174.00249938964845,170.46205139160156
2021-09-08 00:00:00-04:00,175.58250427246094,177.281494140625,174.7834930419922,176.27499389648438,61068000,0.0,0.0,174.54959716796876,171.56065063476564
2021-09-09 00:00:00-04:00,176.30099487304688,177.49949645996094,174.01849365234375,174.20799255371094,54384000,0.0,0.0,174.6011962890625,172.4855499267578
2021-09-10 00:00:00-04:00,175.0915069580078,175.42250061035156,173.14549255371094,173.45750427246094,47946000,0.0,0.0,174.6614959716797,173.2513000488281
2021-09-13 00:00:00-04:00,174.13999938964844,174.8979949951172,171.89999389648438,172.85850524902344,51380000,0.0,0.0,174.45269775390625,173.78899993896485
2021-09-14 00:00:00-04:00,173.77749633789062,174.3404998779297,171.885498046875,172.5,38738000,0.0,0.0,173.85979919433595,173.9311492919922
2021-09-15 00:00:00-04:00,172.12600708007812,174.27099609375,170.10049438476562,173.7895050048828,59150000,0.0,0.0,173.36270141601562,173.95614929199218
2021-09-16 00:00:00-04:00,172.9980010986328,174.62750244140625,172.3070068359375,174.41200256347656,51672000,0.0,0.0,173.40350341796875,174.00234985351562
2021-09-17 00:00:00-04:00,174.42050170898438,174.87049865722656,172.60650634765625,173.12600708007812,92332000,0.0,0.0,173.3372039794922,173.99934997558594
2021-09-20 00:00:00-04:00,169.8000030517578,170.9499969482422,165.25050354003906,167.7864990234375,93382000,0.0,0.0,172.322802734375,173.38775024414062
2021-09-21 00:00:00-04:00,168.75,168.98500061035156,166.6195068359375,167.18150329589844,55618000,0.0,0.0,171.25910339355468,172.5594512939453
2021-09-22 00:00:00-04:00,167.5500030517578,169.4499969482422,167.05250549316406,169.00250244140625,48228000,0.0,0.0,170.30170288085938,171.8322021484375
2021-09-23 00:00:00-04:00,169.00250244140625,171.447998046875,169.00250244140625,170.8000030517578,47588000,0.0,0.0,169.5793029785156,171.49140319824218
2021-09-24 00:00:00-04:00,170.10049438476562,171.46299743652344,169.6699981689453,171.2760009765625,42324000,0.0,0.0,169.2093017578125,171.27325286865235
2021-09-27 00:00:00-04:00,168.5749969482422,170.77850341796875,166.98049926757812,170.2899932861328,72690000,0.0,0.0,169.71000061035156,171.0164016723633
2021-09-28 00:00:00-04:00,167.885498046875,168.45950317382812,164.5050048828125,165.79800415039062,88616000,0.0,0.0,169.43330078125,170.34620208740233
2021-09-29 00:00:00-04:00,166.10549926757812,167.56500244140625,164.89349365234375,165.05599975585938,51246000,0.0,0.0,168.6440002441406,169.4728515625
2021-09-30 00:00:00-04:00,165.8000030517578,166.3925018310547,163.69949340820312,164.2519989013672,56848000,0.0,0.0,167.3343994140625,168.45685119628905
2021-10-01 00:00:00-04:00,164.45050048828125,165.45849609375,162.7969970703125,164.16299438476562,56712000,0.0,0.0,165.91179809570312,167.5605499267578
2021-10-04 00:00:00-04:00,163.96949768066406,163.99949645996094,158.8125,159.48899841308594,90462000,0.0,0.0,163.75159912109376,166.73079986572264
2021-10-05 00:00:00-04:00,160.22500610351562,163.0364990234375,160.1230010986328,161.0500030517578,65384000,0.0,0.0,162.8019989013672,166.1176498413086
2021-10-06 00:00:00-04:00,160.67649841308594,163.2169952392578,159.93099975585938,163.10049438476562,50660000,0.0,0.0,162.41089782714843,165.52744903564454
2021-10-07 00:00:00-04:00,164.57699584960938,166.28750610351562,164.1529998779297,165.1215057373047,48182000,0.0,0.0,162.58479919433594,164.95959930419923
2021-10-08 00:00:00-04:00,165.85000610351562,166.07150268554688,164.41000366210938,164.43099975585938,39964000,0.0,0.0,162.63840026855468,164.2750991821289
2021-10-11 00:00:00-04:00,163.75,164.62950134277344,161.90499877929688,162.31500244140625,40684000,0.0,0.0,163.20360107421874,163.47760009765625
2021-10-12 00:00:00-04:00,162.85000610351562,163.37649536132812,161.81399536132812,162.3665008544922,36392000,0.0,0.0,163.46690063476564,163.13444976806642
2021-10-13 00:00:00-04:00,163.48550415039062,164.41900634765625,163.05450439453125,164.21400451660156,48402000,0.0,0.0,163.68960266113282,163.0502502441406
2021-10-14 00:00:00-04:00,165.12249755859375,165.6300048828125,164.53900146484375,164.9929962158203,42190000,0.0,0.0,163.66390075683594,163.12434997558594
2021-10-15 00:00:00-04:00,165.5709991455078,170.52099609375,165.1999969482422,170.4510040283203,103598000,0.0,0.0,164.86790161132814,163.7531509399414
2021-10-18 00:00:00-04:00,169.41799926757812,172.45849609375,169.2550048828125,172.33700561523438,63482000,0.0,0.0,166.87230224609374,165.03795166015624
2021-10-19 00:00:00-04:00,171.71449279785156,172.7344970703125,171.10000610351562,172.20750427246094,47722000,0.0,0.0,168.8405029296875,166.15370178222656
2021-10-20 00:00:00-04:00,172.63299560546875,173.14300537109375,170.01849365234375,170.7530059814453,42796000,0.0,0.0,170.14830322265624,166.91895294189453
2021-10-21 00:00:00-04:00,170.71249389648438,172.01400756835938,170.14999389648438,171.75050354003906,37628000,0.0,0.0,171.4998046875,167.58185272216798
2021-10-22 00:00:00-04:00,171.0500030517578,171.49200439453125,166.56500244140625,166.77749633789062,62782000,0.0,0.0,170.76510314941407,167.8165023803711
2021-10-25 00:00:00-04:00,166.75,167.38999938964844,164.88499450683594,166.01849365234375,44520000,0.0,0.0,169.50140075683595,168.18685150146484
2021-10-26 00:00:00-04:00,167.47549438476562,170.80599975585938,167.19900512695312,168.80349731445312,53966000,0.0,0.0,168.8205993652344,168.83055114746094
2021-10-27 00:00:00-04:00,169.39999389648438,171.85000610351562,168.57249450683594,169.62449645996094,54044000,0.0,0.0,168.5948974609375,169.37160034179686
2021-10-28 00:00:00-04:00,170.10499572753906,173.9499969482422,169.3000030517578,172.32850646972656,114174000,0.0,0.0,168.710498046875,170.1051513671875
2021-10-29 00:00:00-04:00,165.00100708007812,168.74099731445312,163.66600036621094,168.6215057373047,129722000,0.0,0.0,169.0792999267578,169.92220153808594
2021-11-01 00:00:00-04:00,168.08999633789062,168.79299926757812,164.6009979248047,165.90550231933594,72178000,0.0,0.0,169.05670166015625,169.2790512084961
2021-11-02 00:00:00-04:00,165.75050354003906,166.55599975585938,164.17750549316406,165.6374969482422,52552000,0.0,0.0,168.42350158691406,168.6220504760742
2021-11-03 00:00:00-04:00,165.4499969482422,169.74600219726562,164.87600708007812,169.1999969482422,67944000,0.0,0.0,168.3386016845703,168.4667495727539
2021-11-04 00:00:00-04:00,168.5,174.93150329589844,168.25,173.85000610351562,107060000,0.0,0.0,168.6429016113281,168.67669982910155
2021-11-05 00:00:00-04:00,173.85000610351562,178.3125,173.8489990234375,175.94949340820312,99940000,0.0,0.0,170.1084991455078,169.59389953613282
2021-11-08 00:00:00-05:00,176.16200256347656,178.9499969482422,174.39300537109375,174.44900512695312,61480000,0.0,0.0,171.81719970703125,170.43695068359375
2021-11-09 00:00:00-05:00,175.7624969482422,179.68850708007812,175.07150268554688,178.81149291992188,85898000,0.0,0.0,174.45199890136718,171.43775024414063
2021-11-10 00:00:00-05:00,178.19349670410156,180.2725067138672,173.1544952392578,174.1024932861328,80548000,0.0,0.0,175.4324981689453,171.88554992675782
2021-11-11 00:00:00-05:00,175.64999389648438,177.16200256347656,173.37350463867188,173.625,45288000,0.0,0.0,175.3874969482422,172.01519927978515
2021-11-12 00:00:00-05:00,174.25,177.0364990234375,172.3524932861328,176.25750732421875,53788000,0.0,0.0,175.4490997314453,172.77879943847657
2021-11-15 00:00:00-05:00,176.85000610351562,179.69400024414062,176.29049682617188,177.28399658203125,58594000,0.0,0.0,176.01609802246094,173.9166488647461
2021-11-16 00:00:00-05:00,176.9499969482422,178.8249969482422,176.25750732421875,177.03500366210938,44342000,0.0,0.0,175.66080017089843,175.0563995361328
2021-11-17 00:00:00-05:00,178.23599243164062,179.3625030517578,177.2675018310547,177.4499969482422,51206000,0.0,0.0,176.3303009033203,175.88139953613282
2021-11-18 00:00:00-05:00,178.3175048828125,185.2100067138672,178.0500030517578,184.8029937744141,114070000,0.0,0.0,178.56589965820314,176.97669830322266
2021-11-19 00:00:00-05:00,185.63450622558597,188.1074981689453,183.78599548339844,183.82850646972656,98734000,0.0,0.0,180.0800994873047,177.764599609375
2021-11-22 00:00:00-05:00,183.81900024414065,185.67300415039065,178.375,178.6284942626953,96844000,0.0,0.0,180.3489990234375,178.18254852294922
2021-11-23 00:00:00-05:00,179.2519989013672,181.0525054931641,176.385498046875,179.0019989013672,73804000,0.0,0.0,180.74239807128907,178.20159912109375
2021-11-24 00:00:00-05:00,178.1334991455078,180.6820068359375,176.84249877929688,179.02049255371094,46560000,0.0,0.0,181.0564971923828,178.69339904785156
2021-11-26 00:00:00-05:00,180.10499572753906,181.6750030517578,175.20750427246094,175.22799682617188,59826000,0.0,0.0,179.14149780273436,178.85369873046875
2021-11-29 00:00:00-05:00,177.3820037841797,179.8000030517578,176.5749969482422,178.07850646972656,65312000,0.0,0.0,177.9914978027344,179.03579864501953
2021-11-30 00:00:00-05:00,178.1750030517578,179.2884979248047,174.60049438476562,175.35350036621094,80022000,0.0,0.0,177.3364990234375,178.8427490234375
2021-12-01 00:00:00-05:00,177.25,177.99400329589844,172.0800018310547,172.18600463867188,74916000,0.0,0.0,175.97330017089843,178.35784912109375
2021-12-02 00:00:00-05:00,173.0,174.63499450683594,171.1875,171.8679962158203,64726000,0.0,0.0,174.5428009033203,177.79964904785157
2021-12-03 00:00:00-05:00,172.75,173.49349975585938,166.92999267578125,169.489501953125,80712000,0.0,0.0,173.39510192871094,176.26829986572267
2021-12-06 00:00:00-05:00,169.64999389648438,173.69549560546875,166.9344940185547,171.36849975585938,68860000,0.0,0.0,172.0531005859375,175.02229919433594
2021-12-07 00:00:00-05:00,174.60000610351562,177.49949645996094,173.33450317382812,176.1645050048828,66410000,0.0,0.0,172.21530151367188,174.7759002685547
2021-12-08 00:00:00-05:00,176.15049743652344,177.17999267578125,174.75050354003906,176.1580047607422,45254000,0.0,0.0,173.00970153808595,174.4915008544922
2021-12-09 00:00:00-05:00,175.75,176.96949768066406,174.13949584960938,174.17100524902344,46062000,0.0,0.0,173.47030334472657,174.00655212402344
2021-12-10 00:00:00-05:00,175.41700744628906,175.927001953125,170.5,172.21200561523438,60690000,0.0,0.0,174.01480407714843,173.7049530029297
2021-12-13 00:00:00-05:00,172.0,172.10000610351562,169.1300048828125,169.5675048828125,62170000,0.0,0.0,173.65460510253905,172.85385284423828
2021-12-14 00:00:00-05:00,167.5500030517578,169.49899291992188,166.44000244140625,169.0915069580078,55976000,0.0,0.0,172.24000549316406,172.22765350341797
2021-12-15 00:00:00-05:00,168.59800720214844,173.60000610351562,165.19500732421875,173.31500244140625,75794000,0.0,0.0,171.67140502929686,172.3405532836914
2021-12-16 00:00:00-05:00,173.36849975585938,174.16600036621094,168.16050720214844,168.87100219726562,60876000,0.0,0.0,170.6114044189453,172.04085388183594
2021-12-17 00:00:00-05:00,167.7104949951172,170.89849853515625,165.61349487304688,170.0175018310547,85542000,0.0,0.0,170.17250366210936,172.0936538696289
2021-12-20 00:00:00-05:00,166.85000610351562,167.87449645996094,165.60000610351562,167.07899475097656,57372000,0.0,0.0,169.6748016357422,171.66470336914062
2021-12-21 00:00:00-05:00,167.85049438476562,170.7165069580078,165.6475067138672,170.41700744628906,55956000,0.0,0.0,169.93990173339844,171.08995361328124
2021-12-22 00:00:00-05:00,169.27000427246094,172.0500030517578,168.50050354003906,171.03700256347656,55036000,0.0,0.0,169.4843017578125,170.57785339355468
2021-12-23 00:00:00-05:00,170.42799377441406,171.97500610351562,170.14999389648438,171.06849670410156,36788000,0.0,0.0,169.92380065917968,170.2676025390625
2021-12-27 00:00:00-05:00,171.03700256347656,172.9429931640625,169.2154998779297,169.66949462890625,58688000,0.0,0.0,169.85419921875,170.0133514404297
2021-12-28 00:00:00-05:00,170.1824951171875,172.17599487304688,169.135498046875,170.66099548339844,54638000,0.0,0.0,170.5705993652344,170.1227005004883
2021-12-29 00:00:00-05:00,170.83999633789062,171.21200561523438,168.60049438476562,169.2010040283203,35754000,0.0,0.0,170.32739868164063,170.13365020751954
2021-12-30 00:00:00-05:00,169.6999969482422,170.88800048828125,168.5240020751953,168.64450073242188,37584000,0.0,0.0,169.8488983154297,169.6666000366211
2021-12-31 00:00:00-05:00,168.95599365234375,169.35000610351562,166.55850219726562,166.7169952392578,47830000,0.0,0.0,168.97859802246094,169.45119934082032
2022-01-03 00:00:00-05:00,167.5500030517578,170.70350646972656,166.16050720214844,170.4044952392578,63520000,0.0,0.0,169.12559814453124,169.48989868164062
2022-01-04 00:00:00-05:00,170.43800354003906,171.39999389648438,166.34950256347656,167.52200317382812,70726000,0.0,0.0,168.4977996826172,169.5341995239258
2022-01-05 00:00:00-05:00,166.88299560546875,167.12649536132812,164.35699462890625,164.35699462890625,64302000,0.0,0.0,167.52899780273438,168.9281982421875
2022-01-06 00:00:00-05:00,163.45050048828125,164.8000030517578,161.93699645996094,163.25399780273438,51958000,0.0,0.0,166.45089721679688,168.14989776611327
2022-01-07 00:00:00-05:00,163.83900451660156,165.24349975585938,162.031005859375,162.5540008544922,46606000,0.0,0.0,165.61829833984376,167.29844818115234
2022-01-10 00:00:00-05:00,160.5854949951172,161.6614990234375,156.30450439453125,161.48599243164062,87798000,0.0,0.0,163.8345977783203,166.48009796142577
2022-01-11 00:00:00-05:00,161.5,166.35000610351562,160.70150756835938,165.36199951171875,62806000,0.0,0.0,163.40259704589843,165.9501983642578
2022-01-12 00:00:00-05:00,166.5749969482422,166.8780059814453,164.41700744628906,165.20700073242188,50030000,0.0,0.0,163.57259826660157,165.55079803466796
2022-01-13 00:00:00-05:00,165.25050354003906,166.22149658203125,161.09100341796875,161.21400451660156,52188000,0.0,0.0,163.164599609375,164.80774841308593
2022-01-14 00:00:00-05:00,160.14999389648438,162.25,159.80050659179688,162.13800048828125,45974000,0.0,0.0,163.0813995361328,164.34984893798827
2022-01-18 00:00:00-05:00,159.10499572753906,159.7344970703125,157.6645050048828,158.91749572753906,67292000,0.0,0.0,162.5677001953125,163.2011489868164
2022-01-19 00:00:00-05:00,158.76199340820312,159.25,156.25,156.2989959716797,53242000,0.0,0.0,160.75509948730468,162.07884826660157
2022-01-20 00:00:00-05:00,156.76600646972656,158.0,151.3509979248047,151.66749572753906,71974000,0.0,0.0,158.0471984863281,160.80989837646484
2022-01-21 00:00:00-05:00,149.9499969482422,150.89999389648438,142.07049560546875,142.64300537109375,163972000,0.0,0.0,154.33299865722657,158.7487991333008
2022-01-24 00:00:00-05:00,139.0,144.94500732421875,135.3520050048828,144.54400634765625,155624000,0.0,0.0,150.81419982910157,156.9477996826172
2022-01-25 00:00:00-05:00,142.24249267578125,143.60000610351562,138.14500427246094,139.98599243164062,90824000,0.0,0.0,147.02789916992188,154.79779968261718
2022-01-26 00:00:00-05:00,144.75,145.18499755859375,137.31849670410156,138.87249755859375,95602000,0.0,0.0,143.5425994873047,152.1488494873047
2022-01-27 00:00:00-05:00,140.8000030517578,144.24349975585938,139.35000610351562,139.6374969482422,77516000,0.0,0.0,141.1365997314453,149.5918991088867
2022-01-28 00:00:00-05:00,140.86050415039062,143.9980010986328,137.92950439453125,143.97799682617188,74392000,0.0,0.0,141.40359802246093,147.86829833984376
2022-01-31 00:00:00-05:00,144.75,150.36050415039062,144.30050659179688,149.57350158691406,78308000,0.0,0.0,142.4094970703125,146.61184844970703
2022-02-01 00:00:00-05:00,150.0,151.70799255371094,147.62750244140625,151.19349670410156,59220000,0.0,0.0,144.6509979248047,145.83944854736328
2022-02-02 00:00:00-05:00,155.05050659179688,155.0749969482422,148.86349487304688,150.6125030517578,87330000,0.0,0.0,146.9989990234375,145.2707992553711
2022-02-03 00:00:00-05:00,141.7375030517578,144.24749755859375,138.33299255371094,138.8455047607422,225532000,0.0,0.0,146.8406005859375,143.9886001586914
2022-02-04 00:00:00-05:00,155.60650634765625,161.1999969482422,150.60800170898438,157.63949584960938,253456000,0.0,0.0,149.572900390625,145.48824920654297
2022-02-07 00:00:00-05:00,158.52000427246094,162.6909942626953,157.25,157.9355010986328,102624000,0.0,0.0,151.24530029296875,146.82739868164063
2022-02-08 00:00:00-05:00,156.75050354003906,161.79249572753906,155.55050659179688,161.4134979248047,76040000,0.0,0.0,153.28930053710937,148.97014923095702
2022-02-09 00:00:00-05:00,162.87350463867188,163.83450317382812,160.25,161.1894989013672,68786000,0.0,0.0,155.40469970703126,151.20184936523438
2022-02-10 00:00:00-05:00,158.35000610351562,160.7165069580078,157.75,159.0034942626953,68268000,0.0,0.0,159.43629760742186,153.1384490966797
2022-02-11 00:00:00-05:00,158.13450622558594,159.0,152.73399353027344,153.2935028076172,77100000,0.0,0.0,158.56709899902344,154.06999969482422
2022-02-14 00:00:00-05:00,151.75100708007812,158.44850158691406,151.64999389648438,155.16700744628906,83230000,0.0,0.0,158.01340026855468,154.6293502807617
2022-02-15 00:00:00-05:00,157.60549926757812,158.0070037841797,154.6374969482422,156.510498046875,56440000,0.0,0.0,157.03280029296874,155.16105041503906
2022-02-16 00:00:00-05:00,155.79049682617188,158.83399963378906,154.7344970703125,158.10049438476562,52704000,0.0,0.0,156.41499938964844,155.90984954833985
2022-02-17 00:00:00-05:00,158.14599609375,160.3489990234375,154.5,154.65249633789062,64032000,0.0,0.0,155.5447998046875,157.49054870605468
2022-02-18 00:00:00-05:00,155.49949645996094,155.49949645996094,150.89300537109375,152.60150146484375,63604000,0.0,0.0,155.40639953613282,156.98674926757812
2022-02-22 00:00:00-05:00,150.47850036621094,152.9824981689453,148.48550415039062,150.19749450683594,66128000,0.0,0.0,154.4124969482422,156.21294860839845
2022-02-23 00:00:00-05:00,151.65049743652344,151.76300048828125,144.6510009765625,144.82699584960938,64244000,0.0,0.0,152.07579650878907,154.5542984008789
2022-02-24 00:00:00-05:00,139.83749389648438,151.74899291992188,139.5,151.35800170898438,100786000,0.0,0.0,150.7272979736328,153.57114868164064
2022-02-25 00:00:00-05:00,150.5500030517578,153.99000549316406,149.2135009765625,153.7884979248047,62396000,0.0,0.0,150.55449829101562,153.04964904785157
2022-02-28 00:00:00-05:00,152.4250030517578,154.4499969482422,150.85000610351562,153.56300354003906,57684000,0.0,0.0,150.74679870605468,153.07659912109375
2022-03-01 00:00:00-05:00,152.7324981689453,154.0989990234375,149.9770050048828,151.14199829101562,44874000,0.0,0.0,150.93569946289062,152.6740982055664
2022-03-02 00:00:00-05:00,150.8489990234375,152.99949645996094,148.75,152.05250549316406,47334000,0.0,0.0,152.38080139160155,152.22829895019532
2022-03-03 00:00:00-05:00,153.531494140625,153.9290008544922,146.8560028076172,147.89849853515625,65198000,0.0,0.0,151.68890075683595,151.20809936523438
2022-03-04 00:00:00-05:00,147.15899658203125,147.85000610351562,143.8070068359375,145.64100646972656,60934000,0.0,0.0,150.0594024658203,150.30695037841798
2022-03-07 00:00:00-05:00,145.44349670410156,146.09449768066406,137.41650390625,137.4530029296875,86934000,0.0,0.0,146.83740234375,148.79210052490234
2022-03-08 00:00:00-05:00,136.68350219726562,140.69949340820312,133.57249450683594,136.01449584960938,91662000,0.0,0.0,143.81190185546876,147.3738006591797
2022-03-09 00:00:00-05:00,139.5,140.25,136.8280029296875,139.2790069580078,82656000,0.0,0.0,141.2572021484375,146.81900177001953
2022-03-10 00:00:00-05:00,145.68499755859375,148.67449951171875,143.97799682617188,146.8175048828125,135062000,0.0,0.0,141.04100341796874,146.36495208740234
2022-03-11 00:00:00-05:00,149.57449340820312,149.6750030517578,145.36900329589844,145.52450561523438,68900000,0.0,0.0,141.0177032470703,145.5385528564453
2022-03-14 00:00:00-04:00,145.9810028076172,147.4499969482422,140.88400268554688,141.85299682617188,74086000,0.0,0.0,141.8977020263672,144.3675521850586
2022-03-15 00:00:00-04:00,142.85000610351562,147.98500061035156,142.0,147.3665008544922,75584000,0.0,0.0,144.16810302734376,143.99000244140626
2022-03-16 00:00:00-04:00,148.5,153.14999389648438,147.35350036621094,153.10400390625,84958000,0.0,0.0,146.9331024169922,144.09515228271485
2022-03-17 00:00:00-04:00,152.6405029296875,157.49850463867188,152.13999938964844,157.23899841308594,72934000,0.0,0.0,149.01740112304688,145.02920227050782
2022-03-18 00:00:00-04:00,156.81300354003906,161.593994140625,156.01100158691406,161.25050354003906,102962000,0.0,0.0,152.1626007080078,146.59015197753905
2022-03-21 00:00:00-04:00,161.12100219726562,163.08399963378906,159.55299377441406,161.4915008544922,66538000,0.0,0.0,156.09030151367188,148.99400177001954
2022-03-22 00:00:00-04:00,161.8054962158203,166.16700744628906,161.69900512695312,164.88900756835938,64086000,0.0,0.0,159.5948028564453,151.88145294189454
2022-03-23 00:00:00-04:00,163.7050018310547,166.3699951171875,162.68699645996094,163.4080047607422,55812000,0.0,0.0,161.65560302734374,154.29435272216796
2022-03-24 00:00:00-04:00,163.74949645996094,164.11849975585938,160.0500030517578,163.64950561523438,56798000,0.0,0.0,162.93770446777344,155.97755279541016
2022-03-25 00:00:00-04:00,164.0,165.36849975585938,162.25,164.77349853515625,49032000,0.0,0.0,163.64230346679688,157.90245208740234
2022-03-28 00:00:00-04:00,164.97500610351562,169.03750610351562,164.89999389648438,168.99049377441406,59854000,0.0,0.0,165.14210205078126,160.61620178222657
2022-03-29 00:00:00-04:00,170.38400268554688,170.8314971923828,167.86849975585938,169.31500244140625,66154000,0.0,0.0,166.0273010253906,162.81105194091796
2022-03-30 00:00:00-04:00,168.50950622558594,168.95050048828125,165.5,166.30099487304688,56168000,0.0,0.0,166.60589904785155,164.13075103759766
2022-03-31 00:00:00-04:00,166.44500732421875,166.4949951171875,162.95350646972656,162.99749755859375,59966000,0.0,0.0,166.47549743652343,164.70660095214845
2022-04-01 00:00:00-04:00,164.14950561523438,165.82699584960938,162.3195037841797,163.55999755859375,57090000,0.0,0.0,166.23279724121093,164.93755035400392
2022-04-04 00:00:00-04:00,164.125,168.39450073242188,163.20550537109375,168.34649658203125,49882000,0.0,0.0,166.10399780273437,165.6230499267578
2022-04-05 00:00:00-04:00,167.7415008544922,168.11050415039062,163.26600646972656,164.05499267578125,53728000,0.0,0.0,165.05199584960937,165.5396484375
2022-04-06 00:00:00-04:00,161.65049743652344,162.1999969482422,157.25450134277344,158.75599670410156,79056000,0.0,0.0,163.54299621582032,165.07444763183594
2022-04-07 00:00:00-04:00,158.39999389648438,160.07899475097656,154.51150512695312,157.7845001220703,68136000,0.0,0.0,162.50039672851562,164.48794708251953
2022-04-08 00:00:00-04:00,156.75,157.36849975585938,154.2310028076172,154.4604949951172,46002000,0.0,0.0,160.6804962158203,163.45664672851564
2022-04-11 00:00:00-04:00,152.71299743652344,154.13650512695312,150.5345001220703,151.1219940185547,52112000,0.0,0.0,157.235595703125,161.6697967529297
2022-04-12 00:00:00-04:00,153.6925048828125,155.0989990234375,150.38299560546875,150.78750610351562,55178000,0.0,0.0,154.58209838867188,159.81704711914062
2022-04-13 00:00:00-04:00,150.01849365234375,156.02499389648438,149.60000610351562,155.54100036621094,53390000,0.0,0.0,153.93909912109376,158.74104766845704
2022-04-14 00:00:00-04:00,155.38999938964844,155.89700317382812,151.4720001220703,151.7064971923828,51598000,0.0,0.0,152.72349853515624,157.61194763183593
2022-04-18 00:00:00-04:00,151.52349853515625,154.0395050048828,150.25050354003906,152.78500366210938,46514000,0.0,0.0,152.38840026855468,156.5344482421875
2022-04-19 00:00:00-04:00,152.0294952392578,158.6490020751953,151.55050659179688,158.11549377441406,54926000,0.0,0.0,153.78710021972657,155.51134796142577
2022-04-20 00:00:00-04:00,157.6024932861328,157.6024932861328,153.60350036621094,153.9980010986328,59630000,0.0,0.0,154.42919921875,154.50564880371093
2022-04-21 00:00:00-04:00,154.71400451660156,156.73800659179688,147.58949279785156,148.29600524902344,63970000,0.0,0.0,152.9802001953125,153.45964965820312
2022-04-22 00:00:00-04:00,148.25,149.61500549316406,143.69749450683594,144.35000610351562,73078000,0.0,0.0,151.50890197753907,152.11620025634767
2022-04-25 00:00:00-04:00,144.0229949951172,146.22149658203125,142.30650329589844,146.07400512695312,61874000,0.0,0.0,150.1667022705078,151.27755126953124
2022-04-26 00:00:00-04:00,144.8000030517578,144.8560028076172,138.92950439453125,139.39100646972656,77530000,0.0,0.0,146.42180480957032,150.10445251464844
2022-04-27 00:00:00-04:00,140.19149780273438,141.94850158691406,135.7834930419922,138.16700744628906,71336000,0.0,0.0,143.25560607910157,148.84240264892577
2022-04-28 00:00:00-04:00,142.17799377441406,145.9375,140.3000030517578,144.59649658203125,117316000,0.0,0.0,142.5157043457031,147.74795227050782
2022-04-29 00:00:00-04:00,129.8489990234375,130.76100158691406,121.625,124.28150177001952,272662000,0.0,0.0,138.50200347900392,145.00545272827148
2022-05-02 00:00:00-04:00,122.4010009765625,124.66799926757812,118.375,124.5,148788000,0.0,0.0,134.18720245361328,142.17695236206055
2022-05-03 00:00:00-04:00,124.05349731445312,126.22049713134766,122.8249969482422,124.25350189208984,79134000,0.0,0.0,131.15970153808593,138.79075317382814
2022-05-04 00:00:00-04:00,123.5999984741211,126.0,119.18299865722656,125.92849731445312,110746000,0.0,0.0,128.71199951171874,135.98380279541016
2022-05-05 00:00:00-04:00,123.0,123.4990005493164,115.07250213623048,116.40699768066406,144392000,0.0,0.0,123.07409973144532,132.7949020385742
2022-05-06 00:00:00-04:00,114.8499984741211,119.05049896240234,113.0814971923828,114.77249908447266,124260000,0.0,0.0,121.17229919433593,129.83715133666993
2022-05-09 00:00:00-04:00,111.3125,114.0,107.95700073242188,108.78900146484376,128124000,0.0,0.0,118.03009948730468,126.10865097045898
2022-05-10 00:00:00-04:00,111.25,112.64250183105467,107.1709976196289,108.85900115966795,105434000,0.0,0.0,114.95119934082031,123.05545043945312
2022-05-11 00:00:00-04:00,108.10350036621094,110.15599822998048,104.42849731445312,105.37200164794922,109704000,0.0,0.0,110.83990020751953,119.77594985961915
2022-05-12 00:00:00-04:00,102.75,110.78050231933594,102.40550231933594,106.93049621582033,132026000,0.0,0.0,108.94459991455078,116.00934982299805
2022-05-13 00:00:00-04:00,109.06900024414062,113.18399810791016,107.8000030517578,113.05500030517578,93684000,0.0,0.0,108.60110015869141,114.88669967651367
2022-05-16 00:00:00-04:00,113.0999984741211,113.99250030517578,110.35399627685548,110.8105010986328,74566000,0.0,0.0,109.00540008544922,113.51774978637695
2022-05-17 00:00:00-04:00,113.2750015258789,115.8000030517578,111.27649688720705,115.36849975585938,76448000,0.0,0.0,110.3072998046875,112.6292495727539
2022-05-18 00:00:00-04:00,111.4394989013672,112.85299682617188,106.2490005493164,107.1125030517578,108380000,0.0,0.0,110.65540008544922,110.74765014648438
2022-05-19 00:00:00-04:00,106.28050231933594,110.03399658203124,106.19300079345705,107.31900024414062,88142000,0.0,0.0,110.73310089111328,109.83885040283204
2022-05-20 00:00:00-04:00,109.56849670410156,109.89800262451172,105.0094985961914,107.59100341796876,99500000,0.0,0.0,109.64030151367187,109.12070083618164
2022-05-23 00:00:00-04:00,108.46099853515624,108.81900024414062,103.9499969482422,107.55699920654295,107798000,0.0,0.0,108.9896011352539,108.99750061035157
2022-05-24 00:00:00-04:00,104.0250015258789,105.4000015258789,101.26000213623048,104.0999984741211,102934000,0.0,0.0,106.73590087890625,108.52160034179687
2022-05-25 00:00:00-04:00,103.65550231933594,108.1750030517578,103.6500015258789,106.7750015258789,93120000,0.0,0.0,106.66840057373047,108.66190032958984
2022-05-26 00:00:00-04:00,107.97000122070312,112.66549682617188,107.45349884033205,111.07749938964844,93002000,0.0,0.0,107.42010040283203,109.07660064697265
2022-05-27 00:00:00-04:00,113.5500030517578,115.18699645996094,112.62799835205078,115.14649963378906,93660000,0.0,0.0,108.93119964599609,109.28575057983399
2022-05-31 00:00:00-04:00,116.27999877929688,121.99449920654295,115.6750030517578,120.20950317382812,144634000,0.0,0.0,111.46170043945312,110.22565078735352
2022-06-01 00:00:00-04:00,122.25599670410156,125.1790008544922,120.62249755859376,121.68399810791016,127528000,0.0,0.0,114.97850036621094,110.8572006225586
2022-06-02 00:00:00-04:00,121.68399810791016,125.61000061035156,120.04499816894533,125.51100158691406,100560000,0.0,0.0,118.72570037841797,112.69705047607422
2022-06-03 00:00:00-04:00,124.1999969482422,124.4000015258789,121.04650115966795,122.3499984741211,97604000,0.0,0.0,120.9802001953125,114.20015029907226
2022-06-06 00:00:00-04:00,125.25,128.99000549316406,123.80999755859376,124.79000091552734,135269000,0.0,20.0,122.90890045166016,115.92005004882813
2022-06-07 00:00:00-04:00,122.01000213623048,124.0999984741211,120.62999725341795,123.0,85156700,0.0,0.0,123.46699981689453,117.46435012817383
2022-06-08 00:00:00-04:00,122.61000061035156,123.75,120.75,121.18000030517578,64926600,0.0,0.0,123.36620025634765,119.1723503112793
2022-06-09 00:00:00-04:00,119.98999786376952,121.3000030517578,116.0999984741211,116.1500015258789,67029800,0.0,0.0,121.49400024414062,120.1098503112793
2022-06-10 00:00:00-04:00,113.41999816894533,114.5,109.0500030517578,109.6500015258789,87266000,0.0,0.0,118.9540008544922,119.96710052490235
2022-06-13 00:00:00-04:00,104.19000244140624,106.54000091552734,101.86000061035156,103.66999816894533,99277700,0.0,0.0,114.73000030517578,118.81945037841797
2022-06-14 00:00:00-04:00,104.19000244140624,104.87999725341795,101.43000030517578,102.30999755859376,69728800,0.0,0.0,110.59199981689453,117.02949981689453
2022-06-15 00:00:00-04:00,103.86000061035156,109.05999755859376,103.52999877929688,107.66999816894533,85011100,0.0,0.0,107.88999938964844,115.62809982299805
2022-06-16 00:00:00-04:00,104.47000122070312,104.58000183105467,102.01000213623048,103.66000366210938,82186300,0.0,0.0,105.39199981689453,113.44300003051758
2022-06-17 00:00:00-04:00,102.8000030517578,106.9800033569336,102.51000213623048,106.22000122070312,99772100,0.0,0.0,104.70599975585938,111.83000030517579
2022-06-21 00:00:00-04:00,108.1999969482422,111.62999725341795,103.55999755859376,108.68000030517578,70901200,0.0,0.0,105.70800018310547,110.21900024414063
2022-06-22 00:00:00-04:00,107.43000030517578,112.12999725341795,107.0199966430664,108.9499969482422,60040100,0.0,0.0,107.03600006103515,108.81399993896484
2022-06-23 00:00:00-04:00,110.38999938964844,113.0,107.93000030517578,112.44000244140624,64345300,0.0,0.0,107.99000091552735,107.94000015258788
2022-06-24 00:00:00-04:00,112.37999725341795,116.70999908447266,111.43000030517578,116.45999908447266,69867600,0.0,0.0,110.55,107.97099990844727
2022-06-27 00:00:00-04:00,117.08999633789062,117.9800033569336,112.6999969482422,113.22000122070312,62133200,0.0,0.0,111.95,108.32799987792968
2022-06-28 00:00:00-04:00,113.5,114.8499984741211,107.04000091552734,107.4000015258789,74942900,0.0,0.0,111.69400024414062,108.70100021362305
2022-06-29 00:00:00-04:00,107.37999725341795,110.98999786376952,106.91000366210938,108.91999816894533,66375300,0.0,0.0,111.68800048828125,109.3620002746582
2022-06-30 00:00:00-04:00,108.11000061035156,108.18000030517578,102.5199966430664,106.20999908447266,97679400,0.0,0.0,110.44199981689454,109.21600036621093
2022-07-01 00:00:00-04:00,106.29000091552734,109.75,105.8499984741211,109.55999755859376,73021200,0.0,0.0,109.06199951171875,109.80599975585938
2022-07-05 00:00:00-04:00,107.5999984741211,114.08000183105467,106.31999969482422,113.5,76583700,0.0,0.0,109.11799926757813,110.53399963378907
2022-07-06 00:00:00-04:00,113.20999908447266,115.4800033569336,112.01000213623048,114.33000183105467,66958900,0.0,0.0,110.50399932861328,111.09899978637695
2022-07-07 00:00:00-04:00,113.8499984741211,116.98999786376952,113.48999786376952,116.33000183105467,57872300,0.0,0.0,111.98600006103516,111.83700027465821
2022-07-08 00:00:00-04:00,114.5999984741211,116.58000183105467,113.69000244140624,115.54000091552734,45719700,0.0,0.0,113.8520004272461,112.14700012207031
2022-07-11 00:00:00-04:00,114.08000183105467,114.3000030517578,110.87000274658205,111.75,53487600,0.0,0.0,114.29000091552734,111.67600021362304
2022-07-12 00:00:00-04:00,112.16000366210938,113.2300033569336,108.33999633789062,109.22000122070312,54280300,0.0,0.0,113.43400115966797,111.27600021362305
2022-07-13 00:00:00-04:00,107.02999877929688,111.77999877929688,106.01000213623048,110.4000015258789,61353800,0.0,0.0,112.64800109863282,111.57600021362305
2022-07-14 00:00:00-04:00,110.23999786376952,111.18000030517578,107.58000183105467,110.62999725341795,51163100,0.0,0.0,111.50800018310547,111.74700012207032
2022-07-15 00:00:00-04:00,112.5,115.58999633789062,111.58999633789062,113.5500030517578,84317800,0.0,0.0,111.11000061035156,112.48100051879882
2022-07-18 00:00:00-04:00,115.0,117.23999786376952,113.1500015258789,113.76000213623048,59115400,0.0,0.0,111.51200103759766,112.9010009765625
2022-07-19 00:00:00-04:00,115.6999969482422,118.9499969482422,114.02999877929688,118.20999908447266,60990000,0.0,0.0,113.31000061035157,113.37200088500977
2022-07-20 00:00:00-04:00,118.62000274658205,123.4800033569336,118.31999969482422,122.7699966430664,71268300,0.0,0.0,115.78399963378907,114.21600036621093
2022-07-21 00:00:00-04:00,123.1999969482422,124.8499984741211,121.26000213623048,124.62999725341795,60239900,0.0,0.0,118.58399963378906,115.04599990844727
2022-07-22 00:00:00-04:00,125.01000213623048,125.5,121.3499984741211,122.41999816894533,51463800,0.0,0.0,120.35799865722656,115.73399963378907
2022-07-25 00:00:00-04:00,122.6999969482422,123.63999938964844,120.02999877929688,121.13999938964844,50221300,0.0,0.0,121.83399810791016,116.67299957275391
2022-07-26 00:00:00-04:00,115.79000091552734,118.1500015258789,114.52999877929688,114.80999755859376,67075100,0.0,0.0,121.15399780273438,117.23199920654297
2022-07-27 00:00:00-04:00,117.30999755859376,121.9000015258789,117.16000366210938,120.97000122070312,61582000,0.0,0.0,120.79399871826172,118.28899917602538
2022-07-28 00:00:00-04:00,121.56999969482422,122.83999633789062,118.08000183105467,122.27999877929688,82245500,0.0,0.0,120.3239990234375,119.45399932861328
2022-07-29 00:00:00-04:00,134.89999389648438,137.64999389648438,132.41000366210938,134.9499969482422,148892900,0.0,0.0,122.82999877929687,121.59399871826172
2022-08-01 00:00:00-04:00,134.9600067138672,138.8300018310547,133.50999450683594,135.38999938964844,76846900,0.0,0.0,125.67999877929688,123.75699844360352
2022-08-02 00:00:00-04:00,134.72000122070312,137.44000244140625,134.08999633789062,134.16000366210938,61922400,0.0,0.0,129.55,125.35199890136718
2022-08-03 00:00:00-04:00,136.2100067138672,140.49000549316406,136.0500030517578,139.52000427246094,71827800,0.0,0.0,133.26000061035157,127.02699966430664
2022-08-04 00:00:00-04:00,140.5800018310547,143.55999755859375,139.5500030517578,142.57000732421875,70585000,0.0,0.0,137.31800231933593,128.8210006713867
2022-08-05 00:00:00-04:00,140.10000610351562,142.86000061035156,139.60000610351562,140.8000030517578,50686900,0.0,0.0,138.48800354003907,130.65900115966798
2022-08-08 00:00:00-04:00,142.0500030517578,144.22999572753906,138.2899932861328,139.41000366210938,52229000,0.0,0.0,139.29200439453126,132.48600158691406
2022-08-09 00:00:00-04:00,138.0500030517578,138.9499969482422,136.2100067138672,137.8300018310547,40434700,0.0,0.0,140.0260040283203,134.78800201416016
2022-08-10 00:00:00-04:00,142.89999389648438,144.60000610351562,141.00999450683594,142.69000244140625,54773800,0.0,0.0,140.66000366210938,136.96000213623046
2022-08-11 00:00:00-04:00,143.86000061035156,144.49000549316406,139.75999450683594,140.63999938964844,44867300,0.0,0.0,140.2740020751953,138.79600219726564
2022-08-12 00:00:00-04:00,142.0500030517578,143.57000732421875,140.1199951171875,143.5500030517578,47643500,0.0,0.0,140.82400207519532,139.6560028076172
2022-08-15 00:00:00-04:00,142.8000030517578,143.75999450683594,141.49000549316406,143.17999267578125,39014600,0.0,0.0,141.5779998779297,140.43500213623048
2022-08-16 00:00:00-04:00,143.91000366210938,146.57000732421875,142.0,144.77999877929688,59102900,0.0,0.0,142.96799926757814,141.49700164794922
2022-08-17 00:00:00-04:00,142.69000244140625,143.3800048828125,140.77999877929688,142.10000610351562,48149800,0.0,0.0,142.85,141.7550018310547
2022-08-18 00:00:00-04:00,141.32000732421875,142.77000427246094,140.3800048828125,142.3000030517578,37458700,0.0,0.0,143.18200073242187,141.7280014038086
2022-08-19 00:00:00-04:00,140.47000122070312,141.11000061035156,137.91000366210938,138.22999572753906,47792800,0.0,0.0,142.1179992675781,141.47100067138672
2022-08-22 00:00:00-04:00,135.72000122070312,136.32000732421875,132.85000610351562,133.22000122070312,50461500,0.0,0.0,140.1260009765625,140.85200042724608
2022-08-23 00:00:00-04:00,133.41000366210938,134.99000549316406,132.9499969482422,133.6199951171875,36252100,0.0,0.0,137.8940002441406,140.43099975585938
2022-08-24 00:00:00-04:00,132.75,135.47000122070312,132.10000610351562,133.8000030517578,38627000,0.0,0.0,136.23399963378907,139.54199981689453
2022-08-25 00:00:00-04:00,135.25999450683594,137.4199981689453,134.27999877929688,137.27999877929688,37496300,0.0,0.0,135.22999877929686,139.20599975585938
2022-08-26 00:00:00-04:00,136.5500030517578,137.8300018310547,130.5,130.75,53322700,0.0,0.0,133.73399963378907,137.9259994506836
2022-08-29 00:00:00-04:00,129.89999389648438,131.9499969482422,128.77000427246094,129.7899932861328,48101600,0.0,0.0,133.047998046875,136.58699951171874
2022-08-30 00:00:00-04:00,131.25,132.07000732421875,126.8499984741211,128.72999572753906,49203000,0.0,0.0,132.06999816894532,134.98199920654298
2022-08-31 00:00:00-04:00,129.4499969482422,130.58999633789062,126.73999786376952,126.7699966430664,53648700,0.0,0.0,130.66399688720702,133.44899826049806
2022-09-01 00:00:00-04:00,126.0,128.02000427246094,123.66000366210938,127.81999969482422,56636100,0.0,0.0,128.7719970703125,132.0009979248047
2022-09-02 00:00:00-04:00,129.5,131.3800048828125,126.38999938964844,127.51000213623048,57429800,0.0,0.0,128.1239974975586,130.92899856567382
2022-09-06 00:00:00-04:00,127.91999816894533,128.6199951171875,124.73999786376952,126.11000061035156,43888600,0.0,0.0,127.38799896240235,130.21799850463867
2022-09-07 00:00:00-04:00,126.12000274658205,129.82000732421875,125.4000015258789,129.47999572753906,47900300,0.0,0.0,127.53799896240234,129.80399856567382
2022-09-08 00:00:00-04:00,127.72000122070312,130.27999877929688,127.0999984741211,129.82000732421875,43988500,0.0,0.0,128.14800109863282,129.40599899291993
2022-09-09 00:00:00-04:00,130.91000366210938,133.69000244140625,130.75999450683594,133.27000427246094,49387600,0.0,0.0,129.23800201416014,129.00499954223633
2022-09-12 00:00:00-04:00,134.10000610351562,136.49000549316406,134.0,136.4499969482422,53826900,0.0,0.0,131.0260009765625,129.57499923706055
2022-09-13 00:00:00-04:00,131.00999450683594,131.39999389648438,126.2699966430664,126.81999969482422,72694000,0.0,0.0,131.16800079345703,129.2779998779297
2022-09-14 00:00:00-04:00,127.36000061035156,128.83999633789062,126.33000183105467,128.5500030517578,45316800,0.0,0.0,130.98200225830078,129.26000061035157
2022-09-15 00:00:00-04:00,127.37999725341795,130.3699951171875,125.5,126.27999877929688,52887200,0.0,0.0,130.2740005493164,129.21100082397462
2022-09-16 00:00:00-04:00,122.77999877929688,123.87000274658205,120.6999969482422,123.52999877929688,115667800,0.0,0.0,128.32599945068358,128.78200073242186
2022-09-19 00:00:00-04:00,122.16000366210938,124.70999908447266,121.8000030517578,124.66000366210938,47279700,0.0,0.0,125.96800079345704,128.49700088500975
2022-09-20 00:00:00-04:00,123.3499984741211,124.4000015258789,121.13999938964844,122.19000244140624,47698400,0.0,0.0,125.04200134277343,128.10500106811523
2022-09-21 00:00:00-04:00,122.48999786376952,123.76000213623048,118.4499969482422,118.54000091552734,58498900,0.0,0.0,123.04000091552734,127.01100158691406
2022-09-22 00:00:00-04:00,117.08000183105467,118.79000091552734,116.26000213623048,117.30999755859376,55229200,0.0,0.0,121.24600067138672,125.76000061035157
2022-09-23 00:00:00-04:00,116.0,116.0500030517578,112.05999755859376,113.77999877929688,65126700,0.0,0.0,119.29600067138672,123.81100006103516
2022-09-26 00:00:00-04:00,113.3000030517578,117.33999633789062,113.12999725341795,115.1500015258789,62723300,0.0,0.0,117.39400024414063,121.68100051879883
2022-09-27 00:00:00-04:00,117.1999969482422,118.31999969482422,113.0500030517578,114.41000366210938,60094700,0.0,0.0,115.83800048828125,120.44000091552735
2022-09-28 00:00:00-04:00,114.37999725341795,118.6999969482422,113.8000030517578,118.01000213623048,55763800,0.0,0.0,115.73200073242188,119.38600082397461
2022-09-29 00:00:00-04:00,115.5999984741211,116.06999969482422,113.05999755859376,114.8000030517578,58969700,0.0,0.0,115.2300018310547,118.23800125122071
2022-09-30 00:00:00-04:00,114.08000183105467,116.91999816894533,112.83999633789062,113.0,59479600,0.0,0.0,115.07400207519531,117.18500137329102
2022-10-03 00:00:00-04:00,113.58000183105467,116.91000366210938,112.4499969482422,115.87999725341795,50941900,0.0,0.0,115.22000122070312,116.30700073242187
2022-10-04 00:00:00-04:00,119.88999938964844,123.0,119.79000091552734,121.08999633789062,62812600,0.0,0.0,116.55599975585938,116.1970001220703
2022-10-05 00:00:00-04:00,118.58000183105467,121.75,117.69000244140624,120.9499969482422,48217500,0.0,0.0,117.14399871826171,116.4379997253418
2022-10-06 00:00:00-04:00,120.7699966430664,121.52999877929688,119.5,120.3000030517578,42253800,0.0,0.0,118.24399871826172,116.7370002746582
2022-10-07 00:00:00-04:00,118.0,118.16999816894533,113.87999725341795,114.55999755859376,54678000,0.0,0.0,118.55599822998047,116.81500015258788
2022-10-10 00:00:00-04:00,115.0999984741211,116.25,112.43000030517578,113.66999816894533,42339700,0.0,0.0,118.11399841308594,116.66699981689453
2022-10-11 00:00:00-04:00,112.70999908447266,115.4800033569336,110.38999938964844,112.20999908447266,56432200,0.0,0.0,116.33799896240234,116.44699935913086
2022-10-12 00:00:00-04:00,112.48999786376952,113.83000183105467,111.4000015258789,112.9000015258789,45728700,0.0,0.0,114.72799987792969,115.93599929809571
2022-10-13 00:00:00-04:00,107.87999725341795,113.44000244140624,105.3499984741211,112.52999877929688,86868100,0.0,0.0,113.1739990234375,115.70899887084961
2022-10-14 00:00:00-04:00,114.0999984741211,114.95999908447266,106.5999984741211,106.9000015258789,67737300,0.0,0.0,111.64199981689453,115.0989990234375
2022-10-17 00:00:00-04:00,110.11000061035156,114.19000244140624,110.08999633789062,113.79000091552734,62782000,0.0,0.0,111.66600036621094,114.88999938964844
2022-10-18 00:00:00-04:00,119.05999755859376,119.5199966430664,114.79000091552734,116.36000061035156,65607400,0.0,0.0,112.49600067138672,114.41699981689453
2022-10-19 00:00:00-04:00,114.70999908447266,116.58999633789062,113.22000122070312,115.06999969482422,47198100,0.0,0.0,112.93000030517578,113.82900009155273
2022-10-20 00:00:00-04:00,113.83000183105467,118.23999786376952,113.51000213623048,115.25,48795100,0.0,0.0,113.4740005493164,113.32399978637696
2022-10-21 00:00:00-04:00,114.79000091552734,119.58999633789062,114.5,119.31999969482422,55660500,0.0,0.0,115.95800018310547,113.8
2022-10-24 00:00:00-04:00,119.9800033569336,120.38999938964844,116.56999969482422,119.81999969482422,49531500,0.0,0.0,117.16399993896485,114.4150001525879
2022-10-25 00:00:00-04:00,119.6500015258789,121.31999969482422,118.9499969482422,120.5999984741211,50934600,0.0,0.0,118.01199951171876,115.25400009155274
2022-10-26 00:00:00-04:00,116.0,119.3499984741211,114.76000213623048,115.66000366210938,68802300,0.0,0.0,118.13000030517578,115.53000030517578
2022-10-27 00:00:00-04:00,113.91999816894533,114.12000274658205,109.7699966430664,110.95999908447266,129605400,0.0,0.0,117.27200012207031,115.37300033569336
2022-10-28 00:00:00-04:00,97.91000366210938,103.95999908447266,97.66000366210938,103.41000366210938,223133400,0.0,0.0,114.09000091552734,115.02400054931641
2022-10-31 00:00:00-04:00,103.55999755859376,104.87000274658205,100.73999786376952,102.44000244140624,99251400,0.0,0.0,110.61400146484375,113.8890007019043
2022-11-01 00:00:00-04:00,103.98999786376952,104.58000183105467,96.05999755859376,96.79000091552734,153370000,0.0,0.0,105.852001953125,111.93200073242187
2022-11-02 00:00:00-04:00,97.31999969482422,97.73999786376952,92.01000213623048,92.12000274658205,135761800,0.0,0.0,101.14400177001953,109.63700103759766
2022-11-03 00:00:00-04:00,92.47000122070312,93.5,89.0199966430664,89.30000305175781,136683300,0.0,0.0,96.81200256347657,107.04200134277343
2022-11-04 00:00:00-04:00,91.48999786376952,92.44000244140624,88.04000091552734,90.9800033569336,129101300,0.0,0.0,94.32600250244141,104.20800170898437
2022-11-07 00:00:00-05:00,91.9499969482422,92.0999984741211,89.04000091552734,90.52999877929688,77495700,0.0,0.0,91.94400177001953,101.27900161743165
2022-11-08 00:00:00-05:00,90.79000091552734,91.72000122070312,88.2300033569336,89.9800033569336,88703400,0.0,0.0,90.58200225830078,98.2170021057129
2022-11-09 00:00:00-05:00,89.47000122070312,89.4800033569336,85.87000274658203,86.13999938964844,90796200,0.0,0.0,89.38600158691406,95.2650016784668
2022-11-10 00:00:00-05:00,92.94000244140624,98.69000244140624,91.6500015258789,96.62999725341795,173414900,0.0,0.0,90.8520004272461,93.83200149536133
2022-11-11 00:00:00-05:00,97.87999725341795,101.19000244140624,96.66000366210938,100.79000091552734,111590500,0.0,0.0,92.81399993896484,93.57000122070312
2022-11-14 00:00:00-05:00,98.7699966430664,100.12000274658205,97.29000091552734,98.48999786376952,99533100,0.0,0.0,94.40599975585937,93.17500076293945
2022-11-15 00:00:00-05:00,103.20999908447266,103.79000091552734,97.33999633789062,98.94000244140624,111336300,0.0,0.0,96.1979995727539,93.39000091552734
2022-11-16 00:00:00-05:00,96.8499984741211,98.48999786376952,95.54000091552734,97.12000274658205,87958800,0.0,0.0,98.39400024414063,93.89000091552734
2022-11-17 00:00:00-05:00,95.37000274658205,96.97000122070312,94.02999877929688,94.8499984741211,82617900,0.0,0.0,98.03800048828126,94.44500045776365
2022-11-18 00:00:00-05:00,95.9499969482422,95.98999786376952,92.4800033569336,94.13999938964844,72428200,0.0,0.0,96.70800018310547,94.76100006103515
2022-11-21 00:00:00-05:00,93.97000122070312,95.0199966430664,90.58999633789062,92.45999908447266,84330300,0.0,0.0,95.50200042724609,94.95400009155273
2022-11-22 00:00:00-05:00,92.62000274658205,93.3499984741211,90.87000274658205,93.1999969482422,62192000,0.0,0.0,94.35399932861328,95.2759994506836
2022-11-23 00:00:00-05:00,93.23999786376952,94.58000183105467,92.83000183105467,94.12999725341795,59414700,0.0,0.0,93.75599822998046,96.07499923706054
2022-11-25 00:00:00-05:00,93.79000091552734,94.43000030517578,93.06999969482422,93.41000366210938,35088600,0.0,0.0,93.46799926757812,95.75299987792968
2022-11-28 00:00:00-05:00,93.93000030517578,96.4000015258789,93.43000030517578,93.9499969482422,74943100,0.0,0.0,93.42999877929688,95.06899948120117
2022-11-29 00:00:00-05:00,94.04000091552734,94.41000366210938,91.44000244140624,92.41999816894533,65567300,0.0,0.0,93.4219985961914,94.46199951171876
2022-11-30 00:00:00-05:00,92.47000122070312,96.54000091552734,91.52999877929688,96.54000091552734,102805800,0.0,0.0,94.08999938964844,94.22199935913088
2022-12-01 00:00:00-05:00,96.98999786376952,97.2300033569336,94.91999816894533,95.5,68488000,0.0,0.0,94.36399993896484,94.05999908447266
2022-12-02 00:00:00-05:00,94.4800033569336,95.36000061035156,93.77999877929688,94.12999725341795,72496400,0.0,0.0,94.50799865722657,93.98799896240234
2022-12-05 00:00:00-05:00,93.0500030517578,94.05999755859376,90.81999969482422,91.01000213623048,71535500,0.0,0.0,93.91999969482421,93.67499923706056
2022-12-06 00:00:00-05:00,90.5,91.04000091552734,87.9000015258789,88.25,75503600,0.0,0.0,93.08600006103515,93.25399932861329
2022-12-07 00:00:00-05:00,88.33999633789062,89.88999938964844,87.4800033569336,88.45999908447266,68086900,0.0,0.0,91.46999969482422,92.77999954223633
2022-12-08 00:00:00-05:00,89.23999786376953,90.86000061035156,87.87999725341797,90.3499984741211,73305900,0.0,0.0,90.43999938964843,92.40199966430666
2022-12-09 00:00:00-05:00,88.9000015258789,90.3000030517578,88.62999725341797,89.08999633789062,67398500,0.0,0.0,89.43199920654297,91.96999893188477
2022-12-12 00:00:00-05:00,89.20999908447266,90.58000183105467,87.87000274658203,90.5500030517578,61999800,0.0,0.0,89.33999938964844,91.62999954223633
2022-12-13 00:00:00-05:00,95.2300033569336,96.25,90.5199966430664,92.48999786376952,100212000,0.0,0.0,90.18799896240235,91.63699951171874
2022-12-14 00:00:00-05:00,92.5,93.45999908447266,89.87000274658203,91.58000183105467,70298000,0.0,0.0,90.81199951171875,91.14099960327147
2022-12-15 00:00:00-05:00,89.88999938964844,89.97000122070312,87.47000122070312,88.44999694824219,84802900,0.0,0.0,90.43199920654297,90.4359992980957
2022-12-16 00:00:00-05:00,88.2699966430664,89.3499984741211,86.7300033569336,87.86000061035156,146144100,0.0,0.0,90.18600006103516,89.80899963378906
2022-12-19 00:00:00-05:00,87.51000213623047,87.62999725341797,84.51000213623047,84.91999816894531,83531500,0.0,0.0,89.05999908447265,89.19999923706054
2022-12-20 00:00:00-05:00,85.33000183105469,86.61000061035156,84.33000183105469,85.19000244140625,74348300,0.0,0.0,87.6,88.89399948120116
2022-12-21 00:00:00-05:00,86.18000030517578,87.2300033569336,85.20999908447266,86.7699966430664,59267200,0.0,0.0,86.63799896240235,88.72499923706053
2022-12-22 00:00:00-05:00,85.5199966430664,85.68000030517578,82.25,83.79000091552734,81431300,0.0,0.0,85.70599975585938,88.06899948120116
2022-12-23 00:00:00-05:00,83.25,85.77999877929688,82.93000030517578,85.25,57433700,0.0,0.0,85.18399963378906,87.6849998474121
2022-12-27 00:00:00-05:00,84.97000122070312,85.3499984741211,83.0,83.04000091552734,57284000,0.0,0.0,84.80800018310546,86.93399963378906
2022-12-28 00:00:00-05:00,82.80000305175781,83.4800033569336,81.69000244140625,81.81999969482422,58228600,0.0,0.0,84.13399963378906,85.86699981689453
2022-12-29 00:00:00-05:00,82.87000274658203,84.55000305175781,82.55000305175781,84.18000030517578,54995900,0.0,0.0,83.61600036621094,85.12699966430664
2022-12-30 00:00:00-05:00,83.12000274658203,84.05000305175781,82.47000122070312,84.0,62401200,0.0,0.0,83.65800018310547,84.68199996948242
2023-01-03 00:00:00-05:00,85.45999908447266,86.95999908447266,84.20999908447266,85.81999969482422,76706000,0.0,0.0,83.77200012207031,84.47799987792969
2023-01-04 00:00:00-05:00,86.55000305175781,86.9800033569336,83.36000061035156,85.13999938964844,68885100,0.0,0.0,84.19199981689454,84.5
2023-01-05 00:00:00-05:00,85.33000183105469,85.41999816894531,83.06999969482422,83.12000274658203,67930800,0.0,0.0,84.45200042724609,84.29300003051758
2023-01-06 00:00:00-05:00,83.02999877929688,86.4000015258789,81.43000030517578,86.08000183105469,83303400,0.0,0.0,84.83200073242188,84.2240005493164
2023-01-09 00:00:00-05:00,87.45999908447266,89.4800033569336,87.08000183105469,87.36000061035156,65266100,0.0,0.0,85.50400085449219,84.58100051879883
2023-01-10 00:00:00-05:00,87.56999969482422,90.19000244140624,87.29000091552734,89.87000274658203,67756600,0.0,0.0,86.31400146484376,85.04300079345703
2023-01-11 00:00:00-05:00,90.93000030517578,95.26000213623048,90.93000030517578,95.08999633789062,103126200,0.0,0.0,88.30400085449219,86.24800033569336
2023-01-12 00:00:00-05:00,96.93000030517578,97.19000244140624,93.5,95.2699966430664,85254800,0.0,0.0,90.73399963378907,87.59300003051757
2023-01-13 00:00:00-05:00,94.18000030517578,98.37000274658205,94.12000274658205,98.12000274658205,85549400,0.0,0.0,93.14199981689453,88.9870002746582
2023-01-17 00:00:00-05:00,98.68000030517578,98.88999938964844,95.7300033569336,96.0500030517578,72755000,0.0,0.0,94.88000030517578,90.19200057983399
2023-01-18 00:00:00-05:00,97.25,99.31999969482422,95.37999725341795,95.45999908447266,79570400,0.0,0.0,95.99799957275391,91.15600051879883
2023-01-19 00:00:00-05:00,94.73999786376952,95.44000244140624,92.86000061035156,93.68000030517578,69002700,0.0,0.0,95.71600036621093,92.01000061035157
2023-01-20 00:00:00-05:00,93.86000061035156,97.3499984741211,93.1999969482422,97.25,67481500,0.0,0.0,96.11200103759765,93.42300033569336
2023-01-23 00:00:00-05:00,97.55999755859376,97.77999877929688,95.86000061035156,97.5199966430664,76501100,0.0,0.0,95.99199981689453,94.56699981689454
2023-01-24 00:00:00-05:00,96.93000030517578,98.08999633789062,96.0,96.31999969482422,66929500,0.0,0.0,96.0459991455078,95.4629997253418
2023-01-25 00:00:00-05:00,92.55999755859376,97.23999786376952,91.5199966430664,97.18000030517578,94261600,0.0,0.0,96.38999938964844,96.19399948120117
2023-01-26 00:00:00-05:00,98.23999786376952,99.48999786376952,96.91999816894533,99.22000122070312,68523600,0.0,0.0,97.49799957275391,96.60699996948242
2023-01-27 00:00:00-05:00,99.52999877929688,103.48999786376952,99.52999877929688,102.23999786376952,87775600,0.0,0.0,98.4959991455078,97.30400009155274
2023-01-30 00:00:00-05:00,101.08999633789062,101.73999786376952,99.01000213623048,100.5500030517578,70691900,0.0,0.0,99.1020004272461,97.54700012207032
2023-01-31 00:00:00-05:00,101.16000366210938,103.3499984741211,101.13999938964844,103.12999725341795,66527300,0.0,0.0,100.46399993896485,98.25499954223633
2023-02-01 00:00:00-05:00,102.52999877929688,106.23999786376952,101.23999786376952,105.1500015258789,80450100,0.0,0.0,102.05800018310546,99.22399978637695
2023-02-02 00:00:00-05:00,110.25,114.0,108.87999725341795,112.91000366210938,158154200,0.0,0.0,104.79600067138672,101.14700012207031
2023-02-03 00:00:00-05:00,105.26000213623048,108.77999877929688,102.5199966430664,103.38999938964844,144374800,0.0,0.0,105.0260009765625,101.76100006103516
2023-02-06 00:00:00-05:00,102.93000030517578,103.9499969482422,100.6500015258789,102.18000030517578,81945200,0.0,0.0,105.3520004272461,102.2270004272461
2023-02-07 00:00:00-05:00,101.16999816894533,102.41000366210938,98.08000183105467,102.11000061035156,119501300,0.0,0.0,105.14800109863282,102.80600051879883
2023-02-08 00:00:00-05:00,102.04000091552734,102.66999816894533,98.77999877929688,100.0500030517578,75878300,0.0,0.0,104.1280014038086,103.09300079345704
2023-02-09 00:00:00-05:00,101.31999969482422,101.77999877929688,97.56999969482422,98.23999786376952,64622500,0.0,0.0,101.19400024414061,102.99500045776367
2023-02-10 00:00:00-05:00,97.55999755859376,98.81999969482422,96.2300033569336,97.61000061035156,52740100,0.0,0.0,100.03800048828124,102.53200073242188
2023-02-13 00:00:00-05:00,97.8499984741211,99.68000030517578,96.91000366210938,99.54000091552734,52841500,0.0,0.0,99.51000061035155,102.43100051879883
2023-02-14 00:00:00-05:00,98.41000366210938,100.91999816894533,97.5199966430664,99.6999969482422,56202900,0.0,0.0,99.02799987792969,102.08800048828125
2023-02-15 00:00:00-05:00,99.08999633789062,101.16999816894533,98.4499969482422,101.16000366210938,47957600,0.0,0.0,99.25,101.68900070190429
2023-02-16 00:00:00-05:00,99.20999908447266,100.62999725341795,98.0999984741211,98.1500015258789,56339200,0.0,0.0,99.23200073242188,100.21300048828125
2023-02-17 00:00:00-05:00,97.8000030517578,97.94000244140624,95.6500015258789,97.1999969482422,60029400,0.0,0.0,99.15,99.59400024414063
2023-02-21 00:00:00-05:00,95.33999633789062,95.61000061035156,94.2699966430664,94.58000183105467,56580400,0.0,0.0,98.15800018310547,98.83400039672851
2023-02-22 00:00:00-05:00,95.0999984741211,97.01000213623048,94.8000030517578,95.79000091552734,59534100,0.0,0.0,97.3760009765625,98.20200042724609
2023-02-23 00:00:00-05:00,96.12000274658205,96.43000030517578,93.66999816894533,95.81999969482422,48467000,0.0,0.0,96.30800018310546,97.77900009155273
2023-02-24 00:00:00-05:00,93.52999877929688,94.13999938964844,92.31999969482422,93.5,57053800,0.0,0.0,95.37799987792968,97.30500030517578
2023-02-27 00:00:00-05:00,94.27999877929688,94.77999877929688,93.13999938964844,93.76000213623048,47470300,0.0,0.0,94.69000091552735,96.92000045776368
2023-02-28 00:00:00-05:00,93.13999938964844,94.69000244140624,92.91999816894533,94.2300033569336,43959300,0.0,0.0,94.62000122070313,96.3890007019043
2023-03-01 00:00:00-05:00,93.87000274658205,94.68000030517578,91.58999633789062,92.16999816894533,52299500,0.0,0.0,93.89600067138672,95.63600082397461
2023-03-02 00:00:00-05:00,91.41000366210938,92.2300033569336,90.38999938964844,92.12999725341795,55509400,0.0,0.0,93.15800018310547,94.73300018310547
2023-03-03 00:00:00-05:00,92.73999786376952,94.94000244140624,92.66000366210938,94.9000015258789,55759600,0.0,0.0,93.43800048828125,94.40800018310547
2023-03-06 00:00:00-05:00,95.19000244140624,96.5500030517578,93.73999786376952,93.75,52112400,0.0,0.0,93.43600006103516,94.06300048828125
2023-03-07 00:00:00-05:00,94.05999755859376,95.08999633789062,92.77999877929688,93.5500030517578,49100700,0.0,0.0,93.3,93.96000061035156
2023-03-08 00:00:00-05:00,93.5999984741211,94.16999816894533,92.18000030517578,93.91999816894533,44899100,0.0,0.0,93.65,93.77300033569335
2023-03-09 00:00:00-05:00,93.68000030517578,96.20999908447266,92.18000030517578,92.25,56218700,0.0,0.0,93.6740005493164,93.41600036621094
2023-03-10 00:00:00-05:00,92.66999816894533,93.56999969482422,90.25,90.7300033569336,69827500,0.0,0.0,92.84000091552734,93.1390007019043
2023-03-13 00:00:00-04:00,89.97000122070312,94.0199966430664,88.12000274658203,92.43000030517578,72397100,0.0,0.0,92.5760009765625,93.00600051879883
2023-03-14 00:00:00-04:00,93.83000183105467,95.06999969482422,92.70999908447266,94.87999725341795,60912700,0.0,0.0,92.84199981689453,93.07099990844726
2023-03-15 00:00:00-04:00,93.22000122070312,96.66999816894533,93.06999969482422,96.1999969482422,70731800,0.0,0.0,93.29799957275391,93.47399978637695
2023-03-16 00:00:00-04:00,95.75,100.98999786376952,95.61000061035156,100.04000091552734,84446900,0.0,0.0,94.85599975585937,94.26500015258789
2023-03-17 00:00:00-04:00,99.79000091552734,100.66000366210938,97.45999908447266,98.9499969482422,87300200,0.0,0.0,96.4999984741211,94.66999969482421
2023-03-20 00:00:00-04:00,98.41000366210938,98.4800033569336,95.6999969482422,97.70999908447266,62388900,0.0,0.0,97.55599822998047,95.06599960327148
2023-03-21 00:00:00-04:00,98.13999938964844,100.8499984741211,98.0,100.61000061035156,58597300,0.0,0.0,98.70199890136719,95.77199935913086
2023-03-22 00:00:00-04:00,100.4499969482422,102.0999984741211,98.61000061035156,98.6999969482422,57475400,0.0,0.0,99.20199890136719,96.24999923706055
2023-03-23 00:00:00-04:00,100.43000030517578,101.05999755859376,97.62000274658205,98.70999908447266,57559300,0.0,0.0,98.93599853515624,96.89599914550782
2023-03-24 00:00:00-04:00,98.06999969482422,98.3000030517578,96.4000015258789,98.12999725341795,56095400,0.0,0.0,98.77199859619141,97.63599853515625
2023-03-27 00:00:00-04:00,99.06999969482422,99.33999633789062,97.08000183105467,98.04000091552734,46721300,0.0,0.0,98.83799896240234,98.1969985961914
2023-03-28 00:00:00-04:00,98.11000061035156,98.44000244140624,96.29000091552734,97.23999786376952,38720100,0.0,0.0,98.16399841308593,98.43299865722656
2023-03-29 00:00:00-04:00,98.69000244140624,100.41999816894533,98.55999755859376,100.25,49783300,0.0,0.0,98.4739990234375,98.83799896240234
2023-03-30 00:00:00-04:00,101.5500030517578,103.04000091552734,101.01000213623048,102.0,53633400,0.0,0.0,99.13199920654297,99.03399887084962
2023-03-31 00:00:00-04:00,102.16000366210938,103.48999786376952,101.9499969482422,103.29000091552734,56750300,0.0,0.0,100.16399993896485,99.46799926757812
2023-04-03 00:00:00-04:00,102.3000030517578,103.29000091552734,101.43000030517578,102.41000366210938,41135700,0.0,0.0,101.03800048828126,99.9379997253418
2023-04-04 00:00:00-04:00,102.75,104.1999969482422,102.11000061035156,103.9499969482422,48662500,0.0,0.0,102.38000030517578,100.27199935913086
2023-04-05 00:00:00-04:00,103.91000366210938,103.91000366210938,100.75,101.0999984741211,45175400,0.0,0.0,102.55,100.51199951171876
2023-04-06 00:00:00-04:00,100.75,102.37999725341795,99.8000030517578,102.05999755859376,43808000,0.0,0.0,102.56199951171875,100.84699935913086
2023-04-10 00:00:00-04:00,100.95999908447266,102.1999969482422,99.56999969482422,102.16999816894533,37261200,0.0,0.0,102.33799896240234,101.2509994506836
2023-04-11 00:00:00-04:00,100.8000030517578,101.0,99.01000213623048,99.91999816894533,60417800,0.0,0.0,101.83999786376954,101.43899917602539
2023-04-12 00:00:00-04:00,100.4000015258789,100.51000213623048,97.70999908447266,97.83000183105467,56735000,0.0,0.0,100.61599884033203,101.49799957275391
2023-04-13 00:00:00-04:00,98.9499969482422,102.56999969482422,98.70999908447266,102.4000015258789,67925100,0.0,0.0,100.8759994506836,101.7129997253418
2023-04-14 00:00:00-04:00,102.06999969482422,103.1999969482422,101.11000061035156,102.51000213623048,51450500,0.0,0.0,100.96600036621095,101.76399993896484
2023-04-17 00:00:00-04:00,103.16000366210938,103.7300033569336,101.58999633789062,102.73999786376952,39919500,0.0,0.0,101.08000030517579,101.70899963378906
2023-04-18 00:00:00-04:00,103.9499969482422,104.1999969482422,101.5199966430664,102.3000030517578,39790500,0.0,0.0,101.55600128173828,101.6979995727539
2023-04-19 00:00:00-04:00,101.58000183105467,105.12000274658205,101.38999938964844,104.3000030517578,58398900,0.0,0.0,102.85000152587891,101.73300018310547
2023-04-20 00:00:00-04:00,103.52999877929688,105.25,103.20999908447266,103.80999755859376,57696900,0.0,0.0,103.13200073242187,102.00400009155274
2023-04-21 00:00:00-04:00,106.0999984741211,108.1500015258789,105.08000183105467,106.95999908447266,86774200,0.0,0.0,104.02200012207031,102.49400024414062
2023-04-24 00:00:00-04:00,107.66000366210938,109.2300033569336,105.06999969482422,106.20999908447266,69575600,0.0,0.0,104.71600036621093,102.89800033569335
2023-04-25 00:00:00-04:00,104.91000366210938,105.4499969482422,102.4499969482422,102.56999969482422,65026800,0.0,0.0,104.76999969482422,103.16300048828126
2023-04-26 00:00:00-04:00,105.04000091552734,106.62000274658205,104.0999984741211,104.9800033569336,73803800,0.0,0.0,104.90599975585937,103.87800064086915
2023-04-27 00:00:00-04:00,108.16000366210938,110.86000061035156,106.8000030517578,109.81999969482422,149961200,0.0,0.0,106.10800018310547,104.62000045776367
2023-04-28 00:00:00-04:00,107.7300033569336,109.4800033569336,104.33000183105467,105.4499969482422,130715900,0.0,0.0,105.80599975585938,104.91399993896485
2023-05-01 00:00:00-04:00,104.9499969482422,105.2300033569336,101.81999969482422,102.0500030517578,74728100,0.0,0.0,104.9740005493164,104.84500045776367
2023-05-02 00:00:00-04:00,101.47000122070312,103.9000015258789,101.1500015258789,103.62999725341795,73469400,0.0,0.0,105.18600006103516,104.97799987792969
2023-05-03 00:00:00-04:00,103.73999786376952,105.95999908447266,103.27999877929688,103.6500015258789,65051900,0.0,0.0,104.91999969482421,104.91299972534179
2023-05-04 00:00:00-04:00,104.04000091552734,105.38999938964844,103.30999755859376,104.0,45345500,0.0,0.0,103.75599975585938,104.93199996948242
2023-05-05 00:00:00-04:00,104.2699966430664,105.76000213623048,103.5500030517578,105.66000366210938,56951700,0.0,0.0,103.79800109863281,104.8020004272461
2023-05-08 00:00:00-04:00,105.04000091552734,106.0999984741211,104.6999969482422,105.83000183105467,49430900,0.0,0.0,104.55400085449219,104.7640007019043
2023-05-09 00:00:00-04:00,105.4800033569336,106.79000091552734,105.16000366210938,106.62000274658205,44089400,0.0,0.0,105.152001953125,105.16900100708008
2023-05-10 00:00:00-04:00,108.0999984741211,110.66999816894533,108.0500030517578,110.19000244140624,78627600,0.0,0.0,106.46000213623047,105.69000091552735
2023-05-11 00:00:00-04:00,111.02999877929688,113.27999877929688,110.48999786376952,112.18000030517578,74924800,0.0,0.0,108.09600219726562,105.9260009765625
2023-05-12 00:00:00-04:00,112.16000366210938,112.63999938964844,109.31999969482422,110.26000213623048,49852700,0.0,0.0,109.01600189208985,106.40700149536133
2023-05-15 00:00:00-04:00,111.1500015258789,112.29000091552734,109.25,111.1999969482422,53011100,0.0,0.0,110.09000091552734,107.32200088500977
2023-05-16 00:00:00-04:00,111.0500030517578,114.79000091552734,111.0500030517578,113.4000015258789,71472900,0.0,0.0,111.44600067138671,108.29900131225585
2023-05-17 00:00:00-04:00,114.88999938964844,115.83000183105467,114.22000122070312,115.5,65655200,0.0,0.0,112.50800018310547,109.48400115966797
2023-05-18 00:00:00-04:00,116.69000244140624,118.5999984741211,116.33999633789062,118.1500015258789,73174100,0.0,0.0,113.70200042724609,110.89900131225586
2023-05-19 00:00:00-04:00,118.16000366210938,118.30999755859376,115.6999969482422,116.25,55056300,0.0,0.0,114.9,111.95800094604492
2023-05-22 00:00:00-04:00,116.7699966430664,116.7699966430664,114.25,115.01000213623048,70741100,0.0,0.0,115.66200103759766,112.8760009765625
2023-05-23 00:00:00-04:00,114.2699966430664,117.13999938964844,113.77999877929688,114.98999786376952,67576300,0.0,0.0,115.98000030517578,113.71300048828125
2023-05-24 00:00:00-04:00,115.3499984741211,117.33999633789062,115.0199966430664,116.75,63487900,0.0,0.0,116.23000030517578,114.36900024414062
2023-05-25 00:00:00-04:00,116.62999725341795,116.87000274658205,114.30999755859376,115.0,66496700,0.0,0.0,115.6,114.65100021362305
2023-05-26 00:00:00-04:00,116.04000091552734,121.5,116.0199966430664,120.11000061035156,96779900,0.0,0.0,116.37200012207032,115.63600006103516
2023-05-30 00:00:00-04:00,122.37000274658205,122.91999816894533,119.86000061035156,121.66000366210938,64314800,0.0,0.0,117.70200042724609,116.68200073242187
2023-05-31 00:00:00-04:00,121.4499969482422,122.04000091552734,119.16999816894533,120.58000183105467,72800800,0.0,0.0,118.82000122070312,117.40000076293946
2023-06-01 00:00:00-04:00,120.69000244140624,123.48999786376952,119.93000030517578,122.7699966430664,54375100,0.0,0.0,120.02400054931641,118.12700042724609
2023-06-02 00:00:00-04:00,124.91999816894533,126.38999938964844,124.0199966430664,124.25,61264400,0.0,0.0,121.8740005493164,118.7370002746582
2023-06-05 00:00:00-04:00,123.36000061035156,125.8000030517578,123.02999877929688,125.3000030517578,47950100,0.0,0.0,122.91200103759766,119.64200057983399
2023-06-06 00:00:00-04:00,125.06999969482422,127.4000015258789,125.0,126.61000061035156,45695200,0.0,0.0,123.9020004272461,120.8020004272461
2023-06-07 00:00:00-04:00,127.01000213623048,127.37000274658205,120.62999725341795,121.2300033569336,95663300,0.0,0.0,124.03200073242188,121.4260009765625
2023-06-08 00:00:00-04:00,123.01000213623048,125.62999725341795,122.26000213623048,124.25,62159300,0.0,0.0,124.3280014038086,122.1760009765625
2023-06-09 00:00:00-04:00,124.08000183105467,125.8000030517578,123.19000244140624,123.43000030517578,51396000,0.0,0.0,124.16400146484375,123.01900100708008
2023-06-12 00:00:00-04:00,124.0199966430664,126.77999877929688,123.52999877929688,126.56999969482422,51338000,0.0,0.0,124.41800079345703,123.66500091552734
2023-06-13 00:00:00-04:00,128.1199951171875,128.41000366210938,125.18000030517578,126.66000366210938,50564800,0.0,0.0,124.4280014038086,124.16500091552734
2023-06-14 00:00:00-04:00,126.6999969482422,126.9499969482422,124.12000274658205,126.41999816894533,52422500,0.0,0.0,125.46600036621093,124.7490005493164
2023-06-15 00:00:00-04:00,125.20999908447266,127.69000244140624,124.31999969482422,127.11000061035156,60458500,0.0,0.0,126.03800048828126,125.18300094604493
2023-06-16 00:00:00-04:00,127.70999908447266,127.9000015258789,125.3000030517578,125.48999786376952,84247100,0.0,0.0,126.45,125.30700073242187
2023-06-20 00:00:00-04:00,124.97000122070312,127.25,124.5,125.77999877929688,56930100,0.0,0.0,126.29199981689453,125.35500030517578
2023-06-21 00:00:00-04:00,125.63999938964844,126.7300033569336,123.8499984741211,124.83000183105467,52137700,0.0,0.0,125.92599945068359,125.1770004272461
2023-06-22 00:00:00-04:00,125.30999755859376,130.3300018310547,125.13999938964844,130.14999389648438,90354600,0.0,0.0,126.6719985961914,126.06899948120117
2023-06-23 00:00:00-04:00,129.11000061035156,130.83999633789062,128.27999877929688,129.3300018310547,71927800,0.0,0.0,127.11599884033203,126.57699966430664
2023-06-26 00:00:00-04:00,129.3300018310547,131.49000549316406,127.0999984741211,127.33000183105467,59989300,0.0,0.0,127.48399963378907,126.96699981689453
2023-06-27 00:00:00-04:00,128.6300048828125,130.08999633789062,127.5500030517578,129.17999267578125,46801000,0.0,0.0,128.16399841308595,127.22799911499024
2023-06-28 00:00:00-04:00,128.94000244140625,131.47999572753906,128.44000244140625,129.0399932861328,52149500,0.0,0.0,129.00599670410156,127.46599807739258
2023-06-29 00:00:00-04:00,128.77000427246094,129.25999450683594,127.26000213623048,127.9000015258789,40761000,0.0,0.0,128.55599822998047,127.61399841308594
2023-06-30 00:00:00-04:00,129.47000122070312,131.25,128.9499969482422,130.36000061035156,54350700,0.0,0.0,128.76199798583986,127.93899841308594
2023-07-03 00:00:00-04:00,130.82000732421875,131.85000610351562,130.07000732421875,130.22000122070312,28264800,0.0,0.0,129.33999786376953,128.4119987487793
2023-07-05 00:00:00-04:00,130.24000549316406,131.39999389648438,129.63999938964844,130.3800048828125,35895400,0.0,0.0,129.5800003051758,128.87199935913085
2023-07-06 00:00:00-04:00,128.25,128.72999572753906,127.37000274658205,128.36000061035156,40639900,0.0,0.0,129.44400177001953,129.22499923706056
2023-07-07 00:00:00-04:00,128.58999633789062,130.97000122070312,128.1300048828125,129.77999877929688,41992300,0.0,0.0,129.82000122070312,129.1879997253418
2023-07-10 00:00:00-04:00,129.07000732421875,129.27999877929688,125.91999816894533,127.12999725341795,61889300,0.0,0.0,129.1740005493164,128.96799926757814
2023-07-11 00:00:00-04:00,127.75,129.77000427246094,127.3499984741211,128.77999877929688,49951500,0.0,0.0,128.88600006103516,129.11299896240234
2023-07-12 00:00:00-04:00,130.30999755859375,131.25999450683594,128.8300018310547,130.8000030517578,54022800,0.0,0.0,128.96999969482422,129.275
2023-07-13 00:00:00-04:00,134.0399932861328,134.6699981689453,132.7100067138672,134.3000030517578,61170900,0.0,0.0,130.15800018310546,129.8010009765625
2023-07-14 00:00:00-04:00,134.05999755859375,136.64999389648438,134.05999755859375,134.67999267578125,54487100,0.0,0.0,131.13799896240235,130.47900009155273
2023-07-17 00:00:00-04:00,134.55999755859375,135.6199951171875,133.2100067138672,133.55999755859375,48450200,0.0,0.0,132.4239990234375,130.79899978637695
2023-07-18 00:00:00-04:00,132.7100067138672,133.86000061035156,131.35000610351562,132.8300018310547,54882900,0.0,0.0,133.23399963378907,131.05999984741212
2023-07-19 00:00:00-04:00,133.38999938964844,135.99000549316406,132.52999877929688,135.36000061035156,54531000,0.0,0.0,134.1459991455078,131.55799942016603
2023-07-20 00:00:00-04:00,134.07000732421875,134.7899932861328,129.3300018310547,129.9600067138672,59820600,0.0,0.0,133.2779998779297,131.71800003051757
2023-07-21 00:00:00-04:00,131.33999633789062,131.3699951171875,128.4199981689453,130.0,133307300,0.0,0.0,132.34200134277344,131.7400001525879
2023-07-24 00:00:00-04:00,130.30999755859375,131.66000366210938,128.35000610351562,128.8000030517578,45591100,0.0,0.0,131.39000244140624,131.90700073242186
2023-07-25 00:00:00-04:00,129.30999755859375,129.5800018310547,128.52999877929688,129.1300048828125,39236700,0.0,0.0,130.6500030517578,131.94200134277344
2023-07-26 00:00:00-04:00,126.51000213623048,129.0800018310547,126.11000061035156,128.14999389648438,53910100,0.0,0.0,129.20800170898437,131.6770004272461
2023-07-27 00:00:00-04:00,131.0,132.6300048828125,127.79000091552734,128.25,52610700,0.0,0.0,128.86600036621093,131.0720001220703
2023-07-28 00:00:00-04:00,129.69000244140625,133.00999450683594,129.3300018310547,132.2100067138672,46317400,0.0,0.0,129.30800170898436,130.82500152587892
2023-07-31 00:00:00-04:00,133.1999969482422,133.8699951171875,132.3800048828125,133.67999267578125,41901500,0.0,0.0,130.28399963378905,130.83700103759764
2023-08-01 00:00:00-04:00,133.5500030517578,133.69000244140625,131.6199951171875,131.69000244140625,42098500,0.0,0.0,130.7959991455078,130.7230010986328
2023-08-02 00:00:00-04:00,130.14999389648438,130.22999572753906,126.81999969482422,128.2100067138672,51027600,0.0,0.0,130.80800170898436,130.00800170898438
2023-08-03 00:00:00-04:00,127.4800033569336,129.83999633789062,126.41000366210938,128.91000366210938,88585200,0.0,0.0,130.94000244140625,129.9030014038086
2023-08-04 00:00:00-04:00,141.05999755859375,143.6300048828125,139.32000732421875,139.57000732421875,153128500,0.0,0.0,132.41200256347656,130.86000213623046
2023-08-07 00:00:00-04:00,140.99000549316406,142.5399932861328,138.9499969482422,142.22000122070312,71213100,0.0,0.0,134.12000427246093,132.202001953125
2023-08-08 00:00:00-04:00,140.6199951171875,140.83999633789062,138.4199981689453,139.94000244140625,51710500,0.0,0.0,135.77000427246094,133.2830017089844
2023-08-09 00:00:00-04:00,139.97000122070312,140.32000732421875,137.10000610351562,137.85000610351562,50017300,0.0,0.0,137.69800415039063,134.2530029296875
2023-08-10 00:00:00-04:00,139.07000732421875,140.41000366210938,137.49000549316406,138.55999755859375,58928400,0.0,0.0,139.6280029296875,135.28400268554688
2023-08-11 00:00:00-04:00,137.39999389648438,139.3300018310547,137.0,138.41000366210938,42905800,0.0,0.0,139.39600219726563,135.90400238037108
2023-08-14 00:00:00-04:00,138.3000030517578,140.58999633789062,137.75,140.57000732421875,47148700,0.0,0.0,139.06600341796874,136.59300384521484
2023-08-15 00:00:00-04:00,140.0500030517578,141.27999877929688,137.22999572753906,137.6699981689453,42781500,0.0,0.0,138.61200256347655,137.19100341796874
2023-08-16 00:00:00-04:00,137.19000244140625,137.27000427246094,135.00999450683594,135.07000732421875,41675900,0.0,0.0,138.05600280761718,137.87700347900392
2023-08-17 00:00:00-04:00,135.4600067138672,136.08999633789062,133.52999877929688,133.97999572753906,48354100,0.0,0.0,137.14000244140624,138.38400268554688
2023-08-18 00:00:00-04:00,131.6199951171875,134.07000732421875,131.14999389648438,133.22000122070312,48497700,0.0,0.0,136.102001953125,137.7490020751953
2023-08-21 00:00:00-04:00,133.74000549316406,135.19000244140625,132.7100067138672,134.67999267578125,41442500,0.0,0.0,134.9239990234375,136.99500122070313
2023-08-22 00:00:00-04:00,135.0800018310547,135.64999389648438,133.72999572753906,134.25,32905400,0.0,0.0,134.23999938964843,136.4260009765625
2023-08-23 00:00:00-04:00,134.5,135.9499969482422,133.22000122070312,135.52000427246094,42801000,0.0,0.0,134.3299987792969,136.19300079345703
2023-08-24 00:00:00-04:00,136.39999389648438,136.77999877929688,131.8300018310547,131.83999633789062,43646300,0.0,0.0,133.9019989013672,135.52100067138673
2023-08-25 00:00:00-04:00,132.47000122070312,133.8699951171875,130.5800018310547,133.25999450683594,44147500,0.0,0.0,133.90999755859374,135.00599975585936
2023-08-28 00:00:00-04:00,133.77999877929688,133.9499969482422,131.85000610351562,133.13999938964844,34108400,0.0,0.0,133.60199890136718,134.26299896240235
2023-08-29 00:00:00-04:00,133.3800048828125,135.13999938964844,133.25,134.91000366210938,38646100,0.0,0.0,133.73399963378907,133.98699951171875
2023-08-30 00:00:00-04:00,134.92999267578125,135.67999267578125,133.9199981689453,135.07000732421875,36137000,0.0,0.0,133.6440002441406,133.98699951171875
2023-08-31 00:00:00-04:00,135.05999755859375,138.7899932861328,135.0,138.00999450683594,58781300,0.0,0.0,134.87799987792968,134.38999938964844
2023-09-01 00:00:00-04:00,139.4600067138672,139.9600067138672,136.8800048828125,138.1199951171875,40991500,0.0,0.0,135.85,134.87999877929687
2023-09-05 00:00:00-04:00,137.72999572753906,137.8000030517578,135.82000732421875,137.27000427246094,40636700,0.0,0.0,136.6760009765625,135.13899993896484
2023-09-06 00:00:00-04:00,136.32000732421875,137.4499969482422,134.61000061035156,135.36000061035156,41785500,0.0,0.0,136.76600036621093,135.25
2023-09-07 00:00:00-04:00,133.89999389648438,138.02999877929688,133.16000366210938,137.85000610351562,48498900,0.0,0.0,137.3220001220703,135.48300018310547
2023-09-08 00:00:00-04:00,136.86000061035156,138.85000610351562,136.75,138.22999572753906,38348200,0.0,0.0,137.36600036621093,136.12200012207032
2023-09-11 00:00:00-04:00,138.75,143.6199951171875,138.63999938964844,143.10000610351562,56764500,0.0,0.0,138.36200256347655,137.1060012817383
2023-09-12 00:00:00-04:00,142.32000732421875,143.0,140.61000061035156,141.22999572753906,42668500,0.0,0.0,139.15400085449218,137.91500091552734
2023-09-13 00:00:00-04:00,140.9499969482422,144.97999572753906,140.8699951171875,144.85000610351562,60465200,0.0,0.0,141.052001953125,138.90900115966798
2023-09-14 00:00:00-04:00,145.0800018310547,145.86000061035156,142.9499969482422,144.72000122070312,64033600,0.0,0.0,142.4260009765625,139.8740005493164
2023-09-15 00:00:00-04:00,142.69000244140625,143.57000732421875,140.08999633789062,140.38999938964844,102909300,0.0,0.0,142.85800170898438,140.11200103759765
2023-09-18 00:00:00-04:00,140.47999572753906,141.75,139.22000122070312,139.97999572753906,42823500,0.0,0.0,142.23399963378907,140.29800109863282
2023-09-19 00:00:00-04:00,138.6999969482422,138.83999633789062,135.55999755859375,137.6300048828125,61482500,0.0,0.0,141.51400146484374,140.33400115966796
2023-09-20 00:00:00-04:00,138.5500030517578,139.3699951171875,135.1999969482422,135.2899932861328,46263700,0.0,0.0,139.60199890136718,140.3270004272461
2023-09-21 00:00:00-04:00,131.94000244140625,132.24000549316406,129.30999755859375,129.3300018310547,70343300,0.0,0.0,136.5239990234375,139.475
2023-09-22 00:00:00-04:00,131.11000061035156,132.02999877929688,128.52000427246094,129.1199951171875,59904300,0.0,0.0,134.2699981689453,138.56399993896486
2023-09-25 00:00:00-04:00,129.36000061035156,131.77999877929688,128.77000427246094,131.27000427246094,46017800,0.0,0.0,132.5279998779297,137.38099975585936
2023-09-26 00:00:00-04:00,130.1199951171875,130.38999938964844,125.27999877929688,125.9800033569336,73048200,0.0,0.0,130.1979995727539,135.85600051879882
2023-09-27 00:00:00-04:00,125.76000213623048,127.4800033569336,124.12999725341795,125.9800033569336,66553400,0.0,0.0,128.33600158691405,133.96900024414063
2023-09-28 00:00:00-04:00,124.04000091552734,126.58000183105467,123.04000091552734,125.9800033569336,54555000,0.0,0.0,127.66600189208984,132.09500045776366
2023-09-29 00:00:00-04:00,128.1999969482422,129.14999389648438,126.31999969482422,127.12000274658205,62411700,0.0,0.0,127.26600341796875,130.76800079345702
2023-10-02 00:00:00-04:00,127.27999877929688,130.47000122070312,126.54000091552734,129.4600067138672,48029700,0.0,0.0,126.90400390625,129.71600189208985
2023-10-03 00:00:00-04:00,128.05999755859375,128.52000427246094,124.25,124.72000122070312,51565000,0.0,0.0,126.65200347900391,128.4250015258789
2023-10-04 00:00:00-04:00,126.05999755859376,127.36000061035156,125.68000030517578,127.0,44203900,0.0,0.0,126.85600280761719,127.59600219726562
2023-10-05 00:00:00-04:00,126.70999908447266,126.7300033569336,124.33000183105467,125.95999908447266,39660600,0.0,0.0,126.852001953125,127.25900192260742
2023-10-06 00:00:00-04:00,124.16000366210938,128.4499969482422,124.12999725341795,127.95999908447266,46836700,0.0,0.0,127.02000122070312,127.14300231933593
2023-10-09 00:00:00-04:00,126.22000122070312,128.7899932861328,124.76000213623048,128.25999450683594,38773700,0.0,0.0,126.77999877929688,126.84200134277344
2023-10-10 00:00:00-04:00,128.82000732421875,130.74000549316406,128.0500030517578,129.47999572753906,42178600,0.0,0.0,127.73199768066407,127.19200057983399
2023-10-11 00:00:00-04:00,129.74000549316406,132.0500030517578,129.61000061035156,131.8300018310547,40741800,0.0,0.0,128.697998046875,127.7770004272461
2023-10-12 00:00:00-04:00,132.1699981689453,134.47999572753906,131.22999572753906,132.3300018310547,55528600,0.0,0.0,129.9719985961914,128.4120002746582
2023-10-13 00:00:00-04:00,132.97999572753906,133.30999755859375,128.9499969482422,129.7899932861328,45786600,0.0,0.0,130.33799743652344,128.6789993286133
2023-10-16 00:00:00-04:00,130.69000244140625,133.07000732421875,130.42999267578125,132.5500030517578,42832900,0.0,0.0,131.1959991455078,128.98799896240234
2023-10-17 00:00:00-04:00,130.38999938964844,132.5800018310547,128.7100067138672,131.47000122070312,49344600,0.0,0.0,131.59400024414063,129.66299896240236
2023-10-18 00:00:00-04:00,129.89999389648438,130.6699981689453,127.51000213623048,128.1300048828125,42699500,0.0,0.0,130.8540008544922,129.7759994506836
2023-10-19 00:00:00-04:00,130.57000732421875,132.24000549316406,127.47000122070312,128.39999389648438,60961400,0.0,0.0,130.06799926757813,130.01999893188477
2023-10-20 00:00:00-04:00,128.0500030517578,128.1699981689453,124.97000122070312,125.16999816894533,56406400,0.0,0.0,129.1440002441406,129.74099884033203
2023-10-23 00:00:00-04:00,124.62999725341795,127.87999725341795,123.9800033569336,126.55999755859376,48260000,0.0,0.0,127.94599914550781,129.5709991455078
2023-10-24 00:00:00-04:00,127.73999786376952,128.8000030517578,126.33999633789062,128.55999755859375,46477400,0.0,0.0,127.36399841308594,129.47899932861327
2023-10-25 00:00:00-04:00,126.04000091552734,126.33999633789062,120.79000091552734,121.38999938964844,74577500,0.0,0.0,126.01599731445313,128.43499908447265
2023-10-26 00:00:00-04:00,120.62999725341795,121.63999938964844,118.3499984741211,119.56999969482422,100419500,0.0,0.0,124.2499984741211,127.15899887084962
2023-10-27 00:00:00-04:00,126.1999969482422,130.02000427246094,125.5199966430664,127.73999786376952,125309300,0.0,0.0,124.76399841308594,126.95399932861328
2023-10-30 00:00:00-04:00,129.72000122070312,133.0,128.55999755859375,132.7100067138672,72485500,0.0,0.0,125.99400024414062,126.96999969482422
2023-10-31 00:00:00-04:00,132.75,133.57000732421875,131.7100067138672,133.08999633789062,51589400,0.0,0.0,126.9,127.13199920654297
2023-11-01 00:00:00-04:00,133.9600067138672,137.35000610351562,133.7100067138672,137.0,61529400,0.0,0.0,130.02200012207032,128.0189987182617
2023-11-02 00:00:00-04:00,138.72999572753906,138.80999755859375,136.47000122070312,138.07000732421875,52236700,0.0,0.0,133.7220016479492,128.98600006103516
2023-11-03 00:00:00-04:00,138.99000549316406,139.49000549316406,137.4499969482422,138.60000610351562,44059800,0.0,0.0,135.89400329589844,130.3290008544922
2023-11-06 00:00:00-05:00,138.75999450683594,140.72999572753906,138.36000061035156,139.74000549316406,44970400,0.0,0.0,137.3000030517578,131.64700164794922
2023-11-07 00:00:00-05:00,140.5500030517578,143.3699951171875,140.5,142.7100067138672,53553500,0.0,0.0,139.22400512695313,133.06200256347657
2023-11-08 00:00:00-05:00,142.97000122070312,143.1199951171875,141.22000122070312,142.0800018310547,44521700,0.0,0.0,140.24000549316406,135.1310028076172
2023-11-09 00:00:00-05:00,142.02000427246094,142.64999389648438,139.83999633789062,140.60000610351562,36235400,0.0,0.0,140.74600524902343,137.23400344848633
2023-11-10 00:00:00-05:00,140.4600067138672,143.64999389648438,139.91000366210938,143.55999755859375,49287800,0.0,0.0,141.73800354003907,138.81600341796874
2023-11-13 00:00:00-05:00,142.0800018310547,143.22999572753906,140.6699981689453,142.58999633789062,35680600,0.0,0.0,142.30800170898436,139.8040023803711
2023-11-14 00:00:00-05:00,145.0,147.25999450683594,144.67999267578125,145.8000030517578,56674600,0.0,0.0,142.9260009765625,141.07500305175782
2023-11-15 00:00:00-05:00,147.05999755859375,147.2899932861328,142.58999633789062,143.1999969482422,63875700,0.0,0.0,143.15,141.69500274658202
2023-11-16 00:00:00-05:00,140.91000366210938,143.32000732421875,139.52000427246094,142.8300018310547,49653500,0.0,0.0,143.59599914550782,142.17100219726564
2023-11-17 00:00:00-05:00,142.66000366210938,145.22999572753906,142.5399932861328,145.17999267578125,49636700,0.0,0.0,143.9199981689453,142.8290008544922
2023-11-20 00:00:00-05:00,145.1300048828125,146.6300048828125,144.72999572753906,146.1300048828125,41951200,0.0,0.0,144.62799987792968,143.46800079345704
2023-11-21 00:00:00-05:00,143.91000366210938,144.0500030517578,141.5,143.89999389648438,71226000,0.0,0.0,144.247998046875,143.58699951171874
2023-11-22 00:00:00-05:00,144.57000732421875,147.74000549316406,144.57000732421875,146.7100067138672,45669100,0.0,0.0,144.95,144.05
2023-11-24 00:00:00-05:00,146.6999969482422,147.1999969482422,145.32000732421875,146.74000549316406,22378400,0.0,0.0,145.73200073242188,144.66399993896485
2023-11-27 00:00:00-05:00,147.52999877929688,149.25999450683594,146.8800048828125,147.72999572753906,53762400,0.0,0.0,146.24200134277345,145.08099975585938
2023-11-28 00:00:00-05:00,146.97999572753906,147.60000610351562,145.52999877929688,147.02999877929688,42711700,0.0,0.0,146.4220001220703,145.525
2023-11-29 00:00:00-05:00,147.85000610351562,148.5399932861328,145.97000122070312,146.32000732421875,40610900,0.0,0.0,146.9060028076172,145.5770004272461
2023-11-30 00:00:00-05:00,144.75999450683594,146.92999267578125,144.3300018310547,146.08999633789062,65814000,0.0,0.0,146.78200073242186,145.86600036621093
2023-12-01 00:00:00-05:00,146.0,147.25,145.5500030517578,147.02999877929688,39951800,0.0,0.0,146.83999938964843,146.28600006103517
2023-12-04 00:00:00-05:00,145.25,145.35000610351562,142.80999755859375,144.83999633789062,48294200,0.0,0.0,146.26199951171876,146.2520004272461
2023-12-05 00:00:00-05:00,143.5500030517578,148.57000732421875,143.1300048828125,146.8800048828125,46822400,0.0,0.0,146.23200073242188,146.3270004272461
2023-12-06 00:00:00-05:00,147.5800018310547,147.85000610351562,144.27999877929688,144.52000427246094,39679000,0.0,0.0,145.87200012207032,146.38900146484374
2023-12-07 00:00:00-05:00,146.14999389648438,147.9199981689453,145.33999633789062,146.8800048828125,52352800,0.0,0.0,146.03000183105468,146.40600128173827
2023-12-08 00:00:00-05:00,145.47999572753906,147.83999633789062,145.39999389648438,147.4199981689453,41906000,0.0,0.0,146.10800170898438,146.4740005493164
2023-12-11 00:00:00-05:00,145.66000366210938,146.19000244140625,143.63999938964844,145.88999938964844,50907300,0.0,0.0,146.31800231933593,146.29000091552734
2023-12-12 00:00:00-05:00,145.52000427246094,147.5,145.3000030517578,147.47999572753906,44944300,0.0,0.0,146.43800048828126,146.33500061035156
2023-12-13 00:00:00-05:00,148.1199951171875,149.4600067138672,146.82000732421875,148.83999633789062,52766200,0.0,0.0,147.3019989013672,146.58699951171874
2023-12-14 00:00:00-05:00,149.92999267578125,150.5399932861328,145.52000427246094,147.4199981689453,58400800,0.0,0.0,147.40999755859374,146.71999969482422
2023-12-15 00:00:00-05:00,148.3800048828125,150.57000732421875,147.8800048828125,149.97000122070312,110089300,0.0,0.0,147.9199981689453,147.01399993896484
2023-12-18 00:00:00-05:00,150.55999755859375,154.85000610351562,150.0500030517578,154.07000732421875,62512800,0.0,0.0,149.55599975585938,147.93700103759767
2023-12-19 00:00:00-05:00,154.39999389648438,155.1199951171875,152.69000244140625,153.7899932861328,43171300,0.0,0.0,150.81799926757813,148.62799987792968
2023-12-20 00:00:00-05:00,152.89999389648438,155.6300048828125,151.55999755859375,152.1199951171875,50322100,0.0,0.0,151.4739990234375,149.38799896240235
2023-12-21 00:00:00-05:00,153.3000030517578,153.97000122070312,152.10000610351562,153.83999633789062,36305700,0.0,0.0,152.75799865722655,150.08399810791016
2023-12-22 00:00:00-05:00,153.77000427246094,154.35000610351562,152.7100067138672,153.4199981689453,29514100,0.0,0.0,153.447998046875,150.68399810791016
2023-12-26 00:00:00-05:00,153.55999755859375,153.97999572753906,153.02999877929688,153.41000366210938,25067200,0.0,0.0,153.3159973144531,151.43599853515624
2023-12-27 00:00:00-05:00,153.55999755859375,154.77999877929688,153.1199951171875,153.33999633789062,31434700,0.0,0.0,153.2259979248047,152.0219985961914
2023-12-28 00:00:00-05:00,153.72000122070312,154.0800018310547,152.9499969482422,153.3800048828125,27057000,0.0,0.0,153.47799987792968,152.4759994506836
2023-12-29 00:00:00-05:00,153.10000610351562,153.88999938964844,151.02999877929688,151.94000244140625,39823200,0.0,0.0,153.0980010986328,152.9279998779297
2024-01-02 00:00:00-05:00,151.5399932861328,152.3800048828125,148.38999938964844,149.92999267578125,47339400,0.0,0.0,152.4,152.9239990234375
2024-01-03 00:00:00-05:00,149.1999969482422,151.0500030517578,148.3300018310547,148.47000122070312,49425500,0.0,0.0,151.41199951171876,152.36399841308594
2024-01-04 00:00:00-05:00,145.58999633789062,147.3800048828125,144.0500030517578,144.57000732421875,56039800,0.0,0.0,149.6580017089844,151.44199981689454
2024-01-05 00:00:00-05:00,144.69000244140625,146.58999633789062,144.52999877929688,145.24000549316406,45153100,0.0,0.0,148.03000183105468,150.75400085449218
2024-01-08 00:00:00-05:00,146.74000549316406,149.39999389648438,146.14999389648438,149.10000610351562,46757100,0.0,0.0,147.46200256347657,150.28000183105468
2024-01-09 00:00:00-05:00,148.3300018310547,151.7100067138672,148.2100067138672,151.3699951171875,43812600,0.0,0.0,147.7500030517578,150.07500152587892
2024-01-10 00:00:00-05:00,152.05999755859375,154.4199981689453,151.8800048828125,153.72999572753906,44421800,0.0,0.0,148.802001953125,150.10700073242188
2024-01-11 00:00:00-05:00,155.0399932861328,157.1699981689453,153.1199951171875,155.17999267578125,49072700,0.0,0.0,150.9239990234375,150.29100036621094
2024-01-12 00:00:00-05:00,155.38999938964844,156.1999969482422,154.00999450683594,154.6199951171875,40484200,0.0,0.0,152.79999694824218,150.41499938964844
2024-01-16 00:00:00-05:00,153.52999877929688,154.99000549316406,152.14999389648438,153.16000366210938,41384600,0.0,0.0,153.61199645996095,150.53699951171876
2024-01-17 00:00:00-05:00,151.49000549316406,152.14999389648438,149.91000366210938,151.7100067138672,34953400,0.0,0.0,153.67999877929688,150.71500091552736
2024-01-18 00:00:00-05:00,152.77000427246094,153.77999877929688,151.82000732421875,153.5,37850200,0.0,0.0,153.63399963378907,151.21800079345704
2024-01-19 00:00:00-05:00,153.8300018310547,155.75999450683594,152.74000549316406,155.33999633789062,51651600,0.0,0.0,153.66600036621094,152.2949996948242
2024-01-22 00:00:00-05:00,156.88999938964844,157.0500030517578,153.89999389648438,154.77999877929688,43687500,0.0,0.0,153.6980010986328,153.2489990234375
2024-01-23 00:00:00-05:00,154.85000610351562,156.2100067138672,153.92999267578125,156.02000427246094,37986000,0.0,0.0,154.27000122070314,153.94099884033204
2024-01-24 00:00:00-05:00,157.8000030517578,158.50999450683594,156.47999572753906,156.8699951171875,48547300,0.0,0.0,155.3019989013672,154.49099884033203
2024-01-25 00:00:00-05:00,156.9499969482422,158.50999450683594,154.5500030517578,157.75,43638600,0.0,0.0,156.1519989013672,154.89299926757812
2024-01-26 00:00:00-05:00,158.4199981689453,160.72000122070312,157.91000366210938,159.1199951171875,51047400,0.0,0.0,156.90799865722656,155.28699951171876
2024-01-29 00:00:00-05:00,159.33999633789062,161.2899932861328,158.89999389648438,161.25999450683594,45270400,0.0,0.0,158.20399780273436,155.95099945068358
2024-01-30 00:00:00-05:00,160.6999969482422,161.72999572753906,158.49000549316406,159.0,45207400,0.0,0.0,158.79999694824218,156.53499908447264
2024-01-31 00:00:00-05:00,157.0,159.00999450683594,154.80999755859375,155.1999969482422,50284400,0.0,0.0,158.46599731445312,156.88399810791014
2024-02-01 00:00:00-05:00,155.8699951171875,159.75999450683594,155.6199951171875,159.27999877929688,76542400,0.0,0.0,158.7719970703125,157.46199798583984
2024-02-02 00:00:00-05:00,169.19000244140625,172.5,167.3300018310547,171.80999755859375,117218300,0.0,0.0,161.30999755859375,159.10899810791017
2024-02-05 00:00:00-05:00,170.1999969482422,170.5500030517578,167.6999969482422,170.30999755859375,55081300,0.0,0.0,163.1199981689453,160.66199798583983
2024-02-06 00:00:00-05:00,169.38999938964844,170.7100067138672,167.64999389648438,169.14999389648438,42505500,0.0,0.0,165.14999694824218,161.9749969482422
2024-02-07 00:00:00-05:00,169.47999572753906,170.8800048828125,168.94000244140625,170.52999877929688,47174100,0.0,0.0,168.21599731445312,163.34099731445312
2024-02-08 00:00:00-05:00,169.64999389648438,171.42999267578125,168.8800048828125,169.83999633789062,42316500,0.0,0.0,170.32799682617187,164.54999694824218
2024-02-09 00:00:00-05:00,170.89999389648438,175.0,170.5800018310547,174.4499969482422,56986000,0.0,0.0,170.85599670410156,166.08299713134767
2024-02-12 00:00:00-05:00,174.8000030517578,175.38999938964844,171.5399932861328,172.33999633789062,51050400,0.0,0.0,171.26199645996093,167.1909973144531
2024-02-13 00:00:00-05:00,167.72999572753906,170.9499969482422,165.75,168.63999938964844,56345100,0.0,0.0,171.15999755859374,168.15499725341797
2024-02-14 00:00:00-05:00,169.2100067138672,171.2100067138672,168.27999877929688,170.97999572753906,42815500,0.0,0.0,171.2499969482422,169.73299713134764
2024-02-15 00:00:00-05:00,170.5800018310547,171.1699981689453,167.58999633789062,169.8000030517578,49855200,0.0,0.0,171.24199829101562,170.78499755859374
2024-02-16 00:00:00-05:00,168.74000549316406,170.4199981689453,167.1699981689453,169.50999450683594,48107700,0.0,0.0,170.25399780273438,170.55499725341798
2024-02-20 00:00:00-05:00,167.8300018310547,168.7100067138672,165.74000549316406,167.0800018310547,41980300,0.0,0.0,169.20199890136718,170.23199768066405
2024-02-21 00:00:00-05:00,168.94000244140625,170.22999572753906,167.13999938964844,168.58999633789062,44420100,0.0,0.0,169.19199829101564,170.17599792480468
2024-02-22 00:00:00-05:00,173.10000610351562,174.8000030517578,171.77000427246094,174.5800018310547,55392400,0.0,0.0,169.91199951171876,170.58099822998048
2024-02-23 00:00:00-05:00,174.27999877929688,175.75,173.6999969482422,174.99000549316406,59715200,0.0,0.0,170.95,171.09599914550782
2024-02-26 00:00:00-05:00,175.6999969482422,176.3699951171875,174.25999450683594,174.72999572753906,44368600,0.0,0.0,171.99400024414064,171.1239990234375
2024-02-27 00:00:00-05:00,174.0800018310547,174.6199951171875,172.86000061035156,173.5399932861328,31141700,0.0,0.0,173.28599853515624,171.2439987182617
2024-02-28 00:00:00-05:00,172.44000244140625,174.0500030517578,172.27000427246094,173.16000366210938,28180500,0.0,0.0,174.2,171.6959991455078
2024-02-29 00:00:00-05:00,173.00999450683594,177.22000122070312,172.85000610351562,176.75999450683594,53805400,0.0,0.0,174.63599853515626,172.2739990234375
2024-03-01 00:00:00-05:00,176.75,178.72999572753906,176.07000732421875,178.22000122070312,31981200,0.0,0.0,175.28199768066406,173.11599884033203
2024-03-04 00:00:00-05:00,177.52999877929688,180.13999938964844,177.49000549316406,177.5800018310547,37381500,0.0,0.0,175.85199890136718,173.9229995727539
2024-03-05 00:00:00-05:00,176.92999267578125,176.92999267578125,173.3000030517578,174.1199951171875,37228300,0.0,0.0,175.96799926757814,174.6269989013672
2024-03-06 00:00:00-05:00,175.5399932861328,176.4600067138672,173.25999450683594,173.50999450683594,32090900,0.0,0.0,176.03799743652343,175.1189987182617
2024-03-07 00:00:00-05:00,174.8300018310547,177.99000549316406,173.72000122070312,176.82000732421875,34063300,0.0,0.0,176.05,175.34299926757814
2024-03-08 00:00:00-05:00,176.44000244140625,178.7899932861328,174.3300018310547,175.35000610351562,37893200,0.0,0.0,175.4760009765625,175.37899932861328
2024-03-11 00:00:00-04:00,174.30999755859375,174.47000122070312,171.47000122070312,171.9600067138672,28484800,0.0,0.0,174.352001953125,175.10200042724608
2024-03-12 00:00:00-04:00,173.5,176.75999450683594,171.97999572753906,175.38999938964844,36610600,0.0,0.0,174.6060028076172,175.28700103759766
2024-03-13 00:00:00-04:00,175.89999389648438,177.6199951171875,175.5500030517578,176.55999755859375,30772600,0.0,0.0,175.21600341796875,175.6270004272461
2024-03-14 00:00:00-04:00,177.69000244140625,179.52999877929688,176.47000122070312,178.75,43705800,0.0,0.0,175.602001953125,175.8260009765625
2024-03-15 00:00:00-04:00,176.63999938964844,177.92999267578125,173.89999389648438,174.4199981689453,72147400,0.0,0.0,175.41600036621094,175.4460006713867
2024-03-18 00:00:00-04:00,175.8000030517578,176.69000244140625,174.27999877929688,174.47999572753906,31250700,0.0,0.0,175.9199981689453,175.13600006103516
2024-03-19 00:00:00-04:00,174.22000122070312,176.08999633789062,173.52000427246094,175.89999389648438,26880900,0.0,0.0,176.0219970703125,175.31399993896486
2024-03-20 00:00:00-04:00,176.13999938964844,178.52999877929688,174.63999938964844,178.14999389648438,29947200,0.0,0.0,176.33999633789062,175.7779998779297
2024-03-21 00:00:00-04:00,179.99000549316406,181.4199981689453,178.14999389648438,178.14999389648438,32824300,0.0,0.0,176.2199951171875,175.91099853515624
2024-03-22 00:00:00-04:00,177.75,179.25999450683594,176.75,178.8699951171875,27995400,0.0,0.0,177.10999450683593,176.26299743652345
2024-03-25 00:00:00-04:00,178.00999450683594,180.9900054931641,177.24000549316406,179.7100067138672,29815500,0.0,0.0,178.15599670410157,177.03799743652343
2024-03-26 00:00:00-04:00,180.1499938964844,180.4499969482422,177.9499969482422,178.3000030517578,29659000,0.0,0.0,178.63599853515626,177.32899780273436
2024-03-27 00:00:00-04:00,179.8800048828125,180.0,177.30999755859375,179.8300018310547,33272600,0.0,0.0,178.9720001220703,177.65599822998047
2024-03-28 00:00:00-04:00,180.1699981689453,181.6999969482422,179.25999450683594,180.3800048828125,38051600,0.0,0.0,179.41800231933593,177.81899871826172
2024-04-01 00:00:00-04:00,180.7899932861328,183.0,179.9499969482422,180.97000122070312,29174500,0.0,0.0,179.83800354003907,178.4739990234375
2024-04-02 00:00:00-04:00,179.07000732421875,180.7899932861328,178.3800048828125,180.69000244140625,32611500,0.0,0.0,180.03400268554688,179.09499969482422
2024-04-03 00:00:00-04:00,179.89999389648438,182.8699951171875,179.8000030517578,182.41000366210935,31046600,0.0,0.0,180.8560028076172,179.74600067138672
2024-04-04 00:00:00-04:00,184.0,185.1000061035156,180.0,180.0,41624300,0.0,0.0,180.89000244140624,179.93100128173828
2024-04-05 00:00:00-04:00,182.3800048828125,186.2700042724609,181.97000122070312,185.07000732421875,42374000,0.0,0.0,181.8280029296875,180.6230026245117
2024-04-08 00:00:00-04:00,186.8999938964844,187.2899932861328,184.80999755859372,185.19000244140625,39221300,0.0,0.0,182.67200317382813,181.2550033569336
2024-04-09 00:00:00-04:00,187.2400054931641,187.33999633789065,184.1999969482422,185.6699981689453,36520100,0.0,0.0,183.66800231933593,181.85100250244142
2024-04-10 00:00:00-04:00,182.7700042724609,186.2700042724609,182.6699981689453,185.9499969482422,35879200,0.0,0.0,184.3760009765625,182.61600189208986
2024-04-11 00:00:00-04:00,186.7400054931641,189.7700042724609,185.50999450683597,189.0500030517578,40020700,0.0,0.0,186.18600158691407,183.53800201416016
2024-04-12 00:00:00-04:00,187.72000122070312,188.3800048828125,185.0800018310547,186.1300048828125,38608800,0.0,0.0,186.39800109863282,184.11300201416014
2024-04-15 00:00:00-04:00,187.42999267578125,188.69000244140625,183.0,183.6199951171875,48052400,0.0,0.0,186.08399963378906,184.37800140380858
2024-04-16 00:00:00-04:00,183.2700042724609,184.8300018310547,182.25999450683597,183.32000732421875,32891300,0.0,0.0,185.61400146484374,184.64100189208983
2024-04-17 00:00:00-04:00,184.30999755859372,184.57000732421875,179.82000732421875,181.27999877929688,31359700,0.0,0.0,184.68000183105468,184.5280014038086
2024-04-18 00:00:00-04:00,181.47000122070312,182.38999938964844,178.64999389648438,179.22000122070312,30723800,0.0,0.0,182.71400146484376,184.45000152587892
2024-04-19 00:00:00-04:00,178.74000549316406,179.0,173.44000244140625,174.6300048828125,56000700,0.0,0.0,180.41400146484375,183.40600128173827
2024-04-22 00:00:00-04:00,176.94000244140625,178.8699951171875,174.55999755859375,177.22999572753906,37924900,0.0,0.0,179.13600158691406,182.61000061035156
2024-04-23 00:00:00-04:00,178.0800018310547,179.92999267578125,175.97999572753906,179.5399932861328,37046500,0.0,0.0,178.37999877929687,181.99700012207032
2024-04-24 00:00:00-04:00,179.94000244140625,180.32000732421875,176.17999267578125,176.58999633789062,34185100,0.0,0.0,177.44199829101564,181.06100006103514
2024-04-25 00:00:00-04:00,169.67999267578125,173.9199981689453,166.32000732421875,173.6699981689453,49249400,0.0,0.0,176.33199768066407,179.52299957275392
2024-04-26 00:00:00-04:00,177.8000030517578,180.82000732421875,176.1300048828125,179.6199951171875,43919800,0.0,0.0,177.32999572753906,178.87199859619142
2024-04-29 00:00:00-04:00,182.75,183.52999877929688,179.38999938964844,180.9600067138672,54063900,0.0,0.0,178.07599792480468,178.6059997558594
2024-04-30 00:00:00-04:00,181.08999633789065,182.9900054931641,174.8000030517578,175.0,94639800,0.0,0.0,177.16799926757812,177.7739990234375
2024-05-01 00:00:00-04:00,181.63999938964844,185.1499938964844,176.55999755859375,179.0,94645100,0.0,0.0,177.65,177.5459991455078
2024-05-02 00:00:00-04:00,180.8500061035156,185.1000061035156,179.91000366210938,184.72000122070312,54303500,0.0,0.0,179.86000061035156,178.09599914550782
2024-05-03 00:00:00-04:00,186.9900054931641,187.8699951171875,185.4199981689453,186.2100067138672,39172000,0.0,0.0,181.1780029296875,179.25399932861328
2024-05-06 00:00:00-04:00,186.27999877929688,188.75,184.8000030517578,188.6999969482422,34725300,0.0,0.0,182.7260009765625,180.4009994506836
2024-05-07 00:00:00-04:00,188.9199981689453,189.94000244140625,187.30999755859372,188.75999450683597,34048900,0.0,0.0,185.47799987792968,181.3229995727539
2024-05-08 00:00:00-04:00,187.44000244140625,188.42999267578125,186.38999938964844,188.0,26136400,0.0,0.0,187.2779998779297,182.46399993896483
2024-05-09 00:00:00-04:00,188.8800048828125,191.6999969482422,187.44000244140625,189.5,43368400,0.0,0.0,188.23399963378907,184.0470001220703
2024-05-10 00:00:00-04:00,189.16000366210935,189.88999938964844,186.92999267578125,187.47999572753903,34141800,0.0,0.0,188.48799743652344,184.83300018310547
2024-05-13 00:00:00-04:00,188.0,188.30999755859372,185.3600006103516,186.57000732421875,24898600,0.0,0.0,188.06199951171874,185.3940002441406
2024-05-14 00:00:00-04:00,183.82000732421875,187.72000122070312,183.4499969482422,187.07000732421875,38698200,0.0,0.0,187.7240020751953,186.6010009765625
2024-05-15 00:00:00-04:00,185.97000122070312,186.72000122070312,182.72999572753903,185.9900054931641,75459900,0.0,0.0,187.32200317382814,187.3000015258789
2024-05-16 00:00:00-04:00,185.6000061035156,187.30999755859372,183.4600067138672,183.6300048828125,38834500,0.0,0.0,186.14800415039062,187.19100189208984
2024-05-17 00:00:00-04:00,183.75999450683597,185.3000030517578,183.3500061035156,184.6999969482422,33175700,0.0,0.0,185.59200439453124,187.04000091552734
2024-05-20 00:00:00-04:00,184.33999633789065,186.6699981689453,183.27999877929688,183.5399932861328,30511800,0.0,0.0,184.98600158691406,186.5240005493164
2024-05-21 00:00:00-04:00,182.3000030517578,183.25999450683597,180.75,183.1499938964844,50839100,0.0,0.0,184.20199890136718,185.96300048828124
2024-05-22 00:00:00-04:00,183.8800048828125,185.22000122070312,181.97000122070312,183.1300048828125,28148800,0.0,0.0,183.62999877929687,185.4760009765625
2024-05-23 00:00:00-04:00,183.66000366210935,184.75999450683597,180.0800018310547,181.0500030517578,33670200,0.0,0.0,183.11399841308594,184.6310012817383
2024-05-24 00:00:00-04:00,181.6499938964844,182.44000244140625,180.3000030517578,180.75,27471600,0.0,0.0,182.3239990234375,183.95800170898437
2024-05-28 00:00:00-04:00,179.92999267578125,182.2400054931641,179.49000549316406,182.1499938964844,29927000,0.0,0.0,182.0459991455078,183.51600036621093
2024-05-29 00:00:00-04:00,181.6999969482422,184.0800018310547,181.5500030517578,182.0200042724609,32009300,0.0,0.0,181.82000122070312,183.01100006103516
2024-05-30 00:00:00-04:00,181.30999755859372,181.33999633789065,178.36000061035156,179.32000732421875,29184700,0.0,0.0,181.05800170898436,182.34400024414063
2024-05-31 00:00:00-04:00,178.3000030517578,179.2100067138672,173.8699951171875,176.44000244140625,58903900,0.0,0.0,180.13600158691406,181.625
2024-06-03 00:00:00-04:00,177.6999969482422,178.6999969482422,175.9199981689453,178.33999633789062,30786600,0.0,0.0,179.65400085449218,180.98899993896484
2024-06-04 00:00:00-04:00,177.63999938964844,179.82000732421875,176.44000244140625,179.33999633789062,27198400,0.0,0.0,179.09200134277344,180.56900024414062
2024-06-05 00:00:00-04:00,180.10000610351562,181.5,178.75,181.27999877929688,32116400,0.0,0.0,178.94400024414062,180.3820007324219
2024-06-06 00:00:00-04:00,181.75,185.0,181.4900054931641,185.0,31371200,0.0,0.0,180.0799987792969,180.56900024414062
2024-06-07 00:00:00-04:00,184.8999938964844,186.2899932861328,183.3600006103516,184.3000030517578,28021500,0.0,0.0,181.6519989013672,180.8940002441406
2024-06-10 00:00:00-04:00,184.07000732421875,187.22999572753903,183.7899932861328,187.05999755859372,34445600,0.0,0.0,183.3959991455078,181.525
2024-06-11 00:00:00-04:00,187.05999755859372,187.7700042724609,184.5399932861328,187.22999572753903,27265100,0.0,0.0,184.9739990234375,182.03300018310546
2024-06-12 00:00:00-04:00,188.0200042724609,188.3500061035156,185.42999267578125,186.88999938964844,33984200,0.0,0.0,186.09599914550782,182.5199996948242
2024-06-13 00:00:00-04:00,186.08999633789065,187.6699981689453,182.6699981689453,183.8300018310547,39721500,0.0,0.0,185.86199951171875,182.97099914550782
2024-06-14 00:00:00-04:00,183.0800018310547,183.72000122070312,182.22999572753903,183.66000366210935,25456400,0.0,0.0,185.73399963378907,183.69299926757813
2024-06-17 00:00:00-04:00,182.5200042724609,185.0,181.22000122070312,184.05999755859372,35601900,0.0,0.0,185.13399963378905,184.2649993896484
2024-06-18 00:00:00-04:00,183.7400054931641,184.2899932861328,181.42999267578125,182.80999755859372,36659200,0.0,0.0,184.24999999999997,184.61199951171872
2024-06-20 00:00:00-04:00,182.91000366210935,186.50999450683597,182.72000122070312,186.1000061035156,44726800,0.0,0.0,184.09200134277341,185.0940002441406
2024-06-21 00:00:00-04:00,187.8000030517578,189.27999877929688,185.8600006103516,189.0800018310547,70792500,0.0,0.0,185.14200134277343,185.50200042724606
2024-06-24 00:00:00-04:00,189.3300018310547,191.0,185.3300018310547,185.57000732421875,50610400,0.0,0.0,185.5240020751953,185.62900085449218
2024-06-25 00:00:00-04:00,186.80999755859372,188.83999633789065,185.4199981689453,186.33999633789065,45366400,0.0,0.0,185.9800018310547,185.55700073242184
2024-06-26 00:00:00-04:00,186.9199981689453,194.8000030517578,186.25999450683597,193.6100006103516,65103900,0.0,0.0,188.14000244140624,186.1950012207031
2024-06-27 00:00:00-04:00,195.00999450683597,199.83999633789065,194.1999969482422,197.8500061035156,74397500,0.0,0.0,190.49000244140626,187.2910018920898
2024-06-28 00:00:00-04:00,197.72999572753903,198.8500061035156,192.5,193.25,76930200,0.0,0.0,191.32400207519532,188.23300170898435
2024-07-01 00:00:00-04:00,193.4900054931641,198.3000030517578,192.82000732421875,197.1999969482422,41192000,0.0,0.0,193.65,189.58700103759764
2024-07-02 00:00:00-04:00,197.27999877929688,200.42999267578125,195.92999267578125,200.0,45600000,0.0,0.0,196.3820007324219,191.18100128173828
2024-07-03 00:00:00-04:00,199.94000244140625,200.02999877929688,196.75999450683597,197.58999633789065,31597900,0.0,0.0,197.1779998779297,192.65900115966798
2024-07-05 00:00:00-04:00,198.6499938964844,200.5500030517578,198.1699981689453,200.0,39858900,0.0,0.0,197.60799865722657,194.04900054931642
2024-07-08 00:00:00-04:00,200.0399932861328,201.1999969482422,197.9600067138672,199.2899932861328,34767300,0.0,0.0,198.8159973144531,195.06999969482422
2024-07-09 00:00:00-04:00,199.3999938964844,200.57000732421875,199.0500030517578,199.33999633789065,32700100,0.0,0.0,199.2439971923828,196.4469985961914
2024-07-10 00:00:00-04:00,200.0,200.1100006103516,197.69000244140625,199.7899932861328,32883800,0.0,0.0,199.20199584960938,197.79199829101563
2024-07-11 00:00:00-04:00,200.08999633789065,200.2700042724609,192.8600006103516,195.0500030517578,44565000,0.0,0.0,198.69399719238282,197.93599853515624
2024-07-12 00:00:00-04:00,194.8000030517578,196.47000122070312,193.8300018310547,194.4900054931641,30598500,0.0,0.0,197.59199829101564,197.59999847412112
2024-07-15 00:00:00-04:00,194.55999755859372,196.19000244140625,190.8300018310547,192.72000122070312,40683200,0.0,0.0,196.27799987792972,197.54699859619143
2024-07-16 00:00:00-04:00,195.58999633789065,196.6199951171875,192.2400054931641,193.0200042724609,33994700,0.0,0.0,195.01400146484374,197.12899932861328
2024-07-17 00:00:00-04:00,191.3500061035156,191.5800018310547,185.9900054931641,187.92999267578125,48076100,0.0,0.0,192.64200134277343,195.9219985961914
2024-07-18 00:00:00-04:00,189.58999633789065,189.67999267578125,181.4499969482422,183.75,51043600,0.0,0.0,190.3820007324219,194.53799896240236
2024-07-19 00:00:00-04:00,181.13999938964844,184.92999267578125,180.11000061035156,183.1300048828125,43081800,0.0,0.0,188.11000061035156,192.8509994506836
2024-07-22 00:00:00-04:00,185.0,185.05999755859372,182.47999572753903,182.5500030517578,39931900,0.0,0.0,186.0760009765625,191.1770004272461
2024-07-23 00:00:00-04:00,184.1000061035156,189.38999938964844,183.55999755859372,186.41000366210935,47537700,0.0,0.0,184.75400085449218,189.88400115966797
2024-07-24 00:00:00-04:00,183.1999969482422,185.4499969482422,180.41000366210935,180.8300018310547,41532400,0.0,0.0,183.33400268554686,187.98800201416014
2024-07-25 00:00:00-04:00,182.91000366210935,183.8999938964844,176.8000030517578,179.85000610351562,44464200,0.0,0.0,182.55400390625,186.46800231933594
2024-07-26 00:00:00-04:00,180.38999938964844,183.19000244140625,180.2400054931641,182.5,29506000,0.0,0.0,182.4280029296875,185.2690017700195
2024-07-29 00:00:00-04:00,183.83999633789065,184.75,182.3800048828125,183.1999969482422,33270100,0.0,0.0,182.55800170898436,184.3170013427734
2024-07-30 00:00:00-04:00,184.72000122070312,185.8600006103516,179.3800048828125,181.7100067138672,39508600,0.0,0.0,181.61800231933594,183.18600158691407
2024-07-31 00:00:00-04:00,185.0500030517578,187.94000244140625,184.4600067138672,186.97999572753903,41667300,0.0,0.0,182.8480010986328,183.09100189208985
2024-08-01 00:00:00-04:00,189.2899932861328,190.6000061035156,181.8699951171875,184.07000732421875,70435600,0.0,0.0,183.69200134277344,183.1230026245117
2024-08-02 00:00:00-04:00,166.75,168.77000427246094,160.5500030517578,167.89999389648438,141448400,0.0,0.0,180.77200012207032,181.6000015258789
2024-08-05 00:00:00-04:00,154.2100067138672,162.9600067138672,151.61000061035156,161.02000427246094,83149400,0.0,0.0,176.33600158691405,179.4470016479492
2024-08-06 00:00:00-04:00,161.7100067138672,165.0800018310547,158.5399932861328,161.92999267578125,59950800,0.0,0.0,172.37999877929687,176.9990005493164
2024-08-07 00:00:00-04:00,166.5500030517578,167.5800018310547,161.42999267578125,162.77000427246094,48408200,0.0,0.0,167.53800048828126,175.19300079345703
2024-08-08 00:00:00-04:00,165.1699981689453,166.69000244140625,162.5500030517578,165.8000030517578,44616200,0.0,0.0,163.88399963378907,173.78800048828126
2024-08-09 00:00:00-04:00,166.39999389648438,168.5500030517578,165.85000610351562,166.94000244140625,36401000,0.0,0.0,163.69200134277344,172.23200073242188
2024-08-12 00:00:00-04:00,168.13999938964844,168.5500030517578,166.11000061035156,166.8000030517578,30072800,0.0,0.0,164.8480010986328,170.59200134277344
2024-08-13 00:00:00-04:00,167.80999755859375,171.0399932861328,167.10000610351562,170.22999572753906,39237900,0.0,0.0,166.50800170898438,169.44400024414062
2024-08-14 00:00:00-04:00,172.11000061035156,172.27999877929688,168.86000061035156,170.10000610351562,28843800,0.0,0.0,167.9740020751953,167.7560012817383
2024-08-15 00:00:00-04:00,174.86000061035156,177.91000366210938,173.99000549316406,177.58999633789062,51698500,0.0,0.0,170.33200073242188,167.10800018310547
2024-08-16 00:00:00-04:00,177.0399932861328,178.33999633789062,176.25999450683594,177.05999755859375,31489200,0.0,0.0,172.3559997558594,168.0240005493164
2024-08-19 00:00:00-04:00,177.63999938964844,178.3000030517578,176.16000366210938,178.22000122070312,31129800,0.0,0.0,174.63999938964844,169.74400024414064
2024-08-20 00:00:00-04:00,177.9199981689453,179.00999450683594,177.42999267578125,178.8800048828125,26255200,0.0,0.0,176.37000122070313,171.43900146484376
2024-08-21 00:00:00-04:00,179.9199981689453,182.38999938964844,178.88999938964844,180.11000061035156,35599100,0.0,0.0,178.37200012207032,173.17300109863282
2024-08-22 00:00:00-04:00,181.3800048828125,181.47000122070312,175.67999267578125,176.1300048828125,32047500,0.0,0.0,178.0800018310547,174.20600128173828
2024-08-23 00:00:00-04:00,177.33999633789062,178.97000122070312,175.24000549316406,177.0399932861328,29150100,0.0,0.0,178.0760009765625,175.21600036621095
2024-08-26 00:00:00-04:00,176.6999969482422,177.47000122070312,174.3000030517578,175.5,22366200,0.0,0.0,177.53200073242186,176.08600006103515
2024-08-27 00:00:00-04:00,174.14999389648438,174.88999938964844,172.25,173.1199951171875,29842000,0.0,0.0,176.37999877929687,176.375
2024-08-28 00:00:00-04:00,173.69000244140625,173.69000244140625,168.9199981689453,170.8000030517578,29045000,0.0,0.0,174.51799926757812,176.44499969482422
2024-08-29 00:00:00-04:00,173.22000122070312,174.2899932861328,170.80999755859375,172.1199951171875,26407800,0.0,0.0,173.71599731445312,175.89799957275392
2024-08-30 00:00:00-04:00,172.77999877929688,178.89999389648438,172.60000610351562,178.5,43429400,0.0,0.0,174.00799865722655,176.04199981689453
2024-09-03 00:00:00-04:00,177.5500030517578,178.25999450683594,175.25999450683594,176.25,37817500,0.0,0.0,174.15799865722656,175.84499969482422
2024-09-04 00:00:00-04:00,174.47999572753906,175.97999572753906,172.5399932861328,173.3300018310547,30309200,0.0,0.0,174.2,175.28999938964844
2024-09-05 00:00:00-04:00,175.0,179.8800048828125,175.0,177.88999938964844,40170500,0.0,0.0,175.6179992675781,175.06799926757813
2024-09-06 00:00:00-04:00,177.24000549316406,178.3800048828125,171.16000366210938,171.38999938964844,41466500,0.0,0.0,175.4720001220703,174.59399871826173
2024-09-09 00:00:00-04:00,174.52999877929688,175.85000610351562,173.50999450683594,175.39999389648438,29037400,0.0,0.0,174.85199890136718,174.42999877929688
2024-09-10 00:00:00-04:00,177.49000549316406,180.5,176.7899932861328,179.5500030517578,36233800,0.0,0.0,175.51199951171876,174.83499908447266
2024-09-11 00:00:00-04:00,180.10000610351562,184.9900054931641,175.72999572753906,184.5200042724609,42564700,0.0,0.0,177.75,175.975
2024-09-12 00:00:00-04:00,184.8000030517578,187.41000366210935,183.5399932861328,187.0,33544200,0.0,0.0,179.5720001220703,177.59499969482422
2024-09-13 00:00:00-04:00,187.0,188.5,185.91000366210935,186.4900054931641,26495400,0.0,0.0,182.59200134277344,179.03200073242186
2024-09-16 00:00:00-04:00,185.2899932861328,185.80999755859372,183.3600006103516,184.88999938964844,26065500,0.0,0.0,184.49000244140626,179.6710006713867
2024-09-17 00:00:00-04:00,186.8500061035156,189.4499969482422,186.13999938964844,186.8800048828125,26091700,0.0,0.0,185.95600280761718,180.73400115966797
2024-09-18 00:00:00-04:00,186.4499969482422,188.8000030517578,185.05999755859372,186.42999267578125,34448100,0.0,0.0,186.33800048828124,182.04400024414062
2024-09-19 00:00:00-04:00,190.0399932861328,190.9900054931641,188.47000122070312,189.8699951171875,39543200,0.0,0.0,186.91199951171876,183.24199981689452
2024-09-20 00:00:00-04:00,190.22999572753903,191.83999633789065,187.41000366210935,191.6000061035156,100378600,0.0,0.0,187.93399963378906,185.26300048828125
2024-09-23 00:00:00-04:00,191.63999938964844,194.4499969482422,190.57000732421875,193.8800048828125,36993100,0.0,0.0,189.73200073242188,187.11100158691406
2024-09-24 00:00:00-04:00,194.2700042724609,195.3699951171875,190.1300048828125,193.9600067138672,43478900,0.0,0.0,191.14800109863282,188.552001953125
2024-09-25 00:00:00-04:00,193.75,193.9499969482422,192.16000366210935,192.52999877929688,26391100,0.0,0.0,192.36800231933594,189.3530014038086
2024-09-26 00:00:00-04:00,194.30999755859372,194.52999877929688,189.5399932861328,191.16000366210935,36334900,0.0,0.0,192.62600402832032,189.76900177001954
2024-09-27 00:00:00-04:00,190.67999267578125,190.8999938964844,187.33999633789065,187.97000122070312,36002300,0.0,0.0,191.9000030517578,189.91700134277343
2024-09-30 00:00:00-04:00,187.13999938964844,188.4900054931641,184.6499938964844,186.3300018310547,41583900,0.0,0.0,190.39000244140624,190.06100158691407
2024-10-01 00:00:00-04:00,184.8999938964844,186.19000244140625,183.4499969482422,185.1300048828125,36044900,0.0,0.0,188.6240020751953,189.88600158691406
2024-10-02 00:00:00-04:00,184.44000244140625,186.6000061035156,184.0399932861328,184.75999450683597,23704100,0.0,0.0,187.07000122070312,189.71900177001953
2024-10-03 00:00:00-04:00,183.0500030517578,183.44000244140625,180.8800048828125,181.9600067138672,30204300,0.0,0.0,185.2300018310547,188.9280029296875
2024-10-04 00:00:00-04:00,185.75,187.6000061035156,183.6000061035156,186.50999450683597,40890300,0.0,0.0,184.93800048828126,188.41900177001952
2024-10-07 00:00:00-04:00,182.9499969482422,183.6000061035156,180.25,180.8000030517578,42364200,0.0,0.0,183.83200073242188,187.11100158691406
2024-10-08 00:00:00-04:00,181.9199981689453,183.08999633789065,180.9199981689453,182.72000122070312,26372100,0.0,0.0,183.35,185.98700103759765
2024-10-09 00:00:00-04:00,182.82000732421875,185.8500061035156,182.0500030517578,185.1699981689453,26343100,0.0,0.0,183.43200073242187,185.2510009765625
2024-10-10 00:00:00-04:00,187.1300048828125,188.1300048828125,185.8300018310547,186.6499938964844,27785000,0.0,0.0,184.3699981689453,184.8
2024-10-11 00:00:00-04:00,186.6300048828125,189.92999267578125,186.3000030517578,188.82000732421875,25751600,0.0,0.0,184.83200073242188,184.88500061035157
2024-10-14 00:00:00-04:00,189.77999877929688,189.8300018310547,187.3600006103516,187.5399932861328,22614400,0.0,0.0,186.17999877929688,185.00599975585936
2024-10-15 00:00:00-04:00,187.6300048828125,188.41000366210935,184.5800018310547,187.69000244140625,32178900,0.0,0.0,187.1739990234375,185.26199951171876
2024-10-16 00:00:00-04:00,187.0500030517578,187.77999877929688,185.6100006103516,186.88999938964844,23456800,0.0,0.0,187.51799926757812,185.475
2024-10-17 00:00:00-04:00,188.22000122070312,188.94000244140625,186.0,187.52999877929688,25039400,0.0,0.0,187.69400024414062,186.03199920654296
2024-10-18 00:00:00-04:00,187.1499938964844,190.7400054931641,186.27999877929688,188.9900054931641,37417700,0.0,0.0,187.72799987792968,186.28000030517578
2024-10-21 00:00:00-04:00,188.0500030517578,189.4600067138672,186.3999938964844,189.07000732421875,24639400,0.0,0.0,188.03400268554688,187.10700073242188
2024-10-22 00:00:00-04:00,188.3500061035156,191.5200042724609,186.97999572753903,189.6999969482422,29650600,0.0,0.0,188.43600158691407,187.80500030517578
2024-10-23 00:00:00-04:00,188.8500061035156,189.16000366210935,183.69000244140625,184.7100067138672,31937100,0.0,0.0,188.0000030517578,187.75900115966797
2024-10-24 00:00:00-04:00,185.25,187.1100006103516,183.8600006103516,186.3800048828125,21647400,0.0,0.0,187.77000427246094,187.73200225830078
2024-10-25 00:00:00-04:00,187.8500061035156,190.4499969482422,187.52999877929688,187.8300018310547,29362100,0.0,0.0,187.53800354003906,187.63300170898438
2024-10-28 00:00:00-04:00,189.57000732421875,190.2100067138672,188.2100067138672,188.38999938964844,27930800,0.0,0.0,187.402001953125,187.71800231933594
2024-10-29 00:00:00-04:00,188.5800018310547,191.4600067138672,187.82000732421875,190.8300018310547,35690200,0.0,0.0,187.6280029296875,188.0320022583008
2024-10-30 00:00:00-04:00,194.6999969482422,195.6100006103516,192.4199981689453,192.72999572753903,37707600,0.0,0.0,189.23200073242188,188.61600189208986
2024-10-31 00:00:00-04:00,190.50999450683597,190.6000061035156,185.22999572753903,186.3999938964844,75146800,0.0,0.0,189.23599853515626,188.50300140380858
2024-11-01 00:00:00-04:00,199.0,200.5,197.0200042724609,197.92999267578125,99687800,0.0,0.0,191.25599670410156,189.39700012207032
2024-11-04 00:00:00-05:00,196.4499969482422,197.3300018310547,194.30999755859372,195.77999877929688,38492100,0.0,0.0,192.73399658203124,190.06799926757813
2024-11-05 00:00:00-05:00,196.0399932861328,199.82000732421875,195.9900054931641,199.5,30564800,0.0,0.0,194.4679962158203,191.0479995727539
2024-11-06 00:00:00-05:00,200.00999450683597,207.5500030517578,199.13999938964844,207.08999633789065,72292200,0.0,0.0,197.33999633789065,193.28599853515627
2024-11-07 00:00:00-05:00,207.44000244140625,212.25,207.19000244140625,210.0500030517578,52878400,0.0,0.0,202.06999816894532,195.6529983520508
2024-11-08 00:00:00-05:00,209.72000122070312,209.9600067138672,207.44000244140625,208.17999267578125,36075800,0.0,0.0,204.1199981689453,197.68799743652343
2024-11-11 00:00:00-05:00,208.5,209.6499938964844,205.58999633789065,206.83999633789065,35456000,0.0,0.0,206.33199768066407,199.53299713134766
2024-11-12 00:00:00-05:00,208.3699951171875,209.5399932861328,206.00999450683597,208.91000366210935,38942900,0.0,0.0,208.21399841308593,201.34099731445312
2024-11-13 00:00:00-05:00,209.3999938964844,215.08999633789065,209.13999938964844,214.1000061035156,46212900,0.0,0.0,209.61600036621093,203.47799835205078
2024-11-14 00:00:00-05:00,214.16000366210935,215.8999938964844,210.8800048828125,211.47999572753903,42620300,0.0,0.0,209.9019989013672,205.98599853515626
2024-11-15 00:00:00-05:00,206.75999450683597,207.33999633789065,199.6100006103516,202.6100006103516,86591100,0.0,0.0,208.78800048828126,206.4539993286133
2024-11-18 00:00:00-05:00,204.1499938964844,204.6699981689453,200.9499969482422,201.6999969482422,36409900,0.0,0.0,207.76000061035157,207.0459991455078
2024-11-19 00:00:00-05:00,199.3300018310547,205.3000030517578,198.77999877929688,204.6100006103516,31197900,0.0,0.0,206.9,207.55699920654297
2024-11-20 00:00:00-05:00,202.97999572753903,203.1300048828125,199.4499969482422,202.8800048828125,32769000,0.0,0.0,204.65599975585937,207.13600006103516
2024-11-21 00:00:00-05:00,203.4900054931641,203.4900054931641,195.75,198.3800048828125,58800000,0.0,0.0,202.0360015869141,205.96900024414063
2024-11-22 00:00:00-05:00,198.25,199.25999450683597,196.75,197.1199951171875,31530800,0.0,0.0,200.93800048828126,204.86300048828124
2024-11-25 00:00:00-05:00,199.27999877929688,201.9499969482422,199.0,201.4499969482422,40685700,0.0,0.0,200.88800048828125,204.3240005493164
2024-11-26 00:00:00-05:00,201.8999938964844,208.0,201.7899932861328,207.8600006103516,41673700,0.0,0.0,201.53800048828126,204.21900024414063
2024-11-27 00:00:00-05:00,206.97999572753903,207.63999938964844,205.0500030517578,205.7400054931641,28061600,0.0,0.0,202.11000061035156,203.38300018310548
2024-11-29 00:00:00-05:00,205.8300018310547,208.1999969482422,204.58999633789065,207.88999938964844,24892400,0.0,0.0,204.01199951171876,203.02400054931644
2024-12-02 00:00:00-05:00,209.9600067138672,212.9900054931641,209.50999450683597,210.7100067138672,39523200,0.0,0.0,206.7300018310547,203.83400115966796
2024-12-03 00:00:00-05:00,210.30999755859372,214.0200042724609,209.6499938964844,213.44000244140625,32214800,0.0,0.0,209.1280029296875,205.00800170898438
2024-12-04 00:00:00-05:00,215.9600067138672,220.0,215.75,218.16000366210935,48745700,0.0,0.0,211.18800354003906,206.36300201416014
2024-12-05 00:00:00-05:00,218.02999877929688,222.1499938964844,217.3000030517578,220.5500030517578,41140200,0.0,0.0,214.1500030517578,208.1300018310547
2024-12-06 00:00:00-05:00,220.75,227.1499938964844,220.6000061035156,227.02999877929688,44178100,0.0,0.0,217.9780029296875,210.99500122070313
2024-12-09 00:00:00-05:00,227.2100067138672,230.0800018310547,225.6699981689453,226.08999633789065,46819400,0.0,0.0,221.0540008544922,213.89200134277343
2024-12-10 00:00:00-05:00,226.08999633789065,229.05999755859372,224.1999969482422,225.0399932861328,31199900,0.0,0.0,223.3739990234375,216.2510009765625
2024-12-11 00:00:00-05:00,226.41000366210935,231.1999969482422,226.25999450683597,230.25999450683597,35385800,0.0,0.0,225.79399719238282,218.49100036621093
2024-12-12 00:00:00-05:00,229.8300018310547,231.08999633789065,227.6300048828125,228.97000122070312,28204100,0.0,0.0,227.47799682617188,220.81399993896486
2024-12-13 00:00:00-05:00,228.3999938964844,230.1999969482422,225.8600006103516,227.4600067138672,28768100,0.0,0.0,227.56399841308593,222.77100067138673
2024-12-16 00:00:00-05:00,230.22999572753903,233.0,228.00999450683597,232.92999267578125,37552100,0.0,0.0,228.93199768066407,224.9929992675781
2024-12-17 00:00:00-05:00,232.38999938964844,232.72999572753903,227.8500061035156,231.1499938964844,35948100,0.0,0.0,230.15399780273438,226.76399841308594
2024-12-18 00:00:00-05:00,230.7700042724609,231.3999938964844,220.1100006103516,220.5200042724609,43281400,0.0,0.0,228.20599975585938,226.9999984741211
2024-12-19 00:00:00-05:00,224.91000366210935,226.08999633789065,222.9199981689453,223.2899932861328,39918700,0.0,0.0,227.06999816894532,227.27399749755858
2024-12-20 00:00:00-05:00,219.83999633789065,226.2100067138672,218.72999572753903,224.9199981689453,88279200,0.0,0.0,226.56199645996094,227.06299743652343
2024-12-23 00:00:00-05:00,225.00999450683597,226.8800048828125,223.8999938964844,225.05999755859372,28070000,0.0,0.0,224.98799743652344,226.95999755859376
2024-12-24 00:00:00-05:00,226.94000244140625,229.13999938964844,226.1300048828125,229.0500030517578,15007500,0.0,0.0,224.56799926757813,227.36099853515626
2024-12-26 00:00:00-05:00,228.5,228.5,226.6699981689453,227.0500030517578,16146700,0.0,0.0,225.8739990234375,227.03999938964844
2024-12-27 00:00:00-05:00,225.6000061035156,226.02999877929688,220.8999938964844,223.75,27367100,0.0,0.0,225.96600036621095,226.51799926757812
2024-12-30 00:00:00-05:00,220.05999755859372,223.0,218.42999267578125,221.3000030517578,28321200,0.0,0.0,225.24200134277345,225.9019989013672
2024-12-31 00:00:00-05:00,222.97000122070312,223.22999572753903,218.94000244140625,219.38999938964844,24819700,0.0,0.0,224.10800170898438,224.5479995727539
2025-01-02 00:00:00-05:00,222.02999877929688,225.1499938964844,218.19000244140625,220.22000122070312,33956600,0.0,0.0,222.34200134277344,223.4550003051758
2025-01-03 00:00:00-05:00,222.50999450683597,225.3600006103516,221.6199951171875,224.19000244140625,27515600,0.0,0.0,221.77000122070314,223.8220001220703
2025-01-06 00:00:00-05:00,226.77999877929688,228.83999633789065,224.83999633789065,227.6100006103516,31849800,0.0,0.0,222.54200134277343,224.25400085449218
2025-01-07 00:00:00-05:00,227.8999938964844,228.3800048828125,221.4600067138672,222.1100006103516,28084200,0.0,0.0,222.7040008544922,223.9730010986328
2025-01-08 00:00:00-05:00,223.19000244140625,223.5200042724609,220.1999969482422,222.1300048828125,25033300,0.0,0.0,223.252001953125,223.68000183105468
2025-01-10 00:00:00-05:00,221.4600067138672,221.7100067138672,216.5,218.94000244140625,36811500,0.0,0.0,222.99600219726562,222.66900177001952
2025-01-13 00:00:00-05:00,218.05999755859372,219.3999938964844,216.47000122070312,218.4600067138672,27262700,0.0,0.0,221.85000305175782,221.81000213623048
2025-01-14 00:00:00-05:00,220.44000244140625,221.82000732421875,216.1999969482422,217.75999450683597,24711700,0.0,0.0,219.8800018310547,221.21100158691405
2025-01-15 00:00:00-05:00,222.8300018310547,223.57000732421875,220.75,223.3500061035156,31291300,0.0,0.0,220.1280029296875,221.41600189208984
2025-01-16 00:00:00-05:00,224.4199981689453,224.6499938964844,220.30999755859372,220.66000366210935,24757300,0.0,0.0,219.83400268554686,221.54300231933593
2025-01-17 00:00:00-05:00,225.83999633789065,226.50999450683597,223.0800018310547,225.94000244140625,42370100,0.0,0.0,221.23400268554687,222.11500244140626
2025-01-21 00:00:00-05:00,228.8999938964844,231.77999877929688,226.94000244140625,230.7100067138672,39951500,0.0,0.0,223.6840026855469,222.76700286865236
2025-01-22 00:00:00-05:00,232.0200042724609,235.44000244140625,231.19000244140625,235.00999450683597,41448200,0.0,0.0,227.13400268554688,223.5070022583008
2025-01-23 00:00:00-05:00,234.1000061035156,235.5200042724609,231.50999450683597,235.4199981689453,26404400,0.0,0.0,229.54800109863282,224.83800201416017
2025-01-24 00:00:00-05:00,234.5,236.3999938964844,232.92999267578125,234.8500061035156,25890700,0.0,0.0,232.38600158691406,226.11000213623046
2025-01-27 00:00:00-05:00,226.2100067138672,235.6100006103516,225.8600006103516,235.4199981689453,49428300,0.0,0.0,234.28200073242186,227.75800170898438
2025-01-28 00:00:00-05:00,234.2899932861328,241.7700042724609,233.97999572753903,238.1499938964844,41587200,0.0,0.0,235.7699981689453,229.72700042724608
2025-01-29 00:00:00-05:00,239.0200042724609,240.38999938964844,236.1499938964844,237.07000732421875,26091700,0.0,0.0,236.18200073242187,231.6580017089844
2025-01-30 00:00:00-05:00,237.13999938964844,237.9499969482422,232.22000122070312,234.63999938964844,32020700,0.0,0.0,236.0260009765625,232.78700103759766
2025-01-31 00:00:00-05:00,236.5,240.2899932861328,236.41000366210935,237.67999267578125,36110200,0.0,0.0,236.5919982910156,234.48899993896484
2025-02-03 00:00:00-05:00,234.05999755859372,239.25,232.8999938964844,237.4199981689453,37285900,0.0,0.0,236.99199829101562,235.63699951171876
2025-02-04 00:00:00-05:00,239.00999450683597,242.5200042724609,238.02999877929688,242.05999755859372,29713800,0.0,0.0,237.7739990234375,236.7719985961914
2025-02-05 00:00:00-05:00,237.0200042724609,238.32000732421875,235.1999969482422,236.1699981689453,38727300,0.0,0.0,237.5939971923828,236.88799896240235
2025-02-06 00:00:00-05:00,238.00999450683597,239.66000366210935,236.00999450683597,238.8300018310547,60897100,0.0,0.0,238.43199768066407,237.22899932861327
2025-02-07 00:00:00-05:00,232.5,234.80999755859372,228.05999755859372,229.1499938964844,77539300,0.0,0.0,236.7259979248047,236.65899810791015
2025-02-10 00:00:00-05:00,230.5500030517578,233.9199981689453,229.1999969482422,233.13999938964844,35419900,0.0,0.0,235.8699981689453,236.43099822998047
2025-02-11 00:00:00-05:00,231.9199981689453,233.44000244140625,230.1300048828125,232.75999450683597,23713700,0.0,0.0,234.00999755859374,235.89199829101562
2025-02-12 00:00:00-05:00,230.4600067138672,231.17999267578125,228.16000366210935,228.92999267578125,32285200,0.0,0.0,232.56199645996094,235.07799682617187
2025-02-13 00:00:00-05:00,228.8500061035156,230.4199981689453,227.5200042724609,230.3699951171875,31346500,0.0,0.0,230.8699951171875,234.65099639892577
2025-02-14 00:00:00-05:00,229.1999969482422,229.88999938964844,227.22999572753903,228.67999267578125,27031100,0.0,0.0,230.77599487304687,233.7509963989258
2025-02-18 00:00:00-05:00,228.82000732421875,229.3000030517578,223.72000122070312,226.6499938964844,42975100,0.0,0.0,229.47799377441407,232.6739959716797
2025-02-19 00:00:00-05:00,225.5200042724609,226.8300018310547,223.7100067138672,226.6300048828125,28566700,0.0,0.0,228.2519958496094,231.13099670410156
2025-02-20 00:00:00-05:00,224.77999877929688,225.1300048828125,221.80999755859372,222.8800048828125,30001700,0.0,0.0,227.04199829101563,229.80199737548827
2025-02-21 00:00:00-05:00,223.27999877929688,223.30999755859372,214.7400054931641,216.5800018310547,55323900,0.0,0.0,224.28399963378905,227.57699737548828
2025-02-24 00:00:00-05:00,217.4499969482422,217.72000122070312,212.4199981689453,212.7100067138672,42387600,0.0,0.0,221.09000244140626,225.93299865722656
2025-02-25 00:00:00-05:00,211.6300048828125,213.33999633789065,204.16000366210935,212.8000030517578,58958000,0.0,0.0,218.32000427246095,223.8989990234375
2025-02-26 00:00:00-05:00,214.94000244140625,218.16000366210935,213.08999633789065,214.3500061035156,39120600,0.0,0.0,215.86400451660157,222.05800018310546
2025-02-27 00:00:00-05:00,218.3500061035156,219.97000122070312,208.3699951171875,208.7400054931641,40548600,0.0,0.0,213.03600463867187,220.03900146484375
2025-02-28 00:00:00-05:00,208.6499938964844,212.6199951171875,206.9900054931641,212.27999877929688,51771700,0.0,0.0,212.1760040283203,218.2300018310547
2025-03-03 00:00:00-05:00,213.3500061035156,214.00999450683597,202.5500030517578,205.0200042724609,42948400,0.0,0.0,210.63800354003905,215.86400299072267
2025-03-04 00:00:00-05:00,200.1100006103516,206.8000030517578,197.42999267578125,203.8000030517578,60853100,0.0,0.0,208.83800354003907,213.57900390625
2025-03-05 00:00:00-05:00,204.8000030517578,209.97999572753903,203.25999450683597,208.3600006103516,38610100,0.0,0.0,207.64000244140624,211.75200347900392
2025-03-06 00:00:00-05:00,204.3999938964844,205.7700042724609,198.3000030517578,200.6999969482422,49863800,0.0,0.0,206.03200073242186,209.53400268554688
2025-03-07 00:00:00-05:00,199.4900054931641,202.2700042724609,192.52999877929688,199.25,59802800,0.0,0.0,203.4260009765625,207.8010025024414
2025-03-10 00:00:00-04:00,195.6000061035156,196.72999572753903,190.8500061035156,194.5399932861328,62350900,0.0,0.0,201.3299987792969,205.98400115966797
2025-03-11 00:00:00-04:00,193.8999938964844,200.17999267578125,193.3999938964844,196.58999633789065,54002900,0.0,0.0,199.88799743652345,204.36300048828124
2025-03-12 00:00:00-04:00,200.72000122070312,201.5200042724609,195.2899932861328,198.88999938964844,43679300,0.0,0.0,197.9939971923828,202.81699981689454
2025-03-13 00:00:00-04:00,198.1699981689453,198.8800048828125,191.82000732421875,193.88999938964844,41270800,0.0,0.0,196.63199768066406,201.33199920654297
2025-03-14 00:00:00-04:00,197.41000366210935,198.6499938964844,195.32000732421875,197.9499969482422,38096700,0.0,0.0,196.3719970703125,199.8989990234375
2025-03-17 00:00:00-04:00,198.7700042724609,199.0,194.32000732421875,195.7400054931641,47341800,0.0,0.0,196.61199951171878,198.97099914550785
2025-03-18 00:00:00-04:00,192.5200042724609,194.0,189.3800048828125,192.82000732421875,40414900,0.0,0.0,195.85800170898438,197.87299957275394
2025-03-19 00:00:00-04:00,193.3800048828125,195.97000122070312,191.9600067138672,195.5399932861328,39442900,0.0,0.0,195.18800048828126,196.59099884033205
2025-03-20 00:00:00-04:00,193.07000732421875,199.32000732421875,192.3000030517578,194.9499969482422,38921100,0.0,0.0,195.4,196.01599884033206
2025-03-21 00:00:00-04:00,192.8999938964844,196.9900054931641,192.5200042724609,196.2100067138672,60056900,0.0,0.0,195.052001953125,195.71199951171877
2025-03-24 00:00:00-04:00,200.0,203.63999938964844,199.9499969482422,203.25999450683597,41625400,0.0,0.0,196.55599975585938,196.5839996337891
2025-03-25 00:00:00-04:00,203.6000061035156,206.2100067138672,203.22000122070312,205.7100067138672,31171200,0.0,0.0,199.13399963378907,197.49600067138672
2025-03-26 00:00:00-04:00,205.83999633789065,206.00999450683597,199.92999267578125,201.1300048828125,32855300,0.0,0.0,200.252001953125,197.72000122070312
2025-03-27 00:00:00-04:00,200.88999938964844,203.7899932861328,199.27999877929688,201.3600006103516,27317700,0.0,0.0,201.53400268554688,198.46700134277344
2025-03-28 00:00:00-04:00,198.4199981689453,199.25999450683597,191.8800048828125,192.72000122070312,52548200,0.0,0.0,200.83600158691405,197.94400177001953
2025-03-31 00:00:00-04:00,188.19000244140625,191.3300018310547,184.3999938964844,190.25999450683597,63547600,0.0,0.0,198.23600158691406,197.39600067138673
2025-04-01 00:00:00-04:00,187.8600006103516,193.92999267578125,187.1999969482422,192.1699981689453,41267300,0.0,0.0,195.5279998779297,197.33099975585938
2025-04-02 00:00:00-04:00,187.66000366210935,198.33999633789065,187.66000366210935,196.00999450683597,53679200,0.0,0.0,194.5039978027344,197.37799987792968
2025-04-03 00:00:00-04:00,183.0,184.1300048828125,176.9199981689453,178.41000366210938,95553600,0.0,0.0,189.91399841308595,195.7240005493164
2025-04-04 00:00:00-04:00,167.14999389648438,178.13999938964844,166.0,171.0,123159400,0.0,0.0,185.56999816894535,193.2029998779297
2025-04-07 00:00:00-04:00,162.0,183.41000366210935,161.3800048828125,175.25999450683594,109327100,0.0,0.0,182.56999816894532,190.4029998779297
2025-04-08 00:00:00-04:00,185.22999572753903,185.8999938964844,168.57000732421875,170.66000366210938,87710400,0.0,0.0,178.26799926757812,186.89799957275392
2025-04-09 00:00:00-04:00,172.1199951171875,192.6499938964844,169.92999267578125,191.1000061035156,116804300,0.0,0.0,177.28600158691407,185.8949996948242
2025-04-10 00:00:00-04:00,185.44000244140625,186.8699951171875,175.85000610351562,181.22000122070312,68302000,0.0,0.0,177.8480010986328,183.88099975585936
2025-04-11 00:00:00-04:00,179.92999267578125,185.8600006103516,178.0,184.8699951171875,50594300,0.0,0.0,180.62200012207032,183.09599914550782
2025-04-14 00:00:00-04:00,186.83999633789065,187.44000244140625,179.22999572753906,182.1199951171875,48002500,0.0,0.0,181.99400024414064,182.28199920654296
2025-04-15 00:00:00-04:00,181.41000366210935,182.3500061035156,177.92999267578125,179.58999633789062,43642000,0.0,0.0,183.77999877929688,181.0239990234375
2025-04-16 00:00:00-04:00,176.2899932861328,179.10000610351562,171.41000366210938,174.3300018310547,51875300,0.0,0.0,180.42599792480468,178.8559997558594
2025-04-17 00:00:00-04:00,176.0,176.2100067138672,172.0,172.61000061035156,44726500,0.0,0.0,178.70399780273436,178.2759994506836
2025-04-21 00:00:00-04:00,169.60000610351562,169.60000610351562,165.2899932861328,167.32000732421875,48126100,0.0,0.0,175.19400024414062,177.90800018310546
2025-04-22 00:00:00-04:00,169.85000610351562,176.77999877929688,169.35000610351562,173.17999267578125,56607200,0.0,0.0,173.40599975585937,177.7
2025-04-23 00:00:00-04:00,183.4499969482422,187.3800048828125,180.19000244140625,180.6000061035156,63470100,0.0,0.0,173.60800170898435,178.69400024414062
2025-04-24 00:00:00-04:00,180.9199981689453,186.7400054931641,180.17999267578125,186.5399932861328,43763200,0.0,0.0,176.05,178.23799896240234
2025-04-25 00:00:00-04:00,187.6199951171875,189.94000244140625,185.4900054931641,188.9900054931641,36414300,0.0,0.0,179.3260009765625,179.01499938964844
2025-04-28 00:00:00-04:00,190.1100006103516,190.22000122070312,184.88999938964844,187.6999969482422,33224700,0.0,0.0,183.4019989013672,179.2979995727539
2025-04-29 00:00:00-04:00,183.9900054931641,188.0200042724609,183.67999267578125,187.38999938964844,41667300,0.0,0.0,186.24400024414064,179.825
2025-04-30 00:00:00-04:00,182.1699981689453,185.0500030517578,178.85000610351562,184.4199981689453,55176500,0.0,0.0,187.00799865722655,180.30800018310546
2025-05-01 00:00:00-04:00,190.6300048828125,191.80999755859372,187.5,190.1999969482422,74266000,0.0,0.0,187.73999938964843,181.8949996948242
2025-05-02 00:00:00-04:00,191.44000244140625,192.8800048828125,186.3999938964844,189.97999572753903,77903500,0.0,0.0,187.93799743652343,183.63199920654296
2025-05-05 00:00:00-04:00,186.50999450683597,188.17999267578125,185.52999877929688,186.3500061035156,35217500,0.0,0.0,187.66799926757812,185.53499908447264
2025-05-06 00:00:00-04:00,184.57000732421875,187.92999267578125,183.8500061035156,185.00999450683597,29314100,0.0,0.0,187.19199829101564,186.71799926757814
2025-05-07 00:00:00-04:00,185.55999755859372,190.9900054931641,185.00999450683597,188.7100067138672,43948600,0.0,0.0,188.05,187.52899932861328
2025-05-08 00:00:00-04:00,191.42999267578125,194.3300018310547,188.82000732421875,192.0800018310547,41043600,0.0,0.0,188.4260009765625,188.08300018310547
2025-05-09 00:00:00-04:00,193.3800048828125,194.69000244140625,191.16000366210935,193.05999755859372,29663100,0.0,0.0,189.04200134277343,188.48999938964843
2025-05-12 00:00:00-04:00,210.7100067138672,211.66000366210935,205.75,208.63999938964844,75205000,0.0,0.0,193.5,190.58399963378906
2025-05-13 00:00:00-04:00,211.0800018310547,214.83999633789065,210.1000061035156,211.3699951171875,56193700,0.0,0.0,198.77200012207032,192.98199920654298
2025-05-14 00:00:00-04:00,211.4499969482422,211.92999267578125,208.8500061035156,210.25,38492100,0.0,0.0,203.0799987792969,195.56499938964845
2025-05-15 00:00:00-04:00,206.4499969482422,206.8800048828125,202.6699981689453,205.1699981689453,64347300,0.0,0.0,205.697998046875,197.06199951171874
2025-05-16 00:00:00-04:00,206.8500061035156,206.8500061035156,204.3699951171875,205.58999633789065,43318500,0.0,0.0,208.20399780273436,198.6229995727539
2025-05-19 00:00:00-04:00,201.6499938964844,206.6199951171875,201.25999450683597,206.16000366210935,34314800,0.0,0.0,207.70799865722657,200.60399932861327
2025-05-20 00:00:00-04:00,204.6300048828125,205.58999633789065,202.6499938964844,204.07000732421875,29470400,0.0,0.0,206.2480010986328,202.51000061035157
2025-05-21 00:00:00-04:00,201.6100006103516,203.4600067138672,200.05999755859372,201.1199951171875,42460900,0.0,0.0,204.4220001220703,203.7509994506836
2025-05-22 00:00:00-04:00,201.3800048828125,205.75999450683597,200.16000366210935,203.1000061035156,38938900,0.0,0.0,204.00800170898438,204.85299987792968
2025-05-23 00:00:00-04:00,198.8999938964844,202.3699951171875,197.8500061035156,200.9900054931641,33393500,0.0,0.0,203.08800354003907,205.64600067138673
2025-05-27 00:00:00-04:00,203.08999633789065,206.69000244140625,202.19000244140625,206.0200042724609,34892000,0.0,0.0,203.06000366210938,205.38400115966797
2025-05-28 00:00:00-04:00,205.9199981689453,207.66000366210935,204.41000366210935,204.72000122070312,28549800,0.0,0.0,203.19000244140625,204.71900177001953
2025-05-29 00:00:00-04:00,208.02999877929688,208.80999755859372,204.22999572753903,205.6999969482422,34650000,0.0,0.0,204.1060028076172,204.26400146484374
2025-05-30 00:00:00-04:00,204.83999633789065,205.9900054931641,201.6999969482422,205.00999450683597,51679400,0.0,0.0,204.48800048828124,204.2480010986328
2025-06-02 00:00:00-04:00,204.97999572753903,207.0,202.67999267578125,206.6499938964844,29113300,0.0,0.0,205.6199981689453,204.3540008544922
2025-06-03 00:00:00-04:00,207.1100006103516,208.9499969482422,205.02999877929688,205.7100067138672,33139100,0.0,0.0,205.55799865722656,204.30900115966796
2025-06-04 00:00:00-04:00,206.5500030517578,208.17999267578125,205.17999267578125,207.22999572753903,29915600,0.0,0.0,206.05999755859375,204.625
2025-06-05 00:00:00-04:00,209.5500030517578,212.80999755859372,207.55999755859372,207.91000366210935,51864200,0.0,0.0,206.5019989013672,205.3040008544922
2025-06-06 00:00:00-04:00,212.3999938964844,213.8699951171875,210.5,213.57000732421875,39832500,0.0,0.0,208.21400146484376,206.3510009765625
2025-06-09 00:00:00-04:00,214.75,217.8500061035156,212.8800048828125,216.97999572753903,38102500,0.0,0.0,210.28000183105468,207.95
2025-06-10 00:00:00-04:00,216.77999877929688,217.69000244140625,214.1499938964844,217.6100006103516,31303300,0.0,0.0,212.66000061035157,209.10899963378907
2025-06-11 00:00:00-04:00,217.41000366210935,218.3999938964844,212.88999938964844,213.1999969482422,39326000,0.0,0.0,213.8540008544922,209.95699920654297
2025-06-12 00:00:00-04:00,211.77999877929688,213.5800018310547,211.3300018310547,213.2400054931641,27640000,0.0,0.0,214.9200012207031,210.71100006103515
2025-06-13 00:00:00-04:00,209.9600067138672,214.0500030517578,209.6199951171875,212.1000061035156,29337800,0.0,0.0,214.6260009765625,211.4200012207031
2025-06-16 00:00:00-04:00,212.30999755859372,217.05999755859372,211.6000061035156,216.1000061035156,33284200,0.0,0.0,214.45000305175782,212.36500244140626
2025-06-17 00:00:00-04:00,215.1999969482422,217.41000366210935,214.55999755859372,214.82000732421875,32086300,0.0,0.0,213.89200439453126,213.2760025024414
2025-06-18 00:00:00-04:00,215.08999633789065,217.9600067138672,212.33999633789065,212.5200042724609,44360500,0.0,0.0,213.756005859375,213.80500335693358
2025-06-20 00:00:00-04:00,214.67999267578125,214.88999938964844,208.2700042724609,209.69000244140625,75350700,0.0,0.0,213.04600524902344,213.98300323486328
2025-06-23 00:00:00-04:00,209.7899932861328,210.38999938964844,207.30999755859372,208.47000122070312,37311700,0.0,0.0,212.32000427246095,213.4730026245117
2025-06-24 00:00:00-04:00,212.13999938964844,214.33999633789065,211.0500030517578,212.7700042724609,38378800,0.0,0.0,211.65400390625,213.0520034790039
2025-06-25 00:00:00-04:00,214.6199951171875,216.02999877929688,211.1100006103516,211.9900054931641,31755700,0.0,0.0,211.08800354003907,212.49000396728516
2025-06-26 00:00:00-04:00,213.1199951171875,218.0399932861328,212.00999450683597,217.1199951171875,50480800,0.0,0.0,212.00800170898438,212.8820037841797
2025-06-27 00:00:00-04:00,219.9199981689453,223.3000030517578,216.7400054931641,223.3000030517578,119217100,0.0,0.0,214.7300018310547,213.88800354003905
2025-06-30 00:00:00-04:00,223.5200042724609,223.82000732421875,219.1199951171875,219.38999938964844,58887800,0.0,0.0,216.91400146484375,214.61700286865235
2025-07-01 00:00:00-04:00,219.5,221.8800048828125,217.92999267578125,220.4600067138672,39256800,0.0,0.0,218.452001953125,215.0530029296875
2025-07-02 00:00:00-04:00,219.72999572753903,221.6000061035156,219.05999755859372,219.9199981689453,30894200,0.0,0.0,220.03800048828126,215.56300201416016
2025-07-03 00:00:00-04:00,221.82000732421875,224.00999450683597,221.3600006103516,223.41000366210935,29632400,0.0,0.0,221.29600219726564,216.652001953125
2025-07-07 00:00:00-04:00,223.0,224.2899932861328,222.3699951171875,223.47000122070312,36604100,0.0,0.0,221.3300018310547,218.03000183105468
2025-07-08 00:00:00-04:00,223.9199981689453,224.0,218.42999267578125,219.3600006103516,45692000,0.0,0.0,221.32400207519532,219.11900177001954
2025-07-09 00:00:00-04:00,221.07000732421875,224.2899932861328,220.47000122070312,222.5399932861328,38155100,0.0,0.0,221.73999938964843,220.09600067138672
2025-07-10 00:00:00-04:00,221.5500030517578,222.7899932861328,219.6999969482422,222.25999450683597,30370600,0.0,0.0,222.20799865722657,221.1229995727539
2025-07-11 00:00:00-04:00,223.5800018310547,226.67999267578125,222.3699951171875,225.0200042724609,50518300,0.0,0.0,222.52999877929688,221.91300048828126
2025-07-14 00:00:00-04:00,225.07000732421875,226.66000366210935,224.2400054931641,225.69000244140625,35702600,0.0,0.0,222.9739990234375,222.1520004272461
2025-07-15 00:00:00-04:00,226.1999969482422,227.2700042724609,225.4600067138672,226.3500061035156,34907300,0.0,0.0,224.37200012207032,222.8480010986328
2025-07-16 00:00:00-04:00,225.8800048828125,226.1000061035156,222.17999267578125,223.19000244140625,39535900,0.0,0.0,224.502001953125,223.12100067138672
2025-07-17 00:00:00-04:00,223.32000732421875,224.5,222.50999450683597,223.8800048828125,31855800,0.0,0.0,224.8260040283203,223.51700134277343
2025-07-18 00:00:00-04:00,225.13999938964844,226.3999938964844,222.97999572753903,226.1300048828125,37833800,0.0,0.0,225.04800415039062,223.78900146484375
2025-07-21 00:00:00-04:00,225.83999633789065,229.69000244140625,225.6499938964844,229.3000030517578,40297600,0.0,0.0,225.77000427246094,224.37200164794922
2025-07-22 00:00:00-04:00,229.67999267578125,230.0,226.3500061035156,227.47000122070312,37483700,0.0,0.0,225.99400329589844,225.18300170898436
2025-07-23 00:00:00-04:00,228.47000122070312,228.7899932861328,227.08999633789065,228.2899932861328,28294900,0.0,0.0,227.01400146484374,225.75800170898438
2025-07-24 00:00:00-04:00,229.1699981689453,236.0,228.63999938964844,232.22999572753903,42902300,0.0,0.0,228.68399963378906,226.7550018310547
2025-07-25 00:00:00-04:00,232.22000122070312,232.47999572753903,231.17999267578125,231.44000244140625,28712100,0.0,0.0,229.74599914550782,227.39700164794922
2025-07-28 00:00:00-04:00,233.3500061035156,234.2899932861328,232.25,232.7899932861328,26300100,0.0,0.0,230.44399719238282,228.10700073242188
2025-07-29 00:00:00-04:00,234.1499938964844,234.72000122070312,230.30999755859372,231.00999450683597,33716200,0.0,0.0,231.15199584960936,228.5729995727539
2025-07-30 00:00:00-04:00,231.63999938964844,231.8000030517578,229.2899932861328,230.19000244140625,32993300,0.0,0.0,231.53199768066406,229.27299957275392
2025-07-31 00:00:00-04:00,235.7700042724609,236.52999877929688,231.3999938964844,234.1100006103516,104357300,0.0,0.0,231.90799865722656,230.2959991455078
2025-08-01 00:00:00-04:00,217.2100067138672,220.44000244140625,212.8000030517578,214.75,122258800,0.0,0.0,228.56999816894532,229.15799865722656
2025-08-04 00:00:00-04:00,217.3999938964844,217.44000244140625,211.4199981689453,211.6499938964844,77890100,0.0,0.0,224.3419982910156,227.39299774169922
2025-08-05 00:00:00-04:00,213.0500030517578,216.3000030517578,212.8699951171875,213.75,51505100,0.0,0.0,220.88999938964844,226.0209976196289
2025-08-06 00:00:00-04:00,214.6999969482422,222.6499938964844,213.7400054931641,222.30999755859372,54823000,0.0,0.0,219.31399841308593,225.422998046875
2025-08-07 00:00:00-04:00,221.0,226.22000122070312,220.82000732421875,223.1300048828125,40603500,0.0,0.0,217.1179992675781,224.51299896240235
2025-08-08 00:00:00-04:00,223.13999938964844,223.8000030517578,221.8800048828125,222.69000244140625,32970500,0.0,0.0,218.70599975585938,223.63799896240235
2025-08-11 00:00:00-04:00,221.77999877929688,223.0500030517578,220.3999938964844,221.3000030517578,31646200,0.0,0.0,220.63600158691406,222.48899993896484
2025-08-12 00:00:00-04:00,222.22999572753903,223.5,219.0500030517578,221.47000122070312,37185800,0.0,0.0,222.18000183105468,221.53500061035157
2025-08-13 00:00:00-04:00,222.0,224.9199981689453,222.0,224.55999755859372,36508300,0.0,0.0,222.6300018310547,220.9720001220703
2025-08-14 00:00:00-04:00,227.3999938964844,233.1100006103516,227.0200042724609,230.97999572753903,61545800,0.0,0.0,224.2,220.65899963378905
2025-08-15 00:00:00-04:00,232.5800018310547,234.0800018310547,229.80999755859372,231.02999877929688,39649200,0.0,0.0,225.8679992675781,222.28699951171876
2025-08-18 00:00:00-04:00,230.22999572753903,231.91000366210935,228.3300018310547,231.4900054931641,25248900,0.0,0.0,227.90599975585937,224.27100067138673
2025-08-19 00:00:00-04:00,230.08999633789065,230.52999877929688,227.1199951171875,228.00999450683597,29891000,0.0,0.0,229.21399841308593,225.6970001220703
2025-08-20 00:00:00-04:00,227.1199951171875,227.2700042724609,220.9199981689453,223.80999755859372,36604300,0.0,0.0,229.06399841308593,225.8470001220703
2025-08-21 00:00:00-04:00,222.6499938964844,222.77999877929688,220.5,221.9499969482422,32140500,0.0,0.0,227.25799865722655,225.72899932861327
2025-08-22 00:00:00-04:00,222.7899932861328,229.13999938964844,220.82000732421875,228.83999633789065,37315300,0.0,0.0,226.81999816894532,226.34399871826173
2025-08-25 00:00:00-04:00,227.3500061035156,229.6000061035156,227.30999755859372,227.94000244140625,22633700,0.0,0.0,226.10999755859376,227.00799865722655
2025-08-26 00:00:00-04:00,227.1100006103516,229.0,226.0200042724609,228.7100067138672,26105400,0.0,0.0,226.25,227.73199920654298
2025-08-27 00:00:00-04:00,228.57000732421875,229.8699951171875,227.80999755859372,229.1199951171875,21254500,0.0,0.0,227.31199951171874,228.18799896240233
2025-08-28 00:00:00-04:00,229.00999450683597,232.7100067138672,228.0200042724609,231.6000061035156,33679600,0.0,0.0,229.24200134277345,228.25
2025-08-29 00:00:00-04:00,231.32000732421875,231.80999755859372,228.16000366210935,229.0,26199200,0.0,0.0,229.2740020751953,228.0470001220703
2025-09-02 00:00:00-04:00,223.5200042724609,226.1699981689453,221.8300018310547,225.33999633789065,38843900,0.0,0.0,228.75400085449218,227.43199920654297
2025-09-03 00:00:00-04:00,225.2100067138672,227.1699981689453,224.3600006103516,225.9900054931641,29223100,0.0,0.0,228.21000061035156,227.2300003051758
2025-09-04 00:00:00-04:00,231.19000244140625,235.7700042724609,230.77999877929688,235.67999267578125,59391800,0.0,0.0,229.52200012207032,228.41699981689453
2025-09-05 00:00:00-04:00,235.19000244140625,236.0,231.92999267578125,232.3300018310547,36721800,0.0,0.0,229.66799926757812,229.4550003051758
2025-09-08 00:00:00-04:00,234.94000244140625,237.6000061035156,233.75,235.83999633789065,33947100,0.0,0.0,231.03599853515624,230.15500030517578
2025-09-09 00:00:00-04:00,236.3600006103516,238.8500061035156,235.0800018310547,238.2400054931641,27033800,0.0,0.0,233.61600036621093,231.18500061035155
2025-09-10 00:00:00-04:00,237.5200042724609,237.67999267578125,229.1000061035156,230.3300018310547,60907700,0.0,0.0,234.48399963378907,231.3470001220703
2025-09-11 00:00:00-04:00,231.4900054931641,231.52999877929688,229.33999633789065,229.9499969482422,37485600,0.0,0.0,233.33800048828124,231.43000030517578
2025-09-12 00:00:00-04:00,230.3500061035156,230.7899932861328,226.2899932861328,228.1499938964844,38496200,0.0,0.0,232.50199890136724,231.08499908447266
2025-09-15 00:00:00-04:00,230.6300048828125,233.72999572753903,230.32000732421875,231.42999267578125,33243300,0.0,0.0,231.6199981689453,231.32799835205077
2025-09-16 00:00:00-04:00,232.94000244140625,235.8999938964844,232.22999572753903,234.0500030517578,38203900,0.0,0.0,230.78199768066406,232.1989990234375
2025-09-17 00:00:00-04:00,233.7700042724609,234.3000030517578,228.7100067138672,231.6199951171875,42815200,0.0,0.0,231.0399963378906,232.76199798583986
2025-09-18 00:00:00-04:00,232.5,233.47999572753903,228.7899932861328,231.22999572753903,37931700,0.0,0.0,231.29599609375,232.31699829101564
2025-09-19 00:00:00-04:00,232.3699951171875,234.16000366210935,229.6999969482422,231.47999572753903,97943200,0.0,0.0,231.96199645996094,232.23199768066405
2025-09-22 00:00:00-04:00,230.55999755859372,230.57000732421875,227.50999450683597,227.6300048828125,45914500,0.0,0.0,231.20199890136718,231.41099853515624
2025-09-23 00:00:00-04:00,227.8300018310547,227.8600006103516,220.07000732421875,220.7100067138672,70956200,0.0,0.0,228.53399963378905,229.65799865722656
2025-09-24 00:00:00-04:00,224.1499938964844,224.55999755859372,219.4499969482422,220.2100067138672,49509000,0.0,0.0,226.252001953125,228.6459991455078
2025-09-25 00:00:00-04:00,220.05999755859372,220.6699981689453,216.47000122070312,218.1499938964844,52226300,0.0,0.0,223.63600158691406,227.46599884033202
2025-09-26 00:00:00-04:00,219.0800018310547,221.0500030517578,218.0200042724609,219.77999877929688,41600900,0.0,0.0,221.29600219726564,226.62899932861328
