Date,Open,High,Low,Close,Volume,Dividends,Stock Splits,MA_5,MA_10
2020-09-28 00:00:00-04:00,73.09536442492873,73.14501739118445,71.81867020192774,72.43342590332031,30784000,0.0,0.0,,
2020-09-29 00:00:00-04:00,72.69412780151184,73.0958523244427,72.20201563977825,72.79890441894531,31816000,0.0,0.0,,
2020-09-30 00:00:00-04:00,72.54663995974896,73.80098915091598,72.28941896718779,72.77804565429688,40924000,0.0,0.0,,
2020-10-01 00:00:00-04:00,73.67485304245847,74.24144839111797,73.33420025236212,73.8853988647461,32884000,0.0,0.0,,
2020-10-02 00:00:00-04:00,72.4815909596404,73.44494787809407,71.8717983052176,72.2814712524414,31222000,0.0,0.0,72.83544921875,
2020-10-05 00:00:00-04:00,72.63156046251407,73.7265095240155,72.50443886698714,73.63365173339844,21602000,0.0,0.0,73.07549438476562,
2020-10-06 00:00:00-04:00,73.26965381491353,73.71756095605366,71.7555984119484,72.05403900146484,26096000,0.0,0.0,72.92652130126953,
2020-10-07 00:00:00-04:00,72.46570105992748,72.94539430554703,71.1706323457871,72.45726013183594,36108000,0.0,0.0,72.86236419677735,
2020-10-08 00:00:00-04:00,72.77058531432361,73.89184952600075,72.77058531432361,73.6634292602539,26076000,0.0,0.0,72.8179702758789,
2020-10-09 00:00:00-04:00,74.13169593873137,75.0746929289685,73.84070370541384,75.00517272949219,32966000,0.0,0.0,73.36271057128906,73.09907989501953
2020-10-12 00:00:00-04:00,76.37324269858246,78.87697017179133,75.94121726115524,77.69363403320312,55344000,0.0,0.0,74.17470703125,73.6251007080078
2020-10-13 00:00:00-04:00,78.31038496240312,78.71509484567285,77.39768128178348,77.81678771972656,39072000,0.0,0.0,75.32725677490234,74.12688903808593
2020-10-14 00:00:00-04:00,78.19071970768324,78.65004562010033,76.76554399767635,77.63653564453125,33174000,0.0,0.0,76.36311187744141,74.61273803710938
2020-10-15 00:00:00-04:00,76.69602546749853,78.03181374739641,76.52868444146476,77.24076843261719,31210000,0.0,0.0,77.07857971191406,74.94827499389649
2020-10-16 00:00:00-04:00,77.55658351214443,78.34514345056063,77.34951558739077,77.84807586669922,34194000,0.0,0.0,77.64716033935547,75.50493545532227
2020-10-19 00:00:00-04:00,78.25675108360606,78.65401262927215,75.6244093541497,75.97349548339844,29734000,0.0,0.0,77.30313262939453,75.73891983032226
2020-10-20 00:00:00-04:00,75.63383961797923,78.1529637060246,75.5042327506913,77.02275848388672,41670000,0.0,0.0,77.14432678222656,76.23579177856445
2020-10-21 00:00:00-04:00,77.95483057781071,80.20382232049026,77.82026068582488,78.75630187988281,60322000,0.0,0.0,77.36828002929687,76.86569595336914
2020-10-22 00:00:00-04:00,78.70714832278779,80.11841230278098,78.33372441699296,79.78273010253906,30512000,0.0,0.0,77.87667236328124,77.47762603759766
2020-10-23 00:00:00-04:00,80.19936290074068,81.14633045232473,80.04343304769533,81.0897216796875,30548000,0.0,0.0,78.5250015258789,78.0860809326172
2020-10-26 00:00:00-04:00,80.19687961430068,80.92088242116448,77.85205190328901,78.6718978881836,35826000,0.0,0.0,79.06468200683594,78.18390731811523
2020-10-27 00:00:00-04:00,78.90231064798252,79.5513301261755,78.30939985271544,79.39640045166016,25902000,0.0,0.0,79.53941040039062,78.3418685913086
2020-10-28 00:00:00-04:00,76.96964134164946,77.15833472903837,74.90736499185117,75.02256774902344,45174000,0.0,0.0,78.79266357421875,78.08047180175781
2020-10-29 00:00:00-04:00,75.33143128379692,78.8928663291568,75.30809370967367,77.31078338623047,55406000,0.0,0.0,78.29827423095703,78.08747329711915
2020-10-30 00:00:00-04:00,82.80090867371322,83.49015505977545,79.52996615344526,80.25198364257812,99878000,0.0,0.0,78.13072662353515,78.32786407470704
2020-11-02 00:00:00-05:00,80.6209489181996,82.34406497588512,80.1591301740816,80.65968322753906,44228000,0.0,0.0,78.52828369140624,78.79648284912109
2020-11-03 00:00:00-05:00,80.97947599539556,82.38179892514135,80.05336078632573,81.71936798095703,31432000,0.0,0.0,78.99287719726563,79.26614379882812
2020-11-04 00:00:00-05:00,84.69485294507058,87.89528301491228,84.56673875495531,86.69456481933594,71342000,0.0,0.0,81.32727661132813,80.05997009277344
2020-11-05 00:00:00-05:00,87.91613094031692,88.97731615159634,86.45520644116196,87.52135467529297,39758000,0.0,0.0,83.36939086914063,80.83383255004883
2020-11-06 00:00:00-05:00,86.96717561402848,87.8193000919502,86.23919489785555,87.38380432128906,28622000,0.0,0.0,84.7957550048828,81.46324081420899
2020-11-09 00:00:00-05:00,89.18388779864829,90.22222032962502,87.27554876417429,87.46772003173828,53440000,0.0,0.0,86.15736236572266,82.34282302856445
2020-11-10 00:00:00-05:00,85.89607908705958,87.3664373254004,85.21825130415988,86.29085540771484,43022000,0.0,0.0,87.07165985107422,83.03226852416992
2020-11-11 00:00:00-05:00,86.82118593096598,87.54121828786089,86.55601653319594,86.76309204101562,31838000,0.0,0.0,87.08536529541016,84.20632095336914
2020-11-12 00:00:00-05:00,86.5033783796767,87.64450998714952,86.30325868083496,86.54409790039062,26474000,0.0,0.0,86.8899139404297,85.12965240478516
2020-11-13 00:00:00-05:00,86.80133091890704,88.24785142887573,86.20444969646104,88.00601959228516,29744000,0.0,0.0,87.01435699462891,85.90505599975586
2020-11-16 00:00:00-05:00,87.60279824360163,89.10245712996237,87.46325773434673,88.09391021728516,25468000,0.0,0.0,87.13959503173828,86.64847869873047
2020-11-17 00:00:00-05:00,87.78751124071985,88.24833735543017,87.37188272826951,87.4796371459961,21314000,0.0,0.0,87.37735137939453,87.22450561523438
2020-11-18 00:00:00-05:00,87.23037529814633,87.64551138386834,86.33306063406765,86.43585205078125,20108000,0.0,0.0,87.31190338134766,87.19863433837891
2020-11-19 00:00:00-05:00,86.06788281961194,87.57051951755538,85.90848264103154,87.32620239257812,20106000,0.0,0.0,87.46832427978515,87.17911911010742
2020-11-20 00:00:00-05:00,87.49652779946634,87.81235033915841,86.15577659553901,86.22430419921875,27694000,0.0,0.0,87.11198120117187,87.06316909790038
2020-11-23 00:00:00-05:00,86.41499850151588,86.7015202893933,84.92328790810002,85.78633117675781,22530000,0.0,0.0,86.65046539306641,86.89503021240235
2020-11-24 00:00:00-05:00,85.78334081970468,87.71898790033936,85.44715853732825,87.59087371826172,27984000,0.0,0.0,86.67271270751954,87.02503204345703
2020-11-25 00:00:00-05:00,87.78504024540288,87.91265434022236,86.81919809848146,87.602294921875,19600000,0.0,0.0,86.90600128173828,87.10895233154297
2020-11-27 00:00:00-05:00,87.62265137734866,89.23503517364202,87.62265137734866,88.73895263671875,14790000,0.0,0.0,87.18855133056641,87.32843780517578
2020-11-30 00:00:00-05:00,88.17434731574909,88.40723809758074,86.79336923358123,87.11912536621094,32418000,0.0,0.0,87.36751556396484,87.23974838256837
2020-12-01 00:00:00-05:00,87.72793854870284,90.46207946719032,87.5476785104843,89.15310668945312,37350000,0.0,0.0,88.0408706665039,87.34566802978516
2020-12-02 00:00:00-05:00,89.15310829223527,91.00930935976088,88.64709964033578,90.62346649169922,29424000,0.0,0.0,88.6473892211914,87.66005096435546
2020-12-03 00:00:00-05:00,90.40347565496144,91.55999635366734,90.2276861454191,90.46803283691406,24728000,0.0,0.0,89.22053680419921,88.06326904296876
2020-12-04 00:00:00-05:00,90.38759548256864,90.8484140892729,90.05836139867917,90.56338500976562,20544000,0.0,0.0,89.58542327880859,88.3869873046875
2020-12-07 00:00:00-05:00,90.15568118177276,90.83797937404678,89.53446984443129,90.22917938232422,22288000,0.0,0.0,90.20743408203126,88.78747482299805
2020-12-08 00:00:00-05:00,89.80660353736675,90.17654956657849,88.95050853973332,89.94613647460938,19936000,0.0,0.0,90.3660400390625,89.20345535278321
2020-12-09 00:00:00-05:00,89.8979570205451,90.79229370200468,87.49652084591008,88.28408813476562,31728000,0.0,0.0,89.89816436767578,89.2727767944336
2020-12-10 00:00:00-05:00,87.5263191448489,88.14157486879887,86.08277656751567,87.77709197998047,28688000,0.0,0.0,89.35997619628907,89.29025650024414
2020-12-11 00:00:00-05:00,87.39721213285257,88.25678497137464,87.03669966329481,88.13214111328125,18628000,0.0,0.0,88.87372741699218,89.2295753479004
2020-12-14 00:00:00-05:00,87.92954487062023,88.87700490171588,86.85743340263497,87.01286315917969,33050000,0.0,0.0,88.23046417236328,89.21894912719726
2020-12-15 00:00:00-05:00,87.39025704522699,87.59583985286919,86.48699444327288,87.45084381103516,21352000,0.0,0.0,87.73140563964844,89.04872283935546
2020-12-16 00:00:00-05:00,87.84958566273735,87.84958566273735,86.85395784860822,87.2576675415039,24676000,0.0,0.0,87.5261215209961,88.71214294433594
2020-12-17 00:00:00-05:00,87.59237404777944,87.73042186459409,85.96460093493897,86.42938995361328,34880000,0.0,0.0,87.25658111572265,88.30827865600585
2020-12-18 00:00:00-05:00,86.71045239928884,86.81919943152793,85.16262570212646,85.71977996826172,85256000,0.0,0.0,86.77410888671875,87.82391815185547
2020-12-21 00:00:00-05:00,84.87113629069282,86.25509235125325,84.11981793066384,86.13392639160156,33974000,0.0,0.0,86.59832153320312,87.41439285278321
2020-12-22 00:00:00-05:00,85.87421449147438,86.03709256654695,84.70478234258736,85.42183685302734,20370000,0.0,0.0,86.19252014160156,86.961962890625
2020-12-23 00:00:00-05:00,85.60607168641371,86.60815530253585,85.47050159575537,85.81959533691406,22974000,0.0,0.0,85.9049057006836,86.71551361083985
2020-12-24 00:00:00-05:00,85.8578235085603,86.52373235094736,85.62691792776171,86.11405944824219,9312000,0.0,0.0,85.84183959960937,86.54921035766601
2020-12-28 00:00:00-05:00,86.64788120786828,88.73796554394026,86.49444423582476,88.0904312133789,27650000,0.0,0.0,86.31596984863282,86.54503936767578
2020-12-29 00:00:00-05:00,88.7493978086226,88.81096960706013,87.1543957516824,87.2859878540039,19726000,0.0,0.0,86.54638214111328,86.57235183715821
2020-12-30 00:00:00-05:00,87.6455031107277,87.78255832007542,85.80817679890423,86.21784973144531,21026000,0.0,0.0,86.70558471679688,86.44905242919921
2020-12-31 00:00:00-05:00,86.26849355045843,87.27306236049445,86.20989199835125,87.03173065185547,21070000,0.0,0.0,86.94801177978516,86.42645874023438
2021-01-04 00:00:00-05:00,87.39721327969764,87.52085695769506,84.77231967368576,85.71531677246094,37324000,0.0,0.0,86.8682632446289,86.35505142211915
2021-01-05 00:00:00-05:00,85.66366258618784,86.74321469351275,85.25696751822113,86.40653991699219,20360000,0.0,0.0,86.53148498535157,86.4237274169922
2021-01-06 00:00:00-05:00,84.43067500335674,86.60120576827877,84.22409958830787,85.55392456054688,46588000,0.0,0.0,86.18507232666016,86.36572723388672
2021-01-07 00:00:00-05:00,85.74659668999963,88.28211046401697,85.74659668999963,88.10930633544922,41936000,0.0,0.0,86.56336364746093,86.63447418212891
2021-01-08 00:00:00-05:00,88.24933551484223,89.3517327598918,87.4577901976101,89.2757568359375,35484000,0.0,0.0,87.01216888427734,86.98009033203125
2021-01-11 00:00:00-05:00,88.24238133150995,88.60786440316203,87.00690685691502,87.21298217773438,34796000,0.0,0.0,87.31170196533203,87.08998260498046
2021-01-12 00:00:00-05:00,86.67022716182484,87.78950631707407,85.23115504466647,86.27644348144531,29528000,0.0,0.0,87.28568267822266,86.90858383178711
2021-01-13 00:00:00-05:00,85.7744115724748,87.21796188202141,85.7744115724748,86.76409149169922,23432000,0.0,0.0,87.52771606445313,86.85639419555665
2021-01-14 00:00:00-05:00,86.84451442090425,87.7721222794628,85.7123239531653,85.95316314697266,29212000,0.0,0.0,87.09648742675782,86.82992553710938
2021-01-15 00:00:00-05:00,85.85881921797849,86.78244915170757,84.9992539543371,85.78929901123047,31444000,0.0,0.0,86.39919586181641,86.70568237304687
2021-01-19 00:00:00-05:00,86.5530367998629,89.5741993642567,86.04802079890773,88.61233520507812,41660000,0.0,0.0,86.67906646728515,86.9953842163086
2021-01-20 00:00:00-05:00,90.69298282591129,94.33536450070083,90.35233758264768,93.3595962524414,64152000,0.0,0.0,88.09569702148437,87.69068984985351
2021-01-21 00:00:00-05:00,94.03393956655104,95.94227110893598,93.32681109981424,93.56218719482422,58634000,0.0,0.0,89.45531616210937,88.49151611328125
2021-01-22 00:00:00-05:00,93.92518905965122,94.56726028066228,93.1823116416054,93.97981262207033,32744000,0.0,0.0,91.0606460571289,89.07856674194336
2021-01-25 00:00:00-05:00,94.98190543815456,95.43279798699298,92.32125523928354,94.06522369384766,50586000,0.0,0.0,92.71583099365235,89.55751342773438
2021-01-26 00:00:00-05:00,93.65355545034816,95.13136173836658,93.16393621934256,94.74403381347656,31462000,0.0,0.0,93.94217071533203,90.3106185913086
2021-01-27 00:00:00-05:00,93.10335885414128,93.37945448291312,89.24844618847803,90.32402801513672,82512000,0.0,0.0,93.33505706787109,90.71537704467774
2021-01-28 00:00:00-05:00,90.92289423121268,93.75287039579504,90.92289423121268,92.0252914428711,55278000,0.0,0.0,93.02767791748047,91.24149703979492
2021-01-29 00:00:00-05:00,91.07286091482506,91.74423292058924,89.4609846616316,90.7421417236328,44530000,0.0,0.0,92.38014373779296,91.72039489746093
2021-02-01 00:00:00-05:00,91.59774264388165,95.12094344819168,91.59774264388165,94.00514221191406,40252000,0.0,0.0,92.36812744140624,92.5419792175293
2021-02-02 00:00:00-05:00,95.00127331523198,96.8008579514426,94.66558351835432,95.29872131347656,66332000,0.0,0.0,92.47906494140625,93.21061782836914
2021-02-03 00:00:00-05:00,102.57305820901132,104.6095117961337,99.98788364514652,102.23886108398438,97882000,0.0,0.0,94.86203155517578,94.09854431152344
2021-02-04 00:00:00-05:00,102.32525035691263,102.7562756387138,101.05798980789828,101.9781494140625,48596000,0.0,0.0,96.85260314941407,94.94014053344726
2021-02-05 00:00:00-05:00,102.27262078186465,104.07916128473674,101.79789812610616,103.7260971069336,29866000,0.0,0.0,99.44939422607422,95.91476898193359
2021-02-08 00:00:00-05:00,104.28077001063603,105.02563265356916,102.46082562034202,103.51206970214844,28828000,0.0,0.0,101.3507797241211,96.85945358276368
2021-02-09 00:00:00-05:00,103.02939215435124,104.2067727221709,102.79103824523524,103.0586929321289,21892000,0.0,0.0,102.90277404785157,97.6909194946289
2021-02-10 00:00:00-05:00,103.44353437120024,104.22514605872992,101.90911925986292,103.60939025878906,25102000,0.0,0.0,103.1768798828125,99.01945571899414
2021-02-11 00:00:00-05:00,103.83385461877602,103.9828210844542,102.73443512383678,103.7221221923828,20480000,0.0,0.0,103.52567443847656,100.18913879394532
2021-02-12 00:00:00-05:00,103.2761844765235,104.25592298130816,102.9683028144849,104.0339584350586,18990000,0.0,0.0,103.58724670410156,101.5183204650879
2021-02-16 00:00:00-05:00,103.8710913957422,106.52230792742778,103.8710913957422,104.81210327148438,31004000,0.0,0.0,103.84725341796874,102.59901657104493
2021-02-17 00:00:00-05:00,103.98182767192168,105.3950844927026,103.7022617169391,105.20539093017578,20294000,0.0,0.0,104.27659301757812,103.58968353271484
2021-02-18 00:00:00-05:00,104.5290554725159,105.37273908849392,103.94954865023568,104.56927490234376,22546000,0.0,0.0,104.46856994628907,103.82272491455078
2021-02-19 00:00:00-05:00,104.66760224999184,105.203404154816,103.45794305157632,103.72509765625,37938000,0.0,0.0,104.4691650390625,103.99741973876954
2021-02-22 00:00:00-05:00,101.97665882533312,103.30400607637004,101.69857799261982,102.00942993164062,29466000,0.0,0.0,104.0642593383789,103.82575302124023
2021-02-23 00:00:00-05:00,100.00971119855517,102.91517054370418,98.82984546220152,102.30040740966795,34658000,0.0,0.0,103.56192016601562,103.70458679199218
2021-02-24 00:00:00-05:00,100.80673050303888,103.7007716404692,100.6820942142908,103.47681427001952,22608000,0.0,0.0,103.21620483398438,103.74639892578125
2021-02-25 00:00:00-05:00,102.09236341525845,103.4365925447622,99.63729605423056,100.1070556640625,41548000,0.0,0.0,102.32376098632812,103.39616546630859
2021-02-26 00:00:00-05:00,100.80224662969428,102.12164534366852,99.36515987509816,100.40299987792967,40042000,0.0,0.0,101.65934143066406,103.06425323486329
2021-03-01 00:00:00-05:00,101.69857291071618,103.10040332291774,101.0242231365166,102.77415466308594,26060000,0.0,0.0,101.81228637695311,102.93827285766602
2021-03-02 00:00:00-05:00,102.53480408624812,104.01956628120942,102.1291091622479,102.51692962646484,25564000,0.0,0.0,101.85559082031249,102.70875549316406
2021-03-03 00:00:00-05:00,101.89472276716695,103.0884850858545,99.0170636352466,99.88160705566406,33892000,0.0,0.0,101.13654937744141,102.17637710571289
2021-03-04 00:00:00-05:00,100.05341822065624,103.01896452029509,99.58465124583256,100.99989318847656,49216000,0.0,0.0,101.31511688232422,101.81943893432617
2021-03-05 00:00:00-05:00,102.35156636872838,104.58863175555176,100.69449268365985,104.13526153564452,53100000,0.0,0.0,102.06156921386719,101.86045532226562
2021-03-08 00:00:00-05:00,103.48922828904088,104.96305669048871,99.57273635738918,99.68744659423828,36868000,0.0,0.0,101.44422760009766,101.6282569885254
2021-03-09 00:00:00-05:00,101.78548025372508,102.48912326397398,101.08282227095005,101.3191909790039,33920000,0.0,0.0,101.20467987060547,101.53013534545899
2021-03-10 00:00:00-05:00,102.3639776793979,102.3639776793979,100.27488613798953,101.11211395263672,27100000,0.0,0.0,101.45078125,101.29366531372071
2021-03-11 00:00:00-05:00,102.20607603435748,104.84040311495322,102.11818127805286,104.30757904052734,27702000,0.0,0.0,102.11231842041016,101.71371765136719
2021-03-12 00:00:00-05:00,103.10933995899494,103.1689265384566,100.92490535157664,101.79788208007812,33818000,0.0,0.0,101.64484252929688,101.85320587158203
2021-03-15 00:00:00-04:00,101.54861197733112,102.04567957460088,100.6950023183622,102.01837158203124,26168000,0.0,0.0,102.11102752685547,101.77762756347656
2021-03-16 00:00:00-04:00,102.59191553889649,104.960080725944,102.25921114107965,103.48078918457033,31900000,0.0,0.0,102.54334716796875,101.8740135192871
2021-03-17 00:00:00-04:00,102.71505934343304,104.23109987836467,101.5059003100196,103.3978500366211,26382000,0.0,0.0,103.00049438476563,102.22563781738282
2021-03-18 00:00:00-04:00,101.7075051591949,102.7289634312278,100.26744054557446,100.37470245361328,31700000,0.0,0.0,102.21391906738282,102.16311874389649
2021-03-19 00:00:00-04:00,100.79133336870828,101.15432355512716,99.46050826596426,100.65377807617188,46072000,0.0,0.0,101.98509826660157,101.81497039794922
2021-03-22 00:00:00-04:00,100.68704504624908,101.7154515294454,100.01020999362063,100.83899688720705,33536000,0.0,0.0,101.74922332763671,101.9301254272461
2021-03-23 00:00:00-04:00,101.2988353696234,102.49856099627006,100.70543206365292,101.36736297607422,28510000,0.0,0.0,101.3265380859375,101.93494262695313
2021-03-24 00:00:00-04:00,101.88529017608958,102.67186495267238,100.75508476350409,100.93038177490234,25218000,0.0,0.0,100.83304443359376,101.9167694091797
2021-03-25 00:00:00-04:00,100.75756134986057,101.58137767227184,99.12084735520357,100.92689514160156,35616000,0.0,0.0,100.9434829711914,101.57870101928711
2021-03-26 00:00:00-04:00,100.89363153792782,101.2710258819352,99.50619757196918,100.54305267333984,27978000,0.0,0.0,100.921337890625,101.45321807861328
2021-03-29 00:00:00-04:00,100.41541890802056,101.7586552860578,99.5856394185537,101.5888214111328,26492000,0.0,0.0,101.07130279541016,101.41026306152344
2021-03-30 00:00:00-04:00,101.94586758609552,102.42704590422224,101.11013243627151,101.62259674072266,27312000,0.0,0.0,101.12234954833984,101.22444381713868
2021-03-31 00:00:00-04:00,102.01636904021584,103.59845929099498,101.64890081306793,102.41958618164062,42570000,0.0,0.0,101.4201904296875,101.12661743164062
2021-04-01 00:00:00-04:00,103.89591057696796,106.0560073466186,103.85519106202273,105.75955200195312,39880000,0.0,0.0,102.38672180175782,101.66510238647462
2021-04-05 00:00:00-04:00,106.62211337456482,110.68608655978105,106.52577769061983,110.18801879882812,48510000,0.0,0.0,104.31571502685547,102.61852645874023
2021-04-06 00:00:00-04:00,109.78876861526744,110.63692268035108,109.3353983829006,109.70633697509766,35240000,0.0,0.0,105.93921813964843,103.5052604675293
2021-04-07 00:00:00-04:00,109.89703385350786,111.45627935995104,109.89703385350786,111.18465423583984,24134000,0.0,0.0,107.85162963867188,104.48698959350585
2021-04-08 00:00:00-04:00,112.42459741103764,112.81143286154771,111.38228678145336,111.75074768066406,28664000,0.0,0.0,109.71786193847656,105.56902618408203
2021-04-09 00:00:00-04:00,111.50295716552093,112.91968428318656,111.09675457023528,112.7558135986328,26146000,0.0,0.0,111.1171142578125,106.75191802978516
2021-04-12 00:00:00-04:00,111.93397929114464,112.07152700708664,110.62798445173745,111.46223449707033,25024000,0.0,0.0,111.37195739746093,107.84383621215821
2021-04-13 00:00:00-04:00,111.77854480380566,112.398271001274,111.38426106868891,111.9493637084961,25682000,0.0,0.0,111.82056274414063,108.87989044189453
2021-04-14 00:00:00-04:00,112.59492016611924,112.59492016611924,111.03518222254296,111.3276596069336,21002000,0.0,0.0,111.84916381835937,109.85039672851562
2021-04-15 00:00:00-04:00,112.32279939947108,114.01363687359006,111.787490029668,113.47981262207033,29174000,0.0,0.0,112.19497680664062,110.9564193725586
2021-04-16 00:00:00-04:00,113.6779530050074,113.92624054804652,112.76822708360964,113.35567474365234,26282000,0.0,0.0,112.31494903564453,111.71603164672851
2021-04-19 00:00:00-04:00,112.73148319799424,114.41536491519754,112.73148319799424,113.70377349853516,30290000,0.0,0.0,112.7632568359375,112.06760711669922
2021-04-20 00:00:00-04:00,114.08762678716784,114.16261011066196,112.08295945388272,113.16996002197266,22288000,0.0,0.0,113.00737609863282,112.41396942138672
2021-04-21 00:00:00-04:00,112.82433942501434,113.21911569548593,111.47216193615608,113.1371841430664,23204000,0.0,0.0,113.36928100585938,112.60922241210938
2021-04-22 00:00:00-04:00,112.99068363198704,113.66007037632106,111.24870053743062,111.85452270507812,24146000,0.0,0.0,113.04422302246094,112.61959991455078
2021-04-23 00:00:00-04:00,112.5735722203721,114.51617525978172,112.28804305693671,114.20879364013672,29066000,0.0,0.0,113.21484680175782,112.76489791870117
2021-04-26 00:00:00-04:00,114.43671312455784,115.43036333070552,114.07917847687918,114.70536041259766,32038000,0.0,0.0,113.41516418457032,113.0892105102539
2021-04-27 00:00:00-04:00,115.08772774296833,115.12844726225228,113.52500442771635,113.7643585205078,44386000,0.0,0.0,113.53404388427734,113.27070999145508
2021-04-28 00:00:00-04:00,118.80558735314312,120.73627149792708,116.85504353918805,117.14405059814452,81106000,0.0,0.0,114.33541717529297,113.85234909057617
2021-04-29 00:00:00-04:00,118.64319966263592,119.38458431397586,117.8794624667464,118.81848907470705,41234000,0.0,0.0,115.72821044921875,114.38621673583984
2021-04-30 00:00:00-04:00,117.5899671798416,118.27672829890145,116.52431905123296,116.8689422607422,44856000,0.0,0.0,116.26024017333984,114.73754348754883
2021-05-03 00:00:00-04:00,117.43553948952028,118.2618411752265,115.97511498373676,116.3515167236328,28242000,0.0,0.0,116.58947143554687,115.0023178100586
2021-05-04 00:00:00-04:00,114.88512675108498,115.45320725454022,112.06110599855704,114.55142974853516,44818000,0.0,0.0,116.74688568115235,115.14046478271484
2021-05-05 00:00:00-04:00,115.63397073423224,115.9502857994722,114.62343858766027,114.94571685791016,26636000,0.0,0.0,116.30721893310547,115.32131805419922
2021-05-06 00:00:00-04:00,114.52660004687344,116.06697845458984,113.86665436169554,116.06697845458984,25190000,0.0,0.0,115.75691680908203,115.7425636291504
2021-05-07 00:00:00-04:00,117.38488841676944,117.7503639113892,116.50445572255296,116.79097747802734,28898000,0.0,0.0,115.74132385253907,116.00078201293945
2021-05-10 00:00:00-04:00,115.60962221755646,115.75164801717878,113.44455468092164,113.8025894165039,30914000,0.0,0.0,115.23153839111328,115.91050491333007
2021-05-11 00:00:00-04:00,111.38527374593276,113.2330262278343,110.93090328870252,112.72552490234376,34186000,0.0,0.0,114.866357421875,115.80662155151367
2021-05-12 00:00:00-04:00,110.54704678651926,111.62908428486004,108.92969990964455,109.25892639160156,46376000,0.0,0.0,113.72899932861328,115.01810913085937
2021-05-13 00:00:00-04:00,110.54355688396664,111.20499516697444,109.58020014350784,110.68856048583984,33204000,0.0,0.0,112.65331573486328,114.20511627197266
2021-05-14 00:00:00-04:00,112.15347012836745,113.453501809493,111.7293930700352,113.138671875,31996000,0.0,0.0,111.92285461425782,113.83208923339843
2021-05-17 00:00:00-04:00,112.40325148353084,113.70477596083327,112.00301205906752,113.66207122802734,21598000,0.0,0.0,111.8947509765625,113.56314468383789
2021-05-18 00:00:00-04:00,114.32896221785582,114.59363909579048,112.33471351228611,112.34861755371094,22204000,0.0,0.0,111.81936950683594,113.34286346435547
2021-05-19 00:00:00-04:00,110.65828287821736,112.97033180771274,110.50980892808556,112.79702758789062,23684000,0.0,0.0,112.52698974609375,113.12799453735352
2021-05-20 00:00:00-04:00,113.76535047048326,114.80815356114393,113.39391177615244,114.55738830566406,32352000,0.0,0.0,113.30075531005859,112.97703552246094
2021-05-21 00:00:00-04:00,115.07679690474605,115.1502951037094,113.68092214088712,113.92076873779295,40632000,0.0,0.0,113.4571746826172,112.6900146484375
2021-05-24 00:00:00-04:00,114.95166574781727,117.46731220686212,114.80616961581153,117.2433624267578,31832000,0.0,0.0,114.17343292236328,113.03409194946289
2021-05-25 00:00:00-04:00,117.78761405946808,118.38350267342508,116.9434378916011,117.33424377441406,22440000,0.0,0.0,115.17055816650391,113.49496383666992
2021-05-26 00:00:00-04:00,117.51548046613216,118.63128926079746,117.51250265235856,118.20026397705078,21572000,0.0,0.0,116.25120544433594,114.38909759521485
2021-05-27 00:00:00-04:00,118.63426373987288,118.63426373987288,117.00599824507955,117.32479858398438,35224000,0.0,0.0,116.8046875,115.0527214050293
2021-05-28 00:00:00-04:00,117.90777785188578,117.98970940408962,116.83666658294216,117.03529357910156,21482000,0.0,0.0,117.42759246826172,115.44238357543945
2021-06-01 00:00:00-04:00,117.90877961712468,118.46841921616031,116.90768099049576,118.24346923828124,23354000,0.0,0.0,117.6276138305664,115.90052337646485
2021-06-02 00:00:00-04:00,118.63923515219538,118.86219991513654,116.8123349585416,117.71759796142578,21158000,0.0,0.0,117.70428466796875,116.43742141723632
2021-06-03 00:00:00-04:00,116.48310125637173,117.04373341126214,115.67815198832696,116.57496643066406,18696000,0.0,0.0,117.37922515869141,116.81521530151367
2021-06-04 00:00:00-04:00,117.65203751158096,119.1298438257502,117.31138472478672,118.85871124267578,24458000,0.0,0.0,117.68600769042969,117.24534759521484
2021-06-07 00:00:00-04:00,118.6536353921515,119.40197591277536,118.23452893652797,119.29222869873048,24120000,0.0,0.0,118.13739471435547,117.7824935913086
2021-06-08 00:00:00-04:00,119.77441274086056,120.1473365797577,118.91881026682869,119.10055541992188,24240000,0.0,0.0,118.30881195068359,117.968212890625
2021-06-09 00:00:00-04:00,119.74560799112476,119.81760592267354,119.02408294020918,119.57230377197266,17942000,0.0,0.0,118.67975311279297,118.19201889038087
2021-06-10 00:00:00-04:00,119.52164750239044,120.9656901710694,119.36572523374554,120.9224853515625,25904000,0.0,0.0,119.54925689697265,118.46424102783203
2021-06-11 00:00:00-04:00,121.16430711743824,121.2497165676458,120.11951131631872,120.67766571044922,21958000,0.0,0.0,119.91304779052734,118.79952774047851
2021-06-14 00:00:00-04:00,120.77997160978902,121.6072658902099,120.07185807853914,121.60677337646484,22098000,0.0,0.0,120.37595672607422,119.25667572021484
2021-06-15 00:00:00-04:00,121.6112350467546,121.93450591139118,120.22678650087968,120.58779907226562,21562000,0.0,0.0,120.67340545654297,119.49110870361328
2021-06-16 00:00:00-04:00,120.73925165647536,121.051103781599,118.65165259558208,119.94522857666016,26472000,0.0,0.0,120.74799041748047,119.71387176513672
2021-06-17 00:00:00-04:00,119.8707512752381,121.68324740306925,119.67460198441276,120.90958404541016,25842000,0.0,0.0,120.74541015625,120.14733352661133
2021-06-18 00:00:00-04:00,120.5356547671998,120.77003827045988,119.19291832944006,119.28826141357422,46116000,0.0,0.0,120.467529296875,120.19028854370117
2021-06-21 00:00:00-04:00,119.67509414601388,121.16431929234544,119.07721278021708,120.97810363769533,27414000,0.0,0.0,120.3417953491211,120.35887603759765
2021-06-22 00:00:00-04:00,120.91602469124716,121.56157377176068,120.23472669279212,121.49254608154295,22390000,0.0,0.0,120.52274475097656,120.59807510375977
2021-06-23 00:00:00-04:00,121.2571722246555,122.2523075521988,120.99995125396924,121.29044342041016,19148000,0.0,0.0,120.79178771972656,120.76988906860352
2021-06-24 00:00:00-04:00,121.85951566334282,122.2125798006143,121.46226168040718,121.660888671875,21362000,0.0,0.0,120.94204864501953,120.84372940063477
2021-06-25 00:00:00-04:00,121.16431840853278,121.79298566675084,120.73230051757878,121.6693344116211,34594000,0.0,0.0,121.4182632446289,120.94289627075196
2021-06-28 00:00:00-04:00,121.8381657792052,121.94394257241956,120.57389063199965,121.69664764404295,28526000,0.0,0.0,121.56197204589844,120.95188369750977
2021-06-29 00:00:00-04:00,121.83022049740784,122.1783216062728,120.8574301606362,121.43494415283205,23108000,0.0,0.0,121.55045166015626,121.0365982055664
2021-06-30 00:00:00-04:00,121.15886911705223,121.41957560768395,120.52325355413964,121.2532196044922,24474000,0.0,0.0,121.54300689697266,121.1673973083496
2021-07-01 00:00:00-04:00,120.89119713899788,121.74729205960752,120.699025863627,121.60577392578124,18110000,0.0,0.0,121.5319839477539,121.23701629638671
2021-07-02 00:00:00-04:00,122.30645097674478,124.54500938799978,122.21657100316573,124.3995132446289,25982000,0.0,0.0,122.07801971435546,121.74814147949219
2021-07-06 00:00:00-04:00,124.78782026461114,125.56198362512214,123.72912036717764,125.32561492919922,26404000,0.0,0.0,122.80381317138672,122.18289260864258
2021-07-07 00:00:00-04:00,126.29095680695026,126.41211517987148,125.28886567902164,125.607666015625,24060000,0.0,0.0,123.63835754394532,122.59440460205079
2021-07-08 00:00:00-04:00,123.17643727760102,124.73518256604956,123.17246685935096,124.18746185302734,23790000,0.0,0.0,124.22520599365234,122.8841064453125
2021-07-09 00:00:00-04:00,124.16860255332142,124.87323817975565,123.69834285244087,124.65872192382812,18632000,0.0,0.0,124.83579559326172,123.18388977050782
2021-07-12 00:00:00-04:00,125.31370552891468,126.19910128355671,124.75058804003152,126.10574340820312,17668000,0.0,0.0,125.17704162597656,123.62753067016601
2021-07-13 00:00:00-04:00,126.1682971474208,127.18031431277676,125.80679208640692,126.46922302246094,19240000,0.0,0.0,125.4057632446289,124.10478820800782
2021-07-14 00:00:00-04:00,127.08150096063406,128.4406342101762,127.03829614280257,127.35858917236328,23742000,0.0,0.0,125.75594787597656,124.69715270996093
2021-07-15 00:00:00-04:00,127.7677685685234,127.818414131509,125.66328024495256,126.13502502441406,24218000,0.0,0.0,126.14546051025391,125.18533325195312
2021-07-16 00:00:00-04:00,126.78853463100182,126.93601597931936,125.28937581428032,126.10028076171876,20424000,0.0,0.0,126.43377227783203,125.63478393554688
2021-07-19 00:00:00-04:00,125.22580675306436,125.34051699003123,122.65900702825122,123.72466278076172,27968000,0.0,0.0,125.95755615234376,125.56729888916016
2021-07-20 00:00:00-04:00,124.66764318799022,126.1727650457549,123.49871117973804,125.34497833251952,26312000,0.0,0.0,125.73270721435547,125.5692352294922
2021-07-21 00:00:00-04:00,125.26949980768543,126.72198337355782,125.1602526883188,126.67530822753906,20746000,0.0,0.0,125.59605102539062,125.67599945068359
2021-07-22 00:00:00-04:00,126.96829591308182,127.6029188301967,126.625657881777,127.54183197021484,14302000,0.0,0.0,125.87741241455078,126.01143646240234
2021-07-23 00:00:00-04:00,129.5370668627534,132.4852389018451,128.9113925732457,132.10386657714844,41506000,0.0,0.0,127.07812957763672,126.75595092773438
2021-07-26 00:00:00-04:00,132.41520936206135,133.31747924825922,131.395236286255,133.1168670654297,30572000,0.0,0.0,128.95657043457032,127.45706329345703
2021-07-27 00:00:00-04:00,133.33091486736993,133.47839621773178,129.21281791360002,130.9965057373047,54710000,0.0,0.0,130.08687591552734,127.9097915649414
2021-07-28 00:00:00-04:00,135.37828272257383,137.3496864200583,134.3508687484611,135.16177368164062,95130000,0.0,0.0,131.78416900634767,128.69011001586915
2021-07-29 00:00:00-04:00,135.21737333735683,135.72487458929427,134.61453659090066,134.84742736816406,31716000,0.0,0.0,133.2452880859375,129.56135025024415
2021-07-30 00:00:00-04:00,134.11002362301198,134.3776782948477,133.3353677791156,133.8036346435547,25576000,0.0,0.0,133.58524169921876,130.33168563842773
2021-08-02 00:00:00-04:00,134.19146975087898,134.40946389978131,132.877534075771,133.93077087402344,21634000,0.0,0.0,133.7480224609375,131.3522964477539
2021-08-03 00:00:00-04:00,134.20933862806302,134.80224938250032,132.40628376383424,134.70095825195312,20762000,0.0,0.0,134.4889129638672,132.28789443969725
2021-08-04 00:00:00-04:00,134.42238532887288,134.72033341925697,133.5657902518696,134.19992065429688,19676000,0.0,0.0,134.29654235839843,133.04035568237305
2021-08-05 00:00:00-04:00,134.75111884255372,135.4160427554173,133.9223318061905,135.31820678710938,17870000,0.0,0.0,134.3906982421875,133.8179931640625
2021-08-06 00:00:00-04:00,135.11013410578906,135.53768146813212,134.28383249025302,134.80870056152344,20488000,0.0,0.0,134.59171142578126,134.0884765625
2021-08-09 00:00:00-04:00,135.01131691269555,136.24431365244018,134.41243537983704,135.97515869140625,17760000,0.0,0.0,135.0005889892578,134.37430572509766
2021-08-10 00:00:00-04:00,136.40122739389997,136.82878994271528,135.4304297601133,135.86990356445312,19414000,0.0,0.0,135.2343780517578,134.8616455078125
2021-08-11 00:00:00-04:00,136.24181905832265,136.73937911872332,135.33804886119853,135.3455047607422,15352000,0.0,0.0,135.46349487304687,134.88001861572266
2021-08-12 00:00:00-04:00,135.04408266615167,136.35951864766164,134.49786220697922,136.25424194335938,16506000,0.0,0.0,135.65070190429688,135.02070007324218
2021-08-13 00:00:00-04:00,136.30985037406484,136.91220221013,136.09434153184176,136.78407287597656,15948000,0.0,0.0,136.0457763671875,135.31874389648436
2021-08-16 00:00:00-04:00,136.5829646713406,137.41473699232492,134.37221455743094,137.36209106445312,22384000,0.0,0.0,136.3231628417969,135.66187591552733
2021-08-17 00:00:00-04:00,136.80644785628982,137.3184197232231,135.14987395556926,135.72540283203125,21716000,0.0,0.0,136.2942626953125,135.76432037353516
2021-08-18 00:00:00-04:00,135.56499013268993,136.16535676998893,134.39456539418998,134.5211944580078,19258000,0.0,0.0,136.12940063476563,135.79644775390625
2021-08-19 00:00:00-04:00,133.51464330667287,135.418504459747,133.33041285553048,134.7506103515625,21782000,0.0,0.0,135.82867431640625,135.73968811035155
2021-08-20 00:00:00-04:00,135.06843130244778,136.61178760876336,134.32356862982397,136.48814392089844,31194000,0.0,0.0,135.7694885253906,135.90763244628906
2021-08-23 00:00:00-04:00,137.02441648321607,139.90951622851577,136.6648966422779,139.0822296142578,28454000,0.0,0.0,136.11351623535157,136.2183395385742
2021-08-24 00:00:00-04:00,139.64832759063572,141.1067743975744,139.3772025716941,140.29388427734375,19268000,0.0,0.0,137.02721252441407,136.66073760986328
2021-08-25 00:00:00-04:00,140.65490418405014,141.2155364091785,140.40761680333262,141.1057891845703,15848000,0.0,0.0,138.34413146972656,137.23676605224608
2021-08-26 00:00:00-04:00,140.7790231777631,141.44194660984968,140.38870986385697,140.47164916992188,20610000,0.0,0.0,139.48833923339845,137.65850677490235
2021-08-27 00:00:00-04:00,140.68221433857994,143.5226247039165,140.52777716885453,143.01760864257812,28780000,0.0,0.0,140.7942321777344,138.2818603515625
2021-08-30 00:00:00-04:00,143.41088134582995,144.9706345087551,143.17550523578328,143.60008239746094,24434000,0.0,0.0,141.697802734375,138.9056594848633
2021-08-31 00:00:00-04:00,144.15277422389678,144.17709682612852,143.29270882385984,143.7063446044922,22448000,0.0,0.0,142.3802947998047,139.70375366210936
2021-09-01 00:00:00-04:00,144.00677094284313,145.25217904174795,143.8910681023776,144.22079467773438,21936000,0.0,0.0,143.0032958984375,140.67371368408203
2021-09-02 00:00:00-04:00,144.2213144723881,144.5227329152527,142.20422043422548,142.30552673339844,32342000,0.0,0.0,143.3700714111328,141.42920532226563
2021-09-03 00:00:00-04:00,142.10043075100694,143.16756408093735,141.4250807432199,142.75491333007812,19850000,0.0,0.0,143.31753234863282,142.0558822631836
2021-09-07 00:00:00-04:00,142.84924647049465,143.5747418670663,142.63522275228055,143.2921905517578,20124000,0.0,0.0,143.25595397949218,142.47687835693358
2021-09-08 00:00:00-04:00,143.11293622697437,143.41086913513237,142.02046504950178,142.70672607421875,18344000,0.0,0.0,143.0560302734375,142.7181625366211
2021-09-09 00:00:00-04:00,142.85523305878948,143.3220149038084,142.1967799984015,142.5577850341797,15314000,0.0,0.0,142.72342834472656,142.86336212158204
2021-09-10 00:00:00-04:00,143.22465834616918,143.72720419740523,139.7739707968701,139.91102600097656,36840000,0.0,0.0,142.2445281982422,142.8072998046875
2021-09-13 00:00:00-04:00,140.9771718765766,141.9708221964238,140.28246983807614,141.35755920410156,22094000,0.0,0.0,141.96505737304688,142.64129486083985
2021-09-14 00:00:00-04:00,142.01599943041023,142.38098998687326,140.779032265316,141.56808471679688,19674000,0.0,0.0,141.6202362060547,142.43809509277344
2021-09-15 00:00:00-04:00,141.79355293537884,143.46105308177107,140.3793109563561,143.44020080566406,27408000,0.0,0.0,141.76693115234374,142.41148071289064
2021-09-16 00:00:00-04:00,142.9644492148849,143.31155770924323,141.426063761718,142.62628173828125,26190000,0.0,0.0,141.78063049316407,142.2520294189453
2021-09-17 00:00:00-04:00,142.0507769006327,142.4673980896483,139.50781463441865,139.83555603027344,53384000,0.0,0.0,141.76553649902343,142.00503234863282
2021-09-20 00:00:00-04:00,137.21512586800517,138.04788331383995,135.38823315495145,137.76930236816406,46518000,0.0,0.0,141.04788513183593,141.5064712524414
2021-09-21 00:00:00-04:00,138.79222650353563,139.05244043758358,137.33080952468467,138.0806427001953,25332000,0.0,0.0,140.35039672851562,140.98531646728514
2021-09-22 00:00:00-04:00,138.3497879973125,139.92193727417347,137.60244009203043,139.32257080078125,25056000,0.0,0.0,139.52687072753906,140.64690093994142
2021-09-23 00:00:00-04:00,140.02175258286653,140.72589563920047,139.43976807979007,140.24868774414062,20952000,0.0,0.0,139.05135192871094,140.4159912109375
2021-09-24 00:00:00-04:00,139.57583007870917,141.35556254003694,139.28036730337084,141.2408447265625,22984000,0.0,0.0,139.33240966796876,140.5489730834961
2021-09-27 00:00:00-04:00,139.84001289276725,140.96624781578487,139.10806172640446,140.10568237304688,21882000,0.0,0.0,139.7996856689453,140.4237854003906
2021-09-28 00:00:00-04:00,137.70521237643976,138.14368592030414,134.43278493690093,134.89956665039062,45772000,0.0,0.0,139.16347045898436,139.75693359375
2021-09-29 00:00:00-04:00,136.0417012440677,136.21153513021474,132.94804827238903,133.43319702148438,30848000,0.0,0.0,137.985595703125,138.75623321533203
2021-09-30 00:00:00-04:00,133.3418297784705,134.6140457457326,132.64115703529495,132.7603302001953,37996000,0.0,0.0,136.48792419433593,137.76963806152344
2021-10-01 00:00:00-04:00,133.5265607466969,135.97270238352604,133.15462949952996,135.6077117919922,35360000,0.0,0.0,135.36129760742188,137.34685363769532
2021-10-04 00:00:00-04:00,135.02919100762176,135.02919100762176,130.152335016585,132.74395751953125,51202000,0.0,0.0,133.88895263671876,136.84431915283204
2021-10-05 00:00:00-04:00,133.12284448248417,136.28454028271238,133.12284448248417,135.0912628173828,32404000,0.0,0.0,133.9272918701172,136.54538116455078
2021-10-06 00:00:00-04:00,133.82699091338657,136.80644154596658,133.62836390206846,136.62271118164062,24364000,0.0,0.0,134.56519470214843,136.27539520263673
2021-10-07 00:00:00-04:00,137.94062025981415,139.08275211863085,137.7012737211679,138.27134704589844,25110000,0.0,0.0,135.66739807128906,136.0776611328125
2021-10-08 00:00:00-04:00,138.6209046044281,139.3697375825888,138.26387006026113,138.82798767089844,26526000,0.0,0.0,136.31145324707032,135.83637542724608
2021-10-11 00:00:00-04:00,138.33788008148647,139.7481514962856,137.90783223964974,137.96246337890625,17954000,0.0,0.0,137.35515441894532,135.62205352783204
2021-10-12 00:00:00-04:00,138.52460307915274,138.5514261393813,134.8300826580418,135.51437377929688,36332000,0.0,0.0,137.4397766113281,135.68353424072265
2021-10-13 00:00:00-04:00,136.46129734353676,137.05470814080826,135.58385011505686,136.6395721435547,19654000,0.0,0.0,137.44314880371093,136.0041717529297
2021-10-14 00:00:00-04:00,138.51861318495054,140.36934326581917,137.87405672252987,140.1841278076172,31894000,0.0,0.0,137.8257049560547,136.74655151367188
2021-10-15 00:00:00-04:00,140.64447543325574,140.74726684594384,139.79086571869038,140.399658203125,30274000,0.0,0.0,138.1400390625,137.22574615478516
2021-10-18 00:00:00-04:00,140.1101505005765,141.81786982944135,140.10319469147404,141.79998779296875,20396000,0.0,0.0,138.9075439453125,138.1313491821289
2021-10-19 00:00:00-04:00,142.4053106642603,142.6784360414776,141.6232140325782,142.25584411621094,20164000,0.0,0.0,140.2558380126953,138.84780731201172
2021-10-20 00:00:00-04:00,142.35615012808168,142.56273311314936,140.40808409613712,140.7978973388672,23288000,0.0,0.0,141.0875030517578,139.26532592773438
2021-10-21 00:00:00-04:00,140.79789009445648,141.18224778083288,139.5375854385603,140.91409301757812,26292000,0.0,0.0,141.23349609375,139.52960052490235
2021-10-22 00:00:00-04:00,138.19684070584688,139.6200235721843,135.12403988549715,136.6241912841797,50588000,0.0,0.0,140.47840270996093,139.30922088623046
2021-10-25 00:00:00-04:00,136.6078150016208,137.0547295671816,134.4963706145337,136.50552368164062,34412000,0.0,0.0,139.4195098876953,139.1635269165039
2021-10-26 00:00:00-04:00,138.3095581124509,139.12343319491293,137.3571275635801,138.354248046875,49236000,0.0,0.0,138.63919067382812,139.44751434326173
2021-10-27 00:00:00-04:00,138.4500773526693,147.6317444399886,138.4500773526693,145.21591186523438,85782000,0.0,0.0,139.52279357910157,140.30514831542968
2021-10-28 00:00:00-04:00,146.1266620424721,146.1499996170041,143.6363306801379,144.84996032714844,36206000,0.0,0.0,140.30996704101562,140.7717315673828
2021-10-29 00:00:00-04:00,144.0842642091845,147.2265932584735,143.65870196665412,147.0319366455078,43320000,0.0,0.0,142.39151611328126,141.4349594116211
2021-11-01 00:00:00-04:00,147.03192002619673,147.03192002619673,142.24442868736074,142.51406860351562,46924000,0.0,0.0,143.59322509765624,141.5063674926758
2021-11-02 00:00:00-04:00,143.589155856485,145.6047494341665,143.3468239373789,144.43630981445312,33482000,0.0,0.0,144.80963745117188,141.7244140625
2021-11-03 00:00:00-04:00,144.90110958293442,145.6643543689638,143.60058532417827,145.59384155273438,27494000,0.0,0.0,144.88522338867188,142.20400848388672
2021-11-04 00:00:00-04:00,146.1167161309597,148.70785360831633,145.30581121346245,147.25189208984375,38412000,0.0,0.0,145.36560974121093,142.8377883911133
2021-11-05 00:00:00-04:00,148.14769705089574,149.29776958351854,147.18187010538642,147.83238220214844,38354000,0.0,0.0,145.52569885253905,143.95860748291017
2021-11-08 00:00:00-05:00,148.79871470403364,149.58331179052777,147.41376612492647,148.01016235351562,23052000,0.0,0.0,146.62491760253906,145.10907135009765
2021-11-09 00:00:00-05:00,148.21078213972393,148.80816342631448,146.23639304016191,147.8984375,19530000,0.0,0.0,147.31734313964844,146.06349029541016
2021-11-10 00:00:00-05:00,146.4896364250964,147.05573924329605,143.54743538233325,144.89413452148438,29970000,0.0,0.0,147.17740173339843,146.03131256103515
2021-11-11 00:00:00-05:00,145.48607536348254,146.52491566576384,144.60315733615232,144.7680206298828,16518000,0.0,0.0,146.68062744140624,146.0231185913086
2021-11-12 00:00:00-05:00,145.61120416786628,147.83041049178345,144.4149564722252,147.65957641601562,22360000,0.0,0.0,146.64606628417968,146.08588256835938
2021-11-15 00:00:00-05:00,147.8805490402253,148.52510553842666,146.56412805215115,147.43511962890625,23508000,0.0,0.0,146.53105773925782,146.57798767089844
2021-11-16 00:00:00-05:00,147.13467743083916,147.74346975637175,146.30340532706882,146.86305236816406,18904000,0.0,0.0,146.32398071289063,146.82066192626954
2021-11-17 00:00:00-05:00,147.0135155370304,147.54186906071254,146.23141896443005,147.0328826904297,19594000,0.0,0.0,146.7517303466797,146.96456604003907
2021-11-18 00:00:00-05:00,147.22608793107534,149.5490709192898,146.87153861578025,148.81214904785156,35608000,0.0,0.0,147.56055603027343,147.12059173583984
2021-11-19 00:00:00-05:00,148.9481825616675,149.9324068330107,147.87906407861217,147.9063720703125,33682000,0.0,0.0,147.60991516113282,147.12799072265625
2021-11-22 00:00:00-05:00,148.30959419909644,148.80318386713506,145.14641349880958,145.2998504638672,30594000,0.0,0.0,147.182861328125,146.8569595336914
2021-11-23 00:00:00-05:00,145.1518776457965,145.65540854361367,143.1278431625673,144.78341674804688,27218000,0.0,0.0,146.76693420410157,146.5454574584961
2021-11-24 00:00:00-05:00,144.47703883261104,145.2477243987509,143.38408255604315,145.11911010742188,18040000,0.0,0.0,146.3841796875,146.56795501708984
2021-11-26 00:00:00-05:00,143.359739569914,143.56730760150222,140.87090840018158,141.20907592773438,30470000,0.0,0.0,144.86356506347656,146.212060546875
2021-11-29 00:00:00-05:00,143.01362696483886,145.29539012622988,142.9078501657201,144.5336456298828,32596000,0.0,0.0,144.18901977539062,145.89946746826172
2021-11-30 00:00:00-05:00,144.01520427034993,144.99991343522885,140.6315442102793,140.92552185058594,42068000,0.0,0.0,143.31415405273438,145.24850769042968
2021-12-01 00:00:00-05:00,143.01361658018308,144.95075636470054,139.9467715705473,140.08531188964844,34020000,0.0,0.0,142.3745330810547,144.57073364257812
2021-12-02 00:00:00-05:00,140.2824605205018,142.87905356135158,139.2540463739242,141.98670959472656,29194000,0.0,0.0,141.74805297851563,144.0661163330078
2021-12-03 00:00:00-05:00,142.69682410009432,143.41089332697956,139.3399713287488,141.02882385253906,41230000,0.0,0.0,141.71200256347657,143.28778381347655
2021-12-06 00:00:00-05:00,142.06067508092005,142.867109397249,139.18997198196627,142.1743927001953,30618000,0.0,0.0,141.24015197753906,142.71458587646484
2021-12-07 00:00:00-05:00,144.5991976891351,146.52045607098424,144.2327219717644,146.2607421875,32240000,0.0,0.0,142.30719604492188,142.81067504882813
2021-12-08 00:00:00-05:00,146.5854775642507,147.37653035976174,145.4031415660559,147.1714324951172,24270000,0.0,0.0,143.72442016601562,143.04947662353516
2021-12-09 00:00:00-05:00,146.58002202898808,148.0786882197915,146.10728463519155,146.627197265625,23270000,0.0,0.0,144.65251770019532,143.20028533935547
2021-12-10 00:00:00-05:00,147.6814183439783,147.9570138625122,145.6990885419643,146.98770141601562,24458000,0.0,0.0,145.84429321289062,143.77814788818358
2021-12-13 00:00:00-05:00,146.76921671564287,146.95643255514503,144.52073235798926,144.82762145996094,27070000,0.0,0.0,146.37493896484375,143.80754547119142
2021-12-14 00:00:00-05:00,142.98183615275286,143.49032245820712,140.24768798215138,142.92124938964844,38446000,0.0,0.0,145.70704040527343,144.00711822509766
2021-12-15 00:00:00-05:00,142.4266528071714,145.71596227271536,140.70750727401295,145.43788146972656,36370000,0.0,0.0,145.3603302001953,144.54237518310546
2021-12-16 00:00:00-05:00,146.16242238717896,146.6654532375438,142.623324395599,143.45559692382812,33650000,0.0,0.0,144.72601013183595,144.68926391601562
2021-12-17 00:00:00-05:00,141.5238967322668,142.84925876287545,140.33211958011196,140.75421142578125,50416000,0.0,0.0,143.47931213378905,144.66180267333985
2021-12-20 00:00:00-05:00,139.0410217021847,140.80337222903077,138.36667189829006,140.6370086669922,27192000,0.0,0.0,142.6411895751953,144.50806427001953
2021-12-21 00:00:00-05:00,141.0804596519441,142.88352978541766,139.54008877939256,142.48974609375,28756000,0.0,0.0,142.5548889160156,144.13096466064454
2021-12-22 00:00:00-05:00,142.08750519327856,145.49648802406725,142.08750519327856,145.4120635986328,26322000,0.0,0.0,142.5497253417969,143.95502777099608
2021-12-23 00:00:00-05:00,145.49650530933746,147.2280624525813,145.44882997744546,145.91015625,26384000,0.0,0.0,143.04063720703124,143.8833236694336
2021-12-27 00:00:00-05:00,146.2473298905451,147.3278748162573,146.1614203329688,146.89337158203125,15976000,0.0,0.0,144.26846923828126,143.87389068603517
2021-12-28 00:00:00-05:00,147.22060612425986,147.28317810290264,145.0540608351718,145.68222045898438,18200000,0.0,0.0,145.2775115966797,143.9593505859375
2021-12-29 00:00:00-05:00,145.63999500667248,146.40721009750993,144.64983033524757,145.65042114257812,17788000,0.0,0.0,145.9096466064453,144.23226776123047
2021-12-30 00:00:00-05:00,145.68915495604028,146.29100668000854,144.99445303661054,145.19903564453125,15688000,0.0,0.0,145.867041015625,144.20838317871093
2021-12-31 00:00:00-05:00,145.04956351323298,145.6936198466659,143.85977172851562,143.85977172851562,18136000,0.0,0.0,145.45696411132812,144.2488006591797
2022-01-03 00:00:00-05:00,144.0613784409724,144.8519311224432,142.72857575378174,143.99832153320312,28646000,0.0,0.0,144.8779541015625,144.57321166992188
2022-01-04 00:00:00-05:00,144.40004976188612,145.4815947191956,142.73206493911738,143.41038513183594,28400000,0.0,0.0,144.4235870361328,144.85054931640624
2022-01-05 00:00:00-05:00,143.4307559012557,143.5097096480899,136.74487381713,136.83126831054688,54618000,0.0,0.0,142.65975646972657,144.28470153808593
2022-01-06 00:00:00-05:00,136.06007743230046,138.98142624455608,135.6230889673093,136.80393981933594,37348000,0.0,0.0,140.9807373046875,143.42388916015625
2022-01-07 00:00:00-05:00,137.1992096234285,137.50014307479,134.836507719824,136.0784454345703,29760000,0.0,0.0,139.42447204589843,142.4407180786133
2022-01-10 00:00:00-05:00,134.15274434444186,137.8686166309049,132.25235351586585,137.71963500976562,44408000,0.0,0.0,138.16873474121093,141.52334442138672
2022-01-11 00:00:00-05:00,137.06167849311132,139.25554684251247,135.7561836931482,138.77882385253906,28730000,0.0,0.0,137.24242248535157,140.8330047607422
2022-01-12 00:00:00-05:00,140.18313478333724,141.6311554318166,139.73076471910252,140.4617156982422,26108000,0.0,0.0,137.96851196289063,140.3141342163086
2022-01-13 00:00:00-05:00,140.57047082946312,141.871510304291,137.46092086663876,137.63771057128906,31436000,0.0,0.0,138.13526611328126,139.55800170898436
2022-01-14 00:00:00-05:00,136.14001576725417,139.77793411889562,136.06007700509608,138.5250701904297,29662000,0.0,0.0,138.6245910644531,139.02453155517577
2022-01-18 00:00:00-05:00,135.24222628592668,136.19217162710595,134.5107751926396,135.06643676757812,34872000,0.0,0.0,138.0939514160156,138.13134307861327
2022-01-19 00:00:00-05:00,135.58833902307862,137.01450730821685,134.09067289531706,134.19097900390625,28648000,0.0,0.0,137.17638244628907,137.20940246582032
2022-01-20 00:00:00-05:00,135.31669707569674,136.6832786039826,132.05369536697646,132.39434814453125,29908000,0.0,0.0,135.5629089355469,136.76571044921874
2022-01-21 00:00:00-05:00,131.6852497283772,133.94167468699533,129.1954187426891,129.45860290527344,55652000,0.0,0.0,133.92708740234374,136.0311767578125
2022-01-24 00:00:00-05:00,125.11507313847382,130.30428901156284,123.64720029032809,129.90802001953125,76622000,0.0,0.0,132.20367736816405,135.41413421630858
2022-01-25 00:00:00-05:00,127.85815753662722,128.5126400999818,125.63399580516416,126.06551361083984,46960000,0.0,0.0,130.40349273681642,134.24872207641602
2022-01-26 00:00:00-05:00,130.2208611272421,132.0889733339284,126.27109790890478,128.3477783203125,49130000,0.0,0.0,129.23485260009767,133.20561752319335
2022-01-27 00:00:00-05:00,130.40458604804593,131.74384451812946,128.04932480717565,128.121337890625,31950000,0.0,0.0,128.3802505493164,131.97157974243163
2022-01-28 00:00:00-05:00,128.7708642548901,132.4430469854513,127.6049098676887,132.4375762939453,34362000,0.0,0.0,128.97604522705078,131.45156631469726
2022-01-31 00:00:00-05:00,133.24301799963737,134.54504250233154,131.3038928647385,134.37669372558594,39986000,0.0,0.0,129.86977996826172,131.0367286682129
2022-02-01 00:00:00-05:00,136.65199616866573,136.8491380497125,133.44809584204324,136.70115661621094,68644000,0.0,0.0,131.99690856933594,131.20020065307617
2022-02-02 00:00:00-05:00,150.213959281509,150.50842187379808,144.52569849957,146.98622131347656,123200000,0.0,0.0,135.72459716796874,132.4797248840332
2022-02-03 00:00:00-05:00,144.70744115071966,148.64974827603828,141.68825627852442,142.10984802246094,71518000,0.0,0.0,138.52229919433594,133.45127487182617
2022-02-04 00:00:00-05:00,142.4619138594205,143.88261122528846,139.55247646938693,142.3114471435547,57998000,0.0,0.0,140.4970733642578,134.7365592956543
2022-02-07 00:00:00-05:00,143.26190864808652,143.26190864808652,137.94854930203064,138.24749755859375,54974000,0.0,0.0,141.27123413085937,135.57050704956055
2022-02-08 00:00:00-05:00,138.0742067910711,139.04103406729655,136.07549495720775,138.44415283203125,54284000,0.0,0.0,141.61983337402344,136.8083709716797
2022-02-09 00:00:00-05:00,139.99791170532907,141.54822358083172,139.22672618566713,140.62210083007812,40144000,0.0,0.0,140.34700927734374,138.03580322265626
2022-02-10 00:00:00-05:00,138.74654529321856,140.51533620817344,137.0120030221674,137.6704559326172,39330000,0.0,0.0,139.459130859375,138.99071502685547
2022-02-11 00:00:00-05:00,137.65063252628258,138.2033087667454,132.48623903478702,133.36270141601562,39958000,0.0,0.0,137.66938171386718,139.0832275390625
2022-02-14 00:00:00-05:00,132.34371646053006,135.36637180477342,132.34371646053006,134.59767150878906,34302000,0.0,0.0,136.93941650390624,139.1053253173828
2022-02-15 00:00:00-05:00,136.62817626062764,137.16250068888525,134.89116345210377,135.6727752685547,26680000,0.0,0.0,136.38514099121093,139.0024871826172
2022-02-16 00:00:00-05:00,135.7105099596148,137.14014870275415,133.99980495788665,136.79454040527344,25022000,0.0,0.0,135.61962890625,137.9833190917969
2022-02-17 00:00:00-05:00,135.30974142598828,136.17427722960795,131.57103210398424,131.63111877441406,38950000,0.0,0.0,134.41176147460936,136.9354461669922
2022-02-18 00:00:00-05:00,132.55277323596871,133.15165480974724,129.3046828967441,129.509765625,45620000,0.0,0.0,133.64117431640625,135.65527801513673
2022-02-22 00:00:00-05:00,128.9486237480946,131.27507671013754,127.34518092700628,128.92430114746094,44990000,0.0,0.0,132.50650024414062,134.72295837402345
2022-02-23 00:00:00-05:00,130.74672218976002,131.146461476255,126.6539483607794,126.71403503417967,32786000,0.0,0.0,130.71475219726562,133.5499465942383
2022-02-24 00:00:00-05:00,124.0976083745458,132.0889936415864,124.0976083745458,131.7821044921875,54456000,0.0,0.0,129.71226501464844,132.66594696044922
2022-02-25 00:00:00-05:00,132.63718249004066,134.34490176287858,130.84900920998376,133.53846740722656,36406000,0.0,0.0,130.09373474121094,132.25274810791015
2022-02-28 00:00:00-05:00,132.1386256771338,134.82161307191876,131.6842552568574,134.1318817138672,38864000,0.0,0.0,131.01815795898438,132.3296661376953
2022-03-01 00:00:00-05:00,133.95457811063864,135.32214458518868,132.3059606090061,133.14317321777344,26496000,0.0,0.0,131.86193237304687,132.18421630859376
2022-03-02 00:00:00-05:00,133.7058202345684,134.3359650140929,132.1599788001748,133.6497039794922,23520000,0.0,0.0,133.2490661621094,131.9819091796875
2022-03-03 00:00:00-05:00,135.07834743813976,135.5049097951273,132.1142937033128,132.98231506347656,24604000,0.0,0.0,133.48910827636718,131.6006866455078
2022-03-04 00:00:00-05:00,132.01696245071622,132.93462912207434,129.44469223141712,131.00294494628906,30430000,0.0,0.0,132.98200378417968,131.53786926269532
2022-03-07 00:00:00-05:00,130.58733818371817,130.83264033914966,125.42990090344138,125.51283264160156,45112000,0.0,0.0,131.25819396972656,131.13817596435547
2022-03-08 00:00:00-05:00,125.3852171368262,130.3509683105619,124.8136586917926,126.2338638305664,40428000,0.0,0.0,129.87633209228517,130.869132232666
2022-03-09 00:00:00-05:00,130.35095429762737,132.8194330626874,129.01069565399868,132.50608825683594,37026000,0.0,0.0,129.6476089477539,131.44833755493164
2022-03-10 00:00:00-05:00,130.36685648313625,132.35911244842734,130.01577753476292,131.5223846435547,27102000,0.0,0.0,129.35562286376953,131.42236557006837
2022-03-11 00:00:00-05:00,132.5741092235153,132.87901308686813,128.74353470326596,128.98089599609375,31526000,0.0,0.0,128.95121307373046,130.96660842895508
2022-03-14 00:00:00-04:00,129.35779732793398,129.5157047953753,124.41687721797516,125.08824157714844,38812000,0.0,0.0,128.86629486083984,130.0622444152832
2022-03-15 00:00:00-04:00,126.1062389125735,128.96503124625056,124.85933803680028,128.31301879882812,30920000,0.0,0.0,129.2821258544922,129.57922897338867
2022-03-16 00:00:00-04:00,129.83748807621538,132.41966913140075,127.85267308075288,132.36753845214844,35576000,0.0,0.0,129.2544158935547,129.4510124206543
2022-03-17 00:00:00-04:00,132.23693475136628,133.16205727305697,131.2795336415189,132.92221069335938,28264000,0.0,0.0,129.5343811035156,129.44500198364258
2022-03-18 00:00:00-04:00,132.5105667989843,135.3107575128398,131.35255331585438,135.1930694580078,44566000,0.0,0.0,130.77681579589844,129.86401443481446
2022-03-21 00:00:00-04:00,135.230807026935,136.1112397829853,133.17399378353716,135.1692352294922,26832000,0.0,0.0,132.7930145263672,130.82965469360352
2022-03-22 00:00:00-04:00,135.1692175332458,140.08382229708803,135.1692175332458,138.909912109375,35496000,0.0,0.0,134.91239318847656,132.09725952148438
2022-03-23 00:00:00-04:00,137.7524003944116,138.6323329542987,136.8908499613676,137.3283233642578,25154000,0.0,0.0,135.90455017089843,132.57948303222656
2022-03-24 00:00:00-04:00,138.2465179509499,140.64895481730318,136.80695314584833,140.60227966308594,26396000,0.0,0.0,137.44056396484376,133.4874725341797
2022-03-25 00:00:00-04:00,140.94389214459488,141.06208028165258,138.78031728528904,140.7025604248047,24126000,0.0,0.0,138.54246215820314,134.65963897705078
2022-03-28 00:00:00-04:00,139.9353507908975,141.02980723169944,138.85380578704,140.48655700683594,35050000,0.0,0.0,139.60592651367188,136.19947052001953
2022-03-29 00:00:00-04:00,141.6703986944245,142.80854493506988,141.06556149858096,141.52935791015625,34318000,0.0,0.0,140.12981567382812,137.52110443115234
2022-03-30 00:00:00-04:00,141.4841596757739,141.74287331835652,140.6300500454084,140.9662322998047,19884000,0.0,0.0,140.8573974609375,138.38097381591797
2022-03-31 00:00:00-04:00,141.07995269395536,141.13458383266473,138.07220921119722,138.1149139404297,37524000,0.0,0.0,140.35992431640625,138.900244140625
2022-04-01 00:00:00-04:00,138.54444908128045,139.5087909885533,137.36011265105827,139.19049072265625,25942000,0.0,0.0,140.05751037597656,139.29998626708985
2022-04-04 00:00:00-04:00,139.39707934303763,142.72760894504663,139.34940401086646,141.99217224121094,25942000,0.0,0.0,140.35863342285157,139.9822799682617
2022-04-05 00:00:00-04:00,141.89037137348774,142.0110296598707,139.4209075380776,139.6279754638672,21418000,0.0,0.0,139.97835693359374,140.05408630371093
2022-04-06 00:00:00-04:00,137.79958340829674,138.40590569725433,134.5887272738365,135.6126708984375,32468000,0.0,0.0,138.90764465332032,139.8825210571289
2022-04-07 00:00:00-04:00,135.07834566419274,136.22494793186857,133.30805431972186,134.9576873779297,26234000,0.0,0.0,138.2761993408203,139.31806182861328
2022-04-08 00:00:00-04:00,134.6547746087494,134.74068416097512,132.054711175335,132.37451171875,25142000,0.0,0.0,136.91300354003906,138.48525695800782
2022-04-11 00:00:00-04:00,130.92052859554877,131.18768319388306,127.78714112721842,127.94107818603516,36884000,0.0,0.0,134.1027847290039,137.23070907592773
2022-04-12 00:00:00-04:00,130.69856646821188,130.69856646821188,125.92051646529828,126.83967590332033,32710000,0.0,0.0,131.54512481689454,135.76174087524413
2022-04-13 00:00:00-04:00,127.12321836007308,129.4412304311551,126.86598980577136,129.00424194335938,27928000,0.0,0.0,130.22343902587892,134.5655418395996
2022-04-14 00:00:00-04:00,129.58575166232626,129.58575166232626,125.73380907373294,125.86193084716795,31598000,0.0,0.0,128.40428771972657,133.34024353027343
2022-04-18 00:00:00-04:00,126.1300687895306,127.3342572822114,125.31767118048631,126.80193328857422,20808000,0.0,0.0,127.2897720336914,132.10138778686525
2022-04-19 00:00:00-04:00,126.81683876085388,129.44023984617706,126.1295774770653,129.11846923828125,26490000,0.0,0.0,127.52525024414062,130.81401748657225
2022-04-20 00:00:00-04:00,129.99541023177304,130.49894112574688,126.62664655558798,127.1629409790039,31696000,0.0,0.0,127.58990325927735,129.56751403808593
2022-04-21 00:00:00-04:00,128.36465210884853,129.2073354940893,123.67350445849084,123.95953369140624,36446000,0.0,0.0,126.58096160888672,128.4022003173828
2022-04-22 00:00:00-04:00,124.1437652925247,124.54301206602496,118.11038133016164,118.81600952148438,56884000,0.0,0.0,125.17177734375,126.78803253173828
2022-04-25 00:00:00-04:00,118.2851793587275,122.43306957367948,117.69922438047917,122.23096466064452,46128000,0.0,0.0,124.25758361816406,125.77367782592773
2022-04-26 00:00:00-04:00,121.4568014084917,121.6708251413164,117.69921720652222,117.83726501464844,73054000,0.0,0.0,122.0013427734375,124.76329650878907
2022-04-27 00:00:00-04:00,113.68539340141608,116.43890115247336,111.9642701529319,113.5115966796875,91820000,0.0,0.0,119.27107391357421,123.43048858642578
2022-04-28 00:00:00-04:00,115.6175702979795,118.82991140062502,113.33332202730232,117.71063232421876,48884000,0.0,0.0,118.02129364013672,122.30112762451172
2022-04-29 00:00:00-04:00,115.93488477812409,117.11226538731582,113.03488812105104,113.32786560058594,42676000,0.0,0.0,116.92366485595703,121.04772109985352
2022-05-02 00:00:00-04:00,112.62819126516962,115.94580921166728,111.8287050933448,115.784423828125,35534000,0.0,0.0,115.63435668945313,119.94597015380859
2022-05-03 00:00:00-04:00,115.63296649848806,117.63069314671397,115.2396829127405,116.53028106689452,24968000,0.0,0.0,115.37295989990234,118.68715133666993
2022-05-04 00:00:00-04:00,116.22985941768594,122.01297109395703,114.32747578407296,121.4235382080078,49916000,0.0,0.0,116.95534820556641,118.11321105957032
2022-05-05 00:00:00-04:00,119.3806259942041,120.20990548103433,114.21773323366315,115.70745849609376,45840000,0.0,0.0,116.55471343994141,117.28800354003906
2022-05-06 00:00:00-04:00,114.39551215463524,116.76616273959168,113.2345208305386,114.9536590576172,39710000,0.0,0.0,116.87987213134765,116.90176849365234
2022-05-09 00:00:00-04:00,112.47425468443096,114.2887434668312,111.23331708562353,111.74031829833984,40802000,0.0,0.0,116.07105102539063,115.85270385742187
2022-05-10 00:00:00-04:00,114.71629465970668,115.45370897495468,112.12714988528168,113.61141204833984,39900000,0.0,0.0,115.48727722167969,115.43011856079102
2022-05-11 00:00:00-04:00,112.4608505325777,115.56742256499776,112.4608505325777,112.8243408203125,37534000,0.0,0.0,113.76743774414062,115.36139297485352
2022-05-12 00:00:00-04:00,110.61459079443388,113.5121023113223,109.07222711218267,112.071044921875,53836000,0.0,0.0,113.04015502929687,114.79743423461915
2022-05-13 00:00:00-04:00,113.74846982950024,117.06758067088552,112.82683262018276,115.25557708740234,35038000,0.0,0.0,113.10053863525391,114.99020538330078
2022-05-16 00:00:00-04:00,114.1680730032844,115.37425431835216,113.10938061192142,113.66107177734376,25990000,0.0,0.0,113.48468933105468,114.77787017822266
2022-05-17 00:00:00-04:00,116.0401538624066,116.0992479298773,114.08315444400372,115.6751708984375,23054000,0.0,0.0,113.89744110107422,114.69235916137696
2022-05-18 00:00:00-04:00,114.2122672760028,114.60952885152012,110.79135782529032,111.13300323486328,35126000,0.0,0.0,113.55917358398438,113.6633056640625
2022-05-19 00:00:00-04:00,110.66821695459474,112.2359033534811,109.24651920632846,109.62789154052734,34144000,0.0,0.0,113.07054290771484,113.05534896850585
2022-05-20 00:00:00-04:00,111.18414230539884,111.41505546027,105.0718047960374,108.1619873046875,48962000,0.0,0.0,111.65182495117188,112.3761817932129
2022-05-23 00:00:00-04:00,108.836847701739,111.37930975737493,107.99614188533646,110.72432708740234,37184000,0.0,0.0,111.0644760131836,112.27458267211914
2022-05-24 00:00:00-04:00,105.0474835711035,105.72928171250156,101.18660771550724,105.24412536621094,76780000,0.0,0.0,108.97826690673828,111.43785400390625
2022-05-25 00:00:00-04:00,104.26636328189969,105.7704926632561,103.1450989268673,105.08025360107422,40258000,0.0,0.0,107.76771697998046,110.66344528198242
2022-05-26 00:00:00-04:00,104.95312769995196,107.90526250642102,104.5042203882763,107.05413818359376,37948000,0.0,0.0,107.25296630859376,110.1617546081543
2022-05-27 00:00:00-04:00,108.73305507461306,111.54863472420854,108.39090958839716,111.5471420288086,37914000,0.0,0.0,107.92999725341797,109.79091110229493
2022-05-31 00:00:00-04:00,111.9742030382361,114.94223478737628,111.31077945637377,112.98274993896484,50012000,0.0,0.0,108.38168182373047,109.72307891845703
2022-06-01 00:00:00-04:00,114.06825547963076,116.29936524949636,112.47424627138224,113.11184692382812,36606000,0.0,0.0,109.95522613525391,109.4667465209961
2022-06-02 00:00:00-04:00,113.2191263212025,117.09191364618562,112.17284522011376,116.81681060791016,37992000,0.0,0.0,112.30253753662109,110.03512725830078
2022-06-03 00:00:00-04:00,115.26749397177188,115.52472253823346,112.7409211603864,113.75641632080078,26136000,0.0,0.0,113.6429931640625,110.44797973632812
2022-06-06 00:00:00-04:00,115.90508386814868,118.52948481957034,115.36828939248328,116.02029418945312,33542000,0.0,0.0,114.53762359619141,111.23381042480469
2022-06-07 00:00:00-04:00,114.68947198764027,116.88483293983975,114.26390982732369,116.34703826904295,31590000,0.0,0.0,115.21048126220703,111.79608154296875
2022-06-08 00:00:00-04:00,115.96170279833257,117.75831718034826,115.80131001338673,116.39124298095705,26108000,0.0,0.0,115.86636047363281,112.91079330444336
2022-06-09 00:00:00-04:00,115.53067360236984,117.48867330795105,113.98980271889602,114.04889678955078,25798000,0.0,0.0,115.31277770996094,113.80765762329102
2022-06-10 00:00:00-04:00,111.67476376402166,112.50305059167472,109.61000232222436,110.40005493164062,41452000,0.0,0.0,114.64150543212891,114.1422492980957
2022-06-13 00:00:00-04:00,106.05503282631636,108.04629624886984,105.3921093112375,105.66373443603516,47252000,0.0,0.0,112.57019348144532,113.55390853881836
2022-06-14 00:00:00-04:00,105.80526010580438,107.18523818559248,105.07529410324224,105.9845199584961,33706000,0.0,0.0,110.49768981933593,112.85408554077148
2022-06-15 00:00:00-04:00,107.8014823825955,110.66026699950996,106.93198347818276,109.01263427734376,39698000,0.0,0.0,109.02196807861328,112.44416427612305
2022-06-16 00:00:00-04:00,106.48654806155037,107.90426771466136,104.41781621124528,105.30718231201172,51684000,0.0,0.0,107.27362518310547,111.2932014465332
2022-06-17 00:00:00-04:00,105.30718677609678,107.95492543163547,104.32644797510493,106.40958404541016,51376000,0.0,0.0,106.47553100585938,110.55851821899414
2022-06-21 00:00:00-04:00,108.18334476803008,111.7189644125282,107.85610349476616,110.77993774414062,47416000,0.0,0.0,107.49877166748047,110.03448257446288
2022-06-22 00:00:00-04:00,109.7992086229141,112.57009089350043,109.62639691916156,110.7238311767578,30774000,0.0,0.0,108.4466339111328,109.47216186523437
2022-06-23 00:00:00-04:00,111.46272602416786,111.9702273097303,109.74358796129896,111.47315216064452,28362000,0.0,0.0,108.93873748779296,108.98035278320313
2022-06-24 00:00:00-04:00,112.22099465157132,117.2701692331374,112.1787824397462,117.16687774658205,41164000,0.0,0.0,111.31067657470703,109.29215087890626
2022-06-27 00:00:00-04:00,117.46285844800848,117.76725468629267,114.39054242656216,115.04006958007812,36420000,0.0,0.0,113.03677368164062,109.75615234375
2022-06-28 00:00:00-04:00,115.00927577339844,116.50595690725594,111.08186494127732,111.24027252197266,35792000,0.0,0.0,113.12884063720703,110.31380615234374
2022-06-29 00:00:00-04:00,110.78788927074342,112.3853689488812,110.11303936843558,110.93636322021484,24716000,0.0,0.0,113.17134704589844,110.80899047851562
2022-06-30 00:00:00-04:00,109.24651298788866,110.12843077767292,106.0187751041556,108.21661376953124,43170000,0.0,0.0,112.52003936767578,110.72938842773438
2022-07-01 00:00:00-04:00,107.19367448668028,108.50165457610704,105.99941202989662,107.99266815185548,35476000,0.0,0.0,110.68519744873046,110.99793701171875
2022-07-05 00:00:00-04:00,106.36688099642753,112.60038490089782,105.00725515042268,112.48716735839844,39342000,0.0,0.0,110.17461700439453,111.60569534301757
2022-07-06 00:00:00-04:00,112.5259035341935,114.7977330534994,110.71240730639668,113.78720092773438,37432000,0.0,0.0,110.68400268554687,111.90642166137695
2022-07-07 00:00:00-04:00,114.29171495203762,118.37306236499572,114.04690533231896,117.96934509277344,40936000,0.0,0.0,112.0905990600586,112.63097305297852
2022-07-08 00:00:00-04:00,116.44685795142414,118.8651762014679,116.10074202416588,118.53594970703124,38238000,0.0,0.0,114.15446624755859,113.33725280761719
2022-07-11 00:00:00-04:00,117.18974092087866,117.18974092087866,114.54050937124148,114.88414001464844,31196000,0.0,0.0,115.53276062011719,113.10897903442383
2022-07-12 00:00:00-04:00,115.41894329267954,116.172746938359,112.91124517680676,113.2394790649414,29960000,0.0,0.0,115.68322296142578,112.92891998291016
2022-07-13 00:00:00-04:00,110.93585975066053,113.41377206743012,110.4397847735826,110.59074401855467,43722000,0.0,0.0,115.04393157958984,112.86396713256836
2022-07-14 00:00:00-04:00,109.45557370657367,110.33202838278504,107.63065884898506,109.61149597167967,37004000,0.0,0.0,113.37236175537109,112.73148040771484
2022-07-15 00:00:00-04:00,111.23331281907532,112.3655033424598,110.14034911864572,111.01183319091795,46770000,0.0,0.0,111.86753845214844,113.01100234985351
2022-07-18 00:00:00-04:00,111.86842203835955,112.90129900896424,107.62767462041498,108.28314971923828,43164600,0.0,20.0,110.5473403930664,113.0400505065918
2022-07-19 00:00:00-04:00,110.090694802755,113.2389790223901,108.80953017450511,113.0304183959961,36530900,0.0,0.0,110.50552825927734,113.09437561035156
2022-07-20 00:00:00-04:00,112.3948014338738,114.60952961762138,111.7095329780885,113.11980438232422,35600400,0.0,0.0,111.01134033203125,113.02763595581055
2022-07-21 00:00:00-04:00,113.49719899861788,113.76535378483868,110.34891481197836,113.5567855834961,32676200,0.0,0.0,111.80039825439454,112.58638000488281
2022-07-22 00:00:00-04:00,110.23965221840376,111.57046960816048,105.77047712846846,107.160888671875,48901200,0.0,0.0,111.03020935058593,111.4488739013672
2022-07-25 00:00:00-04:00,107.66741917346924,109.11741758792128,105.57187159947354,106.7735824584961,34690900,0.0,0.0,110.7282958984375,110.63781814575195
2022-07-26 00:00:00-04:00,105.86980776641252,106.4656963595138,103.35713902112693,104.30062866210938,47991000,0.0,0.0,108.98233795166016,109.74393310546876
2022-07-27 00:00:00-04:00,108.51158697347697,113.12973666354446,107.27014929212191,112.28555297851562,59858500,0.0,0.0,108.81548767089843,109.91341400146484
2022-07-28 00:00:00-04:00,111.6002881287064,113.5567876128041,110.69651783051911,113.43761444091795,32816600,0.0,0.0,108.79165344238281,110.29602584838867
2022-07-29 00:00:00-04:00,112.30541954786877,115.91055182503116,112.2855523018916,115.52322387695312,37223400,0.0,0.0,110.46412048339843,110.74716491699219
2022-08-01 00:00:00-04:00,114.51020776113126,115.9204790624543,113.55677701223816,114.0732192993164,26034300,0.0,0.0,111.9240478515625,111.326171875
2022-08-02 00:00:00-04:00,113.2191202849986,115.55302168772738,112.94103944751733,114.34137725830078,20236000,0.0,0.0,113.93219757080078,111.45726776123047
2022-08-03 00:00:00-04:00,114.91740298576684,117.80747356026012,114.68898269438549,117.27117156982422,28499000,0.0,0.0,114.9293212890625,111.87240447998047
2022-08-04 00:00:00-04:00,116.67528876714736,117.96637948017172,116.08932620935268,117.38042449951172,21602900,0.0,0.0,115.71788330078125,112.25476837158203
2022-08-05 00:00:00-04:00,115.43384022765638,117.30095970035435,115.20541236919227,116.66534423828124,19159500,0.0,0.0,115.94630737304688,113.20521392822266
2022-08-08 00:00:00-04:00,117.5790510724716,119.32699753864578,116.07939215524291,116.49652099609376,19138300,0.0,0.0,116.43096771240235,114.17750778198243
2022-08-09 00:00:00-04:00,116.33760916719966,116.51637649913262,114.9174041349362,115.8311004638672,19086500,0.0,0.0,116.72891235351562,115.3305549621582
2022-08-10 00:00:00-04:00,117.96637720002796,120.09171797963316,117.59891648269448,118.88007354736328,30930400,0.0,0.0,117.05069274902344,115.99000701904296
2022-08-11 00:00:00-04:00,120.44924388844952,120.65780450187786,117.74787438229087,118.02595520019533,24293700,0.0,0.0,117.17979888916015,116.4488410949707
2022-08-12 00:00:00-04:00,119.4362404313281,120.84651184082033,118.64171727202113,120.84651184082033,19096300,0.0,0.0,118.01603240966797,116.98116989135742
2022-08-15 00:00:00-04:00,120.30026963748776,121.46226102037568,119.78383491619736,121.24376678466795,19494800,0.0,0.0,118.96548156738281,117.69822463989257
2022-08-16 00:00:00-04:00,120.68759620521304,121.59136642864802,119.81362684941924,120.86636352539062,19041200,0.0,0.0,119.9725341796875,118.35072326660156
2022-08-17 00:00:00-04:00,119.29719726513474,120.45918110770076,118.56226070771956,118.7311019897461,22847000,0.0,0.0,119.94273986816407,118.49671630859375
2022-08-18 00:00:00-04:00,118.61192615288644,119.99240429519782,117.90679043522005,119.34685516357422,17987700,0.0,0.0,120.20691986083985,118.693359375
2022-08-19 00:00:00-04:00,118.2444536299456,118.3338410829474,115.96021284676502,116.4071273803711,21809500,0.0,0.0,119.31904296875,118.66753768920898
2022-08-22 00:00:00-04:00,114.41089701265592,114.83795189055648,113.07014579319794,113.4574737548828,21456600,0.0,0.0,117.76178436279297,118.36363296508789
2022-08-23 00:00:00-04:00,112.70268379096306,114.22220232746936,112.65302325197702,113.080078125,15870400,0.0,0.0,116.20452728271485,118.08853073120117
2022-08-24 00:00:00-04:00,112.72254629309008,113.99377732088206,112.09686440266782,112.91124725341795,17734600,0.0,0.0,115.04055633544922,117.49164810180665
2022-08-25 00:00:00-04:00,113.45746441845546,115.92047998120503,113.32835763422956,115.85095977783205,16956800,0.0,0.0,114.34137725830078,117.2741485595703
2022-08-26 00:00:00-04:00,113.93418519899274,114.33144677016104,109.43521628006216,109.5841827392578,37245700,0.0,0.0,112.97678833007812,116.14791564941406
2022-08-29 00:00:00-04:00,109.236581726649,110.1900049513534,108.05473821304508,108.67048645019533,21191200,0.0,0.0,112.01939086914062,114.8905876159668
2022-08-30 00:00:00-04:00,109.41535713980008,109.74309852857878,107.06159598452624,108.19378662109376,27513300,0.0,0.0,111.04213256835938,113.6233299255371
2022-08-31 00:00:00-04:00,109.89206923641922,110.09069624211486,107.38932653270058,107.4787139892578,28627000,0.0,0.0,109.95562591552735,112.49809112548829
2022-09-01 00:00:00-04:00,107.53829818348746,109.69343221359868,106.62460185419624,108.98829650878906,28360900,0.0,0.0,108.58309326171874,111.46223526000976
2022-09-02 00:00:00-04:00,109.83247354287955,109.98144758364316,106.52528923902702,107.11124420166016,24160700,0.0,0.0,108.08850555419922,110.53264694213867
2022-09-06 00:00:00-04:00,106.56501052381782,107.2900058656168,105.05541810364878,106.07836151123048,25068300,0.0,0.0,107.57008056640625,109.79473571777343
2022-09-07 00:00:00-04:00,106.32665101955834,109.22665517213872,106.16775093808135,108.70027923583984,23167000,0.0,0.0,107.67137908935547,109.35675582885742
2022-09-08 00:00:00-04:00,107.29993636702643,108.84924807890526,106.42596701775985,107.63760375976562,24238300,0.0,0.0,107.70315704345703,108.82939147949219
2022-09-09 00:00:00-04:00,108.32288788088223,110.22973437366748,108.27322734192175,109.8920669555664,23197700,0.0,0.0,107.8839111328125,108.23350219726562
2022-09-12 00:00:00-04:00,110.22973851202327,110.85542798702409,109.17700172532123,110.1006317138672,22966800,0.0,0.0,108.4817886352539,108.28514709472657
2022-09-13 00:00:00-04:00,107.06158881718636,107.55816389040682,103.3769951060123,103.6054229736328,38172900,0.0,0.0,107.98720092773438,107.77864074707031
2022-09-14 00:00:00-04:00,103.85370686767357,104.55884253765856,102.94994420622076,104.28076171875,26395100,0.0,0.0,107.10329742431641,107.38733825683593
2022-09-15 00:00:00-04:00,103.31740907499702,104.54891314157877,101.64891651695896,102.20508575439452,34188300,0.0,0.0,106.01679382324218,106.8599754333496
2022-09-16 00:00:00-04:00,101.37082992122032,102.42356659752468,100.24857304133236,102.09583282470705,42797200,0.0,0.0,104.45754699707031,106.17072906494141
2022-09-19 00:00:00-04:00,101.05303282312543,102.62221195722044,100.85440581403212,102.3639907836914,23036800,0.0,0.0,102.91021881103515,105.69600372314453
2022-09-20 00:00:00-04:00,101.3807527458598,101.66876715206848,99.8314336098017,100.44718933105467,26517100,0.0,0.0,102.27857208251952,105.13288650512695
2022-09-21 00:00:00-04:00,100.97358111903203,102.17529197681066,98.59001907394924,98.5999526977539,31487300,0.0,0.0,101.14241027832031,104.12285385131835
2022-09-22 00:00:00-04:00,98.14309788632384,100.54651943978456,98.1133045940541,99.4540557861328,34298600,0.0,0.0,100.59220428466797,103.30449905395508
2022-09-23 00:00:00-04:00,98.94754744299672,98.97734831250828,96.802347043361,98.06364440917967,31625400,0.0,0.0,99.7857666015625,102.12165679931641
2022-09-26 00:00:00-04:00,97.42801550720849,99.19582133156734,97.13007504730304,97.4975357055664,27072700,0.0,0.0,98.8124755859375,100.86134719848633
2022-09-27 00:00:00-04:00,98.74892590357744,99.31502122145432,96.20646378499131,96.83214569091795,30072800,0.0,0.0,98.08946685791015,100.18401947021485
2022-09-28 00:00:00-04:00,96.98110806203424,100.01021129831564,96.44480610275087,99.36466979980467,32466300,0.0,0.0,98.2424102783203,99.69241027832031
2022-09-29 00:00:00-04:00,97.96433766405389,97.96433766405389,95.30269475589748,96.75269317626952,31047200,0.0,0.0,97.70213775634764,99.14717102050781
2022-09-30 00:00:00-04:00,96.38523145843214,98.22255784193378,94.90543218159584,94.99481964111328,32941500,0.0,0.0,97.08837280273437,98.43706970214843
2022-10-03 00:00:00-04:00,96.09720549678472,98.6098740295779,95.85884401799444,97.96432495117188,27982000,0.0,0.0,97.18173065185546,97.99710311889649
2022-10-04 00:00:00-04:00,99.75201694064988,101.14242127641624,99.6924227711632,100.94379425048828,28850800,0.0,0.0,98.00406036376953,98.04676361083985
2022-10-05 00:00:00-04:00,99.14618310911276,101.23179694688892,98.1232396482166,100.73522186279295,22176900,0.0,0.0,98.27817077636719,98.26029052734374
2022-10-06 00:00:00-04:00,99.99035938714276,102.22494726893784,99.90097193176103,100.72528839111328,22324000,0.0,0.0,99.07268981933593,98.38741378784178
2022-10-07 00:00:00-04:00,99.16604271542336,99.84138513244945,97.6266645019863,98.00405883789062,27502800,0.0,0.0,99.6745376586914,98.38145523071287
2022-10-10 00:00:00-04:00,98.32186494334556,98.42117844301296,96.3454982645668,97.1896743774414,18225100,0.0,0.0,99.51960754394531,98.35066909790038
2022-10-11 00:00:00-04:00,96.76261553045552,98.57014842775828,95.65028467937152,96.51432800292967,26507100,0.0,0.0,98.63371429443359,98.31888732910156
2022-10-12 00:00:00-04:00,96.63351766527796,98.07358242702338,96.07734839982244,96.89173126220705,21876400,0.0,0.0,97.86501617431641,98.07159347534179
2022-10-13 00:00:00-04:00,94.49823387339498,99.0965161253156,93.73350405042449,98.3814468383789,34574500,0.0,0.0,97.39624786376953,98.23446884155274
2022-10-14 00:00:00-04:00,99.3050722025817,100.0002817896352,95.70987384109084,95.89856719970705,25410700,0.0,0.0,96.97514953613282,98.32484359741211
2022-10-17 00:00:00-04:00,98.18282006159208,100.23864047742966,98.1530267707607,99.28521728515624,28419200,0.0,0.0,97.39425811767578,98.45693283081054
2022-10-18 00:00:00-04:00,102.42358532049704,102.7612603547256,99.28523438586171,100.07975006103516,24060700,0.0,0.0,98.10734252929687,98.37052841186524
2022-10-19 00:00:00-04:00,99.32494982352485,100.32802603161116,98.2424122068316,98.94754791259766,23811100,0.0,0.0,98.518505859375,98.1917610168457
2022-10-20 00:00:00-04:00,99.3150105759876,101.61911851826515,98.70918840530337,99.28521728515624,25323200,0.0,0.0,98.69925994873047,98.04775390625
2022-10-21 00:00:00-04:00,97.17973986521672,100.61603844678358,97.05063307454373,100.43727111816406,32458700,0.0,0.0,99.60700073242188,98.29107513427735
2022-10-24 00:00:00-04:00,101.10268728739813,102.04617688958685,99.29515433560223,101.8177490234375,27176400,0.0,0.0,100.11350708007812,98.75388259887696
2022-10-25 00:00:00-04:00,102.19514899283054,104.10199540713288,102.01638166791882,103.76432800292967,40611400,0.0,0.0,100.85042266845701,99.47888259887695
2022-10-26 00:00:00-04:00,95.7694645312069,97.6365839930982,94.04138547726846,94.2797393798828,88114100,0.0,0.0,99.91686096191405,99.21768341064453
2022-10-27 00:00:00-04:00,93.87254327552247,94.77631349543512,91.17118139256064,91.58830261230467,60710900,0.0,0.0,98.37747802734376,98.5383689880371
2022-10-28 00:00:00-04:00,91.63797145681076,95.88866094834552,91.49893102612556,95.63043975830078,43697300,0.0,0.0,97.41611175537109,98.51155624389648
2022-10-31 00:00:00-04:00,94.766387840837,95.37221005350747,93.3362567418793,93.86262512207033,31675000,0.0,0.0,95.82508697509766,97.96929702758788
2022-11-01 00:00:00-04:00,94.79617956491803,95.37220847515944,89.75098252011932,89.85029602050781,47161400,0.0,0.0,93.04228057861329,96.94635162353515
2022-11-02 00:00:00-04:00,90.31707478646692,90.55542869485429,86.2848801267709,86.374267578125,57038300,0.0,0.0,91.46118621826172,95.68902359008788
2022-11-03 00:00:00-04:00,85.72871605197531,85.92734304048008,82.76912542959708,82.85851287841797,61288000,0.0,0.0,89.71522827148438,94.04635314941406
2022-11-04 00:00:00-04:00,84.81502104184743,86.04652505857264,83.13659492864404,85.9869384765625,51124900,0.0,0.0,87.78652801513672,92.6013198852539
2022-11-07 00:00:00-05:00,86.68214691275777,88.29105293982344,86.2550920302293,87.88385772705078,34078900,0.0,0.0,86.59077453613281,91.20793075561524
2022-11-08 00:00:00-05:00,88.2910385131836,89.70130972658177,86.99000683129465,88.2910385131836,30429000,0.0,0.0,86.27892303466797,89.66060180664063
2022-11-09 00:00:00-05:00,87.84412735927378,88.82735145908663,86.68214350727783,86.72187042236328,31769100,0.0,0.0,86.34844360351562,88.90481491088867
2022-11-10 00:00:00-05:00,91.61809043991572,93.74343090194472,90.98247502569023,93.29651641845705,51620100,0.0,0.0,88.43604431152343,89.07563629150391
2022-11-11 00:00:00-05:00,94.04139140730278,96.26604565196418,93.27666153820596,95.7496109008789,33090500,0.0,0.0,90.38857879638672,89.08755340576172
2022-11-14 00:00:00-05:00,94.43864192776208,96.1270016897344,93.86262061279506,95.04446411132812,30179500,0.0,0.0,91.8207000732422,89.2057373046875
2022-11-15 00:00:00-05:00,97.58693396732818,99.45405348533612,96.04754823383983,97.76570129394533,41640800,0.0,0.0,93.71563262939453,89.99727783203124
2022-11-16 00:00:00-05:00,97.22940010842292,98.95747922841689,96.97117895072545,98.17288970947266,29105200,0.0,0.0,96.0058364868164,91.17714004516601
2022-11-17 00:00:00-05:00,96.30577068517638,98.59994509335152,96.12700335615402,97.68624877929688,26052600,0.0,0.0,96.88378295898437,92.6599136352539
2022-11-18 00:00:00-05:00,98.09343657704216,98.2225509453757,95.70988228857895,96.76261901855467,28342300,0.0,0.0,97.08638458251953,93.73748168945312
2022-11-21 00:00:00-05:00,96.62357845131896,97.72597571769823,94.70679836967275,94.94515228271484,21647400,0.0,0.0,97.06652221679687,94.44361114501953
2022-11-22 00:00:00-05:00,95.29275218122932,96.55405709268236,93.40577299121226,96.38522338867188,23438500,0.0,0.0,96.7904266357422,95.25302963256836
2022-11-23 00:00:00-05:00,96.4249422059745,98.08350867690264,96.4249422059745,97.78556060791016,18868100,0.0,0.0,96.71296081542968,96.35939865112304
2022-11-25 00:00:00-05:00,97.5670677016104,97.96432927332069,96.73282522043966,96.79241180419922,9701400,0.0,0.0,96.53419342041016,96.70898818969727
2022-11-28 00:00:00-05:00,96.3752988162524,96.9116008474148,94.95509369034131,95.39208221435548,26237500,0.0,0.0,96.26008605957031,96.67323532104493
2022-11-29 00:00:00-05:00,95.07425817718956,95.46158609278704,93.4653523589998,94.53795623779295,20061700,0.0,0.0,96.17864685058593,96.62258453369141
2022-11-30 00:00:00-05:00,94.1705054965464,100.34790120449767,93.77324388493872,100.2982406616211,43647500,0.0,0.0,96.96125030517578,96.87583847045899
2022-12-01 00:00:00-05:00,100.32803395649304,101.54961208618806,99.56331160528462,100.2982406616211,28687100,0.0,0.0,97.46378631591797,97.08837356567383
2022-12-02 00:00:00-05:00,98.37152838636052,100.07974033162778,98.22255434389344,99.75200653076172,21480700,0.0,0.0,98.05570526123047,97.29494934082031
2022-12-05 00:00:00-05:00,98.71913015086434,100.68556327887788,98.32186856044572,98.798583984375,24405100,0.0,0.0,98.73700561523438,97.49854583740235
2022-12-06 00:00:00-05:00,98.6198123778136,99.09652020396926,95.75953511234248,96.31570434570312,24910700,0.0,0.0,99.09255523681641,97.63560104370117
2022-12-07 00:00:00-05:00,95.74960470986468,96.21637889173988,94.0711786173766,94.2896728515625,31045400,0.0,0.0,97.89084167480469,97.42604598999023
2022-12-08 00:00:00-05:00,94.72665114806772,94.92528570876571,92.80987120585084,93.0680923461914,32213300,0.0,0.0,96.44481201171875,96.95429916381836
2022-12-09 00:00:00-05:00,93.12768592936698,93.61433495682456,92.11467611359323,92.19412994384766,28225400,0.0,0.0,94.93323669433593,96.49447097778321
2022-12-12 00:00:00-05:00,92.07494125173916,92.91911728821457,90.98247769999844,92.67082977294922,29420000,0.0,0.0,93.70768585205079,96.22234573364258
2022-12-13 00:00:00-05:00,97.0903675132016,98.84824006656932,94.37906408189036,94.9749526977539,40593700,0.0,0.0,93.43953552246094,96.26604537963867
2022-12-14 00:00:00-05:00,94.54788424799176,96.20645063429905,92.95884564108498,94.41877746582033,28733600,0.0,0.0,93.4653564453125,95.6780990600586
2022-12-15 00:00:00-05:00,92.49206485576931,92.998573521634,89.39344143432389,90.23761749267578,40107000,0.0,0.0,92.89926147460938,94.67203674316406
2022-12-16 00:00:00-05:00,90.13830631838148,90.70440157933496,88.90679472353236,89.64173126220703,58011800,0.0,0.0,92.38878173828125,93.6610092163086
2022-12-19 00:00:00-05:00,89.64173867837027,89.93967919044347,87.60577774876408,87.8342056274414,29493000,0.0,0.0,91.42145690917968,92.56457138061523
2022-12-20 00:00:00-05:00,87.50645464738024,88.56912493587465,86.84104590854801,88.41021728515625,23453800,0.0,0.0,90.10850982666015,91.77402267456054
2022-12-21 00:00:00-05:00,88.46981744062983,89.60200800878793,87.71502120281298,88.96639251708984,24745600,0.0,0.0,89.01803283691406,91.24169464111328
2022-12-22 00:00:00-05:00,87.55612082820765,87.93351515729785,85.72872061278274,87.15885925292969,27658300,0.0,0.0,88.40228118896485,90.65077133178711
2022-12-23 00:00:00-05:00,86.5133086638046,88.93659741222335,86.47358174924135,88.61878967285156,23003000,0.0,0.0,88.19769287109375,90.2932373046875
2022-12-27 00:00:00-05:00,88.1917425415495,88.33078296613881,86.4140027390034,86.79139709472656,20097300,0.0,0.0,87.98913116455078,89.70529403686524
2022-12-28 00:00:00-05:00,86.38420166698455,87.43693838041416,85.35132462222182,85.43077087402344,19523200,0.0,0.0,87.39324188232422,88.7508758544922
2022-12-29 00:00:00-05:00,86.02667237661274,88.24139306203571,86.01673875309298,87.84413146972656,23333500,0.0,0.0,87.16878967285156,88.09341125488281
2022-12-30 00:00:00-05:00,86.3842031844642,87.69516107639714,85.97700798686586,87.62564086914062,23986300,0.0,0.0,87.26214599609375,87.8322135925293
2023-01-03 00:00:00-05:00,88.97631857972549,90.4263244711382,87.91364821898763,88.5095443725586,28131200,0.0,0.0,87.24029693603515,87.71899490356445
2023-01-04 00:00:00-05:00,89.73111687687052,90.02906496049344,86.67221251659535,87.47666931152344,34854800,0.0,0.0,87.37735137939453,87.68324127197266
2023-01-05 00:00:00-05:00,86.87084008200145,86.97015357614328,85.31159473485968,85.60953521728516,27194400,0.0,0.0,87.41310424804688,87.40317306518554
2023-01-06 00:00:00-05:00,86.19550170469084,87.0893383476196,84.2787216281847,86.74172973632812,41381500,0.0,0.0,87.19262390136718,87.18070678710937
2023-01-09 00:00:00-05:00,87.75474345560666,89.4331695495465,87.25816840553064,87.41706848144531,29003900,0.0,0.0,87.15090942382812,87.20652770996094
2023-01-10 00:00:00-05:00,85.39105735353961,88.06262623356912,85.24208330842042,87.81433868408203,30467800,0.0,0.0,87.01186828613281,87.12608261108399
2023-01-11 00:00:00-05:00,88.56912181311864,90.97254311699145,88.40028812303342,90.8930892944336,26862000,0.0,0.0,87.69515228271484,87.53625183105468
2023-01-12 00:00:00-05:00,90.85338408510944,91.24071205887914,89.1352308965623,90.50577545166016,30258100,0.0,0.0,88.67440032958984,88.04375228881835
2023-01-13 00:00:00-05:00,90.22768590186172,91.55851098824732,89.51261661092427,91.4889907836914,26329200,0.0,0.0,89.6238525390625,88.40823822021484
2023-01-17 00:00:00-05:00,91.42939508883155,91.6180960310852,89.4331688584874,90.6646728515625,32602400,0.0,0.0,90.27337341308593,88.71214141845704
2023-01-18 00:00:00-05:00,91.50885177199906,92.1643344905254,90.0191265867673,90.49584197998048,29116700,0.0,0.0,90.80967407226564,88.91077117919922
2023-01-19 00:00:00-05:00,90.09857897517838,92.96878218001514,90.00919152538334,92.4126205444336,37000400,0.0,0.0,91.11358032226562,89.40436630249023
2023-01-20 00:00:00-05:00,94.44857523506278,97.626660176733,94.36912140666584,97.34857177734376,63191100,0.0,0.0,92.48213958740234,90.5782699584961
2023-01-23 00:00:00-05:00,97.27904526354224,99.35473282728915,96.8321307677752,99.1064453125,40005100,0.0,0.0,94.00563049316406,91.81474151611329
2023-01-24 00:00:00-05:00,97.42803093472394,98.9276898249223,96.5341942592039,97.03076934814452,33078500,0.0,0.0,95.27884979248047,92.7761116027832
2023-01-25 00:00:00-05:00,94.91536534057045,95.5013279050371,93.11776588375292,94.56776428222656,42330000,0.0,0.0,96.09323425292969,93.45145416259766
2023-01-26 00:00:00-05:00,95.83898757649445,96.90165791285828,94.7266567027606,96.85199737548828,30114000,0.0,0.0,96.98110961914062,94.04734497070312
2023-01-27 00:00:00-05:00,96.6434366363265,99.63282064646212,96.6434366363265,98.6893310546875,33879800,0.0,0.0,97.24926147460937,94.86570053100586
2023-01-30 00:00:00-05:00,96.8122800793185,97.61672927716072,95.73967609743931,96.2759780883789,27226200,0.0,0.0,96.68316802978515,95.3443992614746
2023-01-31 00:00:00-05:00,96.20645682604396,98.20268315266414,96.15679628817142,98.16295623779295,29870700,0.0,0.0,96.90960540771485,96.09422760009765
2023-02-01 00:00:00-05:00,98.0338535340818,100.49686931883124,96.91159655644071,99.74207305908205,35531100,0.0,0.0,97.94446716308593,97.01885070800782
2023-02-02 00:00:00-05:00,105.0752777092437,107.11123075361292,104.88657677615932,107.00198364257812,69883800,0.0,0.0,99.9744644165039,98.47778701782227
2023-02-03 00:00:00-05:00,102.22494486291488,107.07151484914604,101.87734382713276,104.06227111816406,65309300,0.0,0.0,101.04905242919922,99.1491569519043
2023-02-06 00:00:00-05:00,101.69857720610024,103.6451505971734,101.1821348832258,102.19515228271484,31999600,0.0,0.0,102.2328872680664,99.45802764892578
2023-02-07 00:00:00-05:00,102.51295036884817,107.43897375542892,102.41363687831044,106.90267181396484,49010200,0.0,0.0,103.98083038330078,100.44521789550781
2023-02-08 00:00:00-05:00,101.35097370371372,102.43350370738916,97.36843956449567,98.6893310546875,94743500,0.0,0.0,103.77028198242188,100.85737457275391
2023-02-09 00:00:00-05:00,99.31500067733862,99.3447939652005,92.9886324064242,94.35918426513672,119455000,0.0,0.0,101.2417221069336,100.60809326171875
2023-02-10 00:00:00-05:00,94.7961878101776,96.0872861589294,93.60441054758756,93.9222183227539,54980700,0.0,0.0,99.21371154785156,100.13138198852539
2023-02-13 00:00:00-05:00,94.09103610343492,94.54788422925924,93.19719951937266,93.96192932128906,50076100,0.0,0.0,97.5670669555664,99.89997711181641
2023-02-14 00:00:00-05:00,93.78316845750275,94.20028969972182,91.62803446223668,94.03145599365234,54726100,0.0,0.0,94.99282379150391,99.48682708740235
2023-02-15 00:00:00-05:00,93.84275567149736,96.4547454186921,93.50508825709151,96.2759780883789,50169000,0.0,0.0,94.5101531982422,99.14021759033203
2023-02-16 00:00:00-05:00,94.71673350951887,97.01090795498207,94.09104405920392,94.85577392578124,42462600,0.0,0.0,94.60947113037109,97.92559661865235
2023-02-17 00:00:00-05:00,94.20029519403576,94.9054309285721,92.57152946806612,93.70372009277344,34284100,0.0,0.0,94.565771484375,96.88974151611328
2023-02-21 00:00:00-05:00,92.3629734075,92.46228691724237,91.09174229767387,91.16126251220705,33629300,0.0,0.0,94.0056381225586,95.7863525390625
2023-02-22 00:00:00-05:00,91.07186212673857,91.4790573091785,89.98933214302377,91.02220916748048,30884000,0.0,0.0,93.40378875732422,94.19830627441407
2023-02-23 00:00:00-05:00,91.29036908137002,91.31023632954825,89.14516848336292,90.26742553710938,41206400,0.0,0.0,92.20207824707032,93.35611572265626
2023-02-24 00:00:00-05:00,88.82735191404939,89.27426645106479,87.9732421781732,88.51947021484375,36585100,0.0,0.0,90.93481750488282,92.77214431762695
2023-02-27 00:00:00-05:00,89.25440216064453,89.54241659872595,88.72802624317121,89.25440216064453,27502300,0.0,0.0,90.04495391845703,92.30536270141602
2023-02-28 00:00:00-05:00,88.71811217771574,90.60509913680652,88.70817855378289,89.44310760498047,30142000,0.0,0.0,89.70132293701172,91.85348052978516
2023-03-01 00:00:00-05:00,89.36364878290716,90.40645183522004,89.05576710134766,89.74104309082031,31111200,0.0,0.0,89.4450897216797,91.42443923950195
2023-03-02 00:00:00-05:00,89.04585177857054,91.647900488549,88.9763239895768,91.36981964111328,32204400,0.0,0.0,89.66556854248047,90.93382339477539
2023-03-03 00:00:00-05:00,91.8465229964728,93.08796060004296,91.81672212919472,93.00850677490234,35160100,0.0,0.0,90.5633758544922,90.7490966796875
2023-03-06 00:00:00-05:00,93.37596585783857,95.3126130325379,93.35610619046028,94.47836303710938,32639300,0.0,0.0,91.60816802978516,90.8265609741211
2023-03-07 00:00:00-05:00,94.3294024032927,95.01467083852155,92.88933017275696,93.21707153320312,27835500,0.0,0.0,92.36296081542969,91.0321418762207
2023-03-08 00:00:00-05:00,93.47529384441702,95.30268646381668,93.3561130999254,93.60440063476562,34103300,0.0,0.0,93.13563232421875,91.29036102294921
2023-03-09 00:00:00-05:00,93.40576740123382,94.87562526615336,91.27049322874896,91.68761444091795,28813500,0.0,0.0,93.19919128417969,91.43237991333008
2023-03-10 00:00:00-05:00,91.5386532866286,92.15440914627504,89.78078074407773,90.00920104980469,35941000,0.0,0.0,92.59933013916016,91.58135299682617
2023-03-13 00:00:00-04:00,89.472898681437,91.93591453341143,88.80748985999631,90.48591613769533,37335600,0.0,0.0,91.80084075927735,91.70450439453126
2023-03-14 00:00:00-04:00,91.92597905952276,93.71365243038926,91.80680588622144,93.32632446289062,36050200,0.0,0.0,91.82269134521485,92.09282608032227
2023-03-15 00:00:00-04:00,92.58146426998952,96.26605065899416,92.00543532668166,95.45166778564452,50622100,0.0,0.0,92.19214477539063,92.66388854980468
2023-03-16 00:00:00-04:00,95.54104620710784,100.49687116053911,94.84584409797657,99.63282775878906,65492000,0.0,0.0,93.78118743896485,93.49018936157226
2023-03-17 00:00:00-04:00,99.5732424121574,102.13556420140692,99.41433474115614,100.9239273071289,61028500,0.0,0.0,95.9641326904297,94.28173141479492
2023-03-20 00:00:00-04:00,99.43419347981462,101.05302545965556,99.18590594797271,100.5266571044922,32960400,0.0,0.0,97.97228088378907,94.88656082153321
2023-03-21 00:00:00-04:00,100.55645742962116,104.38008417201192,100.52666413605763,104.2013168334961,42110300,0.0,0.0,100.14727935791015,95.9849853515625
2023-03-22 00:00:00-04:00,103.55576297366062,105.8598710222932,102.62220698360557,102.66193389892578,43427400,0.0,0.0,101.5893325805664,96.89073867797852
2023-03-23 00:00:00-04:00,104.34035358194444,105.5718652382067,103.7444650002461,104.87665557861328,40797800,0.0,0.0,102.63809814453126,98.20964279174805
2023-03-24 00:00:00-04:00,104.27083604812334,104.7674111417976,103.12871181724564,104.71775817871094,30393300,0.0,0.0,103.39686431884766,99.68049850463868
2023-03-27 00:00:00-04:00,103.90336362277968,104.0424040271739,101.23178749509955,101.7581558227539,31120900,0.0,0.0,103.6431640625,100.80772247314454
2023-03-28 00:00:00-04:00,101.73831238577424,101.74823843257612,99.05680220795338,100.33796691894533,32057900,0.0,0.0,102.87049407958985,101.50888671875
2023-03-29 00:00:00-04:00,101.57939865477051,101.7879592821989,99.96056659779713,100.69549560546876,28779600,0.0,0.0,102.47720642089844,102.03326950073243
2023-03-30 00:00:00-04:00,100.21878845043828,100.46707599580894,99.09652389599678,100.19892120361328,33086200,0.0,0.0,101.54165954589844,102.08987884521486
2023-03-31 00:00:00-04:00,100.60611500458978,103.1783703015433,100.34789383942676,103.01947021484376,36863400,0.0,0.0,101.202001953125,102.29943313598633
2023-04-03 00:00:00-04:00,101.68864224254398,103.81398293626825,101.23179408733668,103.64514923095705,25035400,0.0,0.0,101.57940063476563,102.61128234863281
2023-04-04 00:00:00-04:00,103.6153575922124,104.85679528719108,103.32734313772124,104.002685546875,24420100,0.0,0.0,102.31234436035157,102.5914192199707
2023-04-05 00:00:00-04:00,105.0554187673096,105.37322650348958,102.9499453565425,103.75439453125,28290500,0.0,0.0,102.92412414550782,102.70066528320312
2023-04-06 00:00:00-04:00,104.53898710670686,108.42220026038169,103.6153571623888,107.67733764648438,48711500,0.0,0.0,104.41980743408203,102.98073348999023
2023-04-10 00:00:00-04:00,106.24720898582665,106.85302362121595,104.39994905536618,105.71090698242188,27067400,0.0,0.0,104.95809478759766,103.08004837036133
2023-04-11 00:00:00-04:00,105.82014926393512,105.99891659022042,103.9629557951451,104.62836456298828,26311800,0.0,0.0,105.15473785400391,103.36706924438477
2023-04-12 00:00:00-04:00,105.84994678392115,106.01878049406454,103.62528495080396,103.92323303222656,24370300,0.0,0.0,105.13884735107422,103.7255958557129
2023-04-13 00:00:00-04:00,105.11500961516911,106.75370889955026,105.11500961516911,106.69412231445312,24843600,0.0,0.0,105.72679290771484,104.32545852661133
2023-04-14 00:00:00-04:00,106.15781182005028,108.19377252209615,106.10815128502132,108.12425231933594,26578000,0.0,0.0,105.81617584228516,105.1179916381836
2023-04-17 00:00:00-04:00,103.94310106029504,105.43282632433964,103.80405306468714,105.24412536621094,37571200,0.0,0.0,105.72281951904297,105.34045715332032
2023-04-18 00:00:00-04:00,105.7605617045298,105.81022224492732,103.35714006112804,103.78419494628906,26596400,0.0,0.0,105.55398559570312,105.35436172485352
2023-04-19 00:00:00-04:00,102.87048871639288,104.26090036560062,102.36398004606087,103.46637725830078,20905700,0.0,0.0,105.46261444091797,105.3007308959961
2023-04-20 00:00:00-04:00,103.19823452834044,105.52220221540108,103.15850761354444,104.56877899169922,27820800,0.0,0.0,105.03754577636718,105.38216934204101
2023-04-21 00:00:00-04:00,104.74755197991318,105.27392036941872,104.0622759226367,104.6879653930664,25800100,0.0,0.0,104.35028839111328,105.08323211669922
2023-04-24 00:00:00-04:00,104.76740994777748,105.8996005422806,103.98282039945786,105.24412536621094,23542800,0.0,0.0,104.35028839111328,105.03655395507812
2023-04-25 00:00:00-04:00,105.10508198445908,105.95919171793508,103.12870773434398,103.13864135742188,46664100,0.0,0.0,104.22117767333984,104.88758163452148
2023-04-26 00:00:00-04:00,104.20130635010432,105.62151129178214,101.92699171890646,102.99959564208984,53347600,0.0,0.0,104.12782135009766,104.79521789550782
2023-04-27 00:00:00-04:00,103.73453629382232,107.62769087152309,102.83077354378922,106.85302734375,50089200,0.0,0.0,104.58467102050781,104.8111083984375
2023-04-28 00:00:00-04:00,106.30679582140084,106.61466995148947,104.37014843058832,106.604736328125,36139800,0.0,0.0,104.96802520751953,104.6591567993164
2023-05-01 00:00:00-04:00,106.10815596080404,107.2502801225946,106.0882962921976,106.46569061279295,26681700,0.0,0.0,105.21233825683593,104.78131332397462
2023-05-02 00:00:00-04:00,106.4061047175776,106.46569130091618,102.99959945592909,104.59857177734376,30997200,0.0,0.0,105.50432434082032,104.86275100708008
2023-05-03 00:00:00-04:00,104.80713856675996,106.75371203414588,104.24104326031168,104.6879653930664,21795400,0.0,0.0,105.84199829101563,104.98490982055664
2023-05-04 00:00:00-04:00,104.76740834360812,104.8766554674694,103.25782343309648,103.97289276123048,23419500,0.0,0.0,105.26597137451172,104.92532119750976
2023-05-05 00:00:00-04:00,104.10200016796126,105.1547369199555,103.39686445887698,104.84686279296876,26639300,0.0,0.0,104.91439666748047,104.9412109375
2023-05-08 00:00:00-04:00,104.45954380093602,107.22050028895592,104.43968412983688,107.03179931640624,26511400,0.0,0.0,105.02761840820312,105.11997833251954
2023-05-09 00:00:00-04:00,107.64755459464928,109.39550114980597,106.455777329895,106.61467742919922,36360100,0.0,0.0,105.43083953857422,105.46758193969727
2023-05-10 00:00:00-04:00,107.2304286612031,112.1663863838794,107.19070174381548,110.98453521728516,63153400,0.0,0.0,106.69015350341797,106.2660758972168
2023-05-11 00:00:00-04:00,114.60953101340723,117.1122661052472,113.62631446773452,115.77151489257812,78900000,0.0,0.0,109.0498779296875,107.15792465209961
2023-05-12 00:00:00-04:00,115.88076166873074,117.22151287736642,115.31466637721192,116.705078125,41102300,0.0,0.0,111.42152099609375,108.1679588317871
2023-05-15 00:00:00-04:00,115.31466773479636,117.66843638362968,115.21535423245682,115.71192932128906,36266800,0.0,0.0,113.15754699707031,109.09258270263672
2023-05-16 00:00:00-04:00,115.69205805683868,119.92287978836109,115.63247147293116,118.69137573242188,45035600,0.0,0.0,115.57288665771485,110.50186309814453
2023-05-17 00:00:00-04:00,118.79069754797295,120.83658456146485,118.07562818248286,120.01226806640624,33323600,0.0,0.0,117.37843322753906,112.03429336547852
2023-05-18 00:00:00-04:00,120.12150510967228,122.46534002102402,120.00233194352047,121.98863220214844,35234200,0.0,0.0,118.62185668945312,113.83586730957032
2023-05-19 00:00:00-04:00,122.70369499958592,125.10711636653988,121.31328337686476,121.91910552978516,41353400,0.0,0.0,119.66466217041015,115.54309158325195
2023-05-22 00:00:00-04:00,122.0978806379514,125.5639725050012,121.89924606366814,124.19342803955078,35253000,0.0,0.0,121.3609619140625,117.2592544555664
2023-05-23 00:00:00-04:00,123.3095281992432,123.77630241228728,121.37288083002176,121.7204818725586,34046300,0.0,0.0,121.96678314208984,118.76983489990235
2023-05-24 00:00:00-04:00,120.29034788119394,121.07493740233252,119.03897658115086,120.07185363769533,34182600,0.0,0.0,121.97870025634765,119.67856674194336
2023-05-25 00:00:00-04:00,123.66705529543532,124.46157845882604,121.12459329600016,122.63418579101562,42317000,0.0,0.0,122.1078109741211,120.36483383178711
2023-05-26 00:00:00-04:00,122.32630812788904,124.40199598281583,121.61123877264411,123.7564468383789,35635900,0.0,0.0,122.47527923583985,121.069970703125
2023-05-30 00:00:00-04:00,124.7793829644057,124.79925021039784,121.16431706152756,122.8228759765625,35076700,0.0,0.0,122.20116882324218,121.78106536865235
2023-05-31 00:00:00-04:00,121.90917771682844,123.210201954541,121.66089018583696,122.02835845947266,37325800,0.0,0.0,122.262744140625,122.11476364135743
2023-06-01 00:00:00-04:00,121.97869907015976,123.56773776803036,121.78007207435124,122.8725357055664,30772700,0.0,0.0,122.82288055419922,122.40079040527344
2023-06-02 00:00:00-04:00,123.14068238937888,125.28589030532665,122.91226210287384,123.81602478027344,26980100,0.0,0.0,123.05924835205079,122.58352966308594
2023-06-05 00:00:00-04:00,123.16055031668364,126.55712195859554,122.99170903517506,125.1468505859375,32305500,0.0,0.0,123.3373291015625,122.90630416870117
2023-06-06 00:00:00-04:00,125.14685186297363,127.41122540355371,124.50130275345192,126.4379425048828,26638300,0.0,0.0,124.06034240722656,123.13075561523438
2023-06-07 00:00:00-04:00,126.10027088310036,128.15608373390776,121.28349435723251,121.660888671875,52539000,0.0,0.0,123.98684844970703,123.12479629516602
2023-06-08 00:00:00-04:00,121.39274743989763,122.38589760029984,120.40952332556272,121.30335998535156,29389200,0.0,0.0,123.67301330566406,123.24794692993164
2023-06-09 00:00:00-04:00,121.41259801006572,122.91225676148076,121.0749306178595,121.39273834228516,23778300,0.0,0.0,123.1883560180664,123.1238021850586
2023-06-12 00:00:00-04:00,121.94890708399345,123.20027838695896,120.8266501491064,122.79308319091795,28306400,0.0,0.0,122.7176025390625,123.0274658203125
2023-06-13 00:00:00-04:00,124.1239051576865,124.30267248212148,122.33623191333672,122.98178100585938,22278300,0.0,0.0,122.02637023925782,123.0433563232422
2023-06-14 00:00:00-04:00,122.25678069993415,123.20027787907088,120.61808145375716,122.8228759765625,30592300,0.0,0.0,122.2587677001953,123.12280807495117
2023-06-15 00:00:00-04:00,122.29650693637248,124.60061494495432,121.56157795855896,124.23314666748048,35246300,0.0,0.0,122.8447250366211,123.25886917114258
2023-06-16 00:00:00-04:00,125.06739200928554,125.24615932981804,122.43554273699836,122.68383026123048,45535600,0.0,0.0,123.10294342041016,123.14564971923828
2023-06-20 00:00:00-04:00,122.08794882394656,123.7167144715317,121.30335929245436,122.25678253173828,26097500,0.0,0.0,122.99568328857421,122.85664291381836
2023-06-21 00:00:00-04:00,121.56158475873276,121.81980592970348,119.27733629111744,119.72425842285156,30306300,0.0,0.0,122.34417877197265,122.18527450561524
2023-06-22 00:00:00-04:00,119.17801777862638,122.39582213705168,118.016033923797,122.3064422607422,26952200,0.0,0.0,122.24089202880859,122.24982986450195
2023-06-23 00:00:00-04:00,120.54856042408844,121.94890574873948,120.23075268459188,121.50198364257812,34913600,0.0,0.0,121.69465942382813,122.2696922302246
2023-06-26 00:00:00-04:00,119.93281761712151,121.16432171624636,117.45986821835962,117.52938842773438,33969900,0.0,0.0,120.66377105712891,121.88335723876953
2023-06-27 00:00:00-04:00,116.27802486079214,118.26432522024346,115.3047343507218,117.51946258544922,39535900,0.0,0.0,119.7163070678711,121.35599517822266
2023-06-28 00:00:00-04:00,116.28794321343172,119.56534162054724,116.04958930766476,119.35678100585938,27091400,0.0,0.0,119.64281158447265,120.99349517822266
2023-06-29 00:00:00-04:00,118.42322773873823,119.23761059973768,117.4896717030926,118.28418731689452,24090900,0.0,0.0,118.83836059570312,120.53962631225586
2023-06-30 00:00:00-04:00,119.3468553444313,120.25062564550082,118.87014750109746,118.88007354736328,29532200,0.0,0.0,118.31397857666016,120.00431900024414
2023-07-03 00:00:00-04:00,118.42321450872616,119.3667116396996,118.00609328979502,119.07869720458984,14467900,0.0,0.0,118.62384033203125,119.64380569458008
2023-07-05 00:00:00-04:00,118.42322188319096,121.77014061981656,118.4132958372177,120.91603088378906,27584800,0.0,0.0,119.30315399169922,119.50973052978516
2023-07-06 00:00:00-04:00,118.9793954589323,119.47597055253864,117.58898368140764,119.28726959228516,24745200,0.0,0.0,119.28925170898438,119.46603164672851
2023-07-07 00:00:00-04:00,119.27733885779142,120.22083610477635,118.58213674075812,118.66159057617188,21709500,0.0,0.0,119.36473236083984,119.10154647827149
2023-07-10 00:00:00-04:00,117.48967002628224,117.49959607260462,115.34446198765048,115.65233612060548,35315200,0.0,0.0,118.71918487548828,118.51658172607422
2023-07-11 00:00:00-04:00,115.49343222262571,116.9037036216299,114.55986865395298,116.33760833740234,23078800,0.0,0.0,118.17096710205078,118.39740371704102
2023-07-12 00:00:00-04:00,117.98623440184863,119.50575283595184,117.59890647069032,118.11534118652344,30404400,0.0,0.0,117.61082916259765,118.45699157714844
2023-07-13 00:00:00-04:00,120.1016475306422,123.97493461778386,119.6249321263382,123.68692016601562,44297900,0.0,0.0,118.49075927734376,118.89000549316407
2023-07-14 00:00:00-04:00,123.94514195311504,125.9115750101288,122.6441101020406,124.5608901977539,33283100,0.0,0.0,119.67061920166016,119.51767578125
2023-07-17 00:00:00-04:00,125.07733004581448,126.22938025879756,123.34924336063862,123.7961654663086,25716200,0.0,0.0,121.29938507080078,120.00928497314453
2023-07-18 00:00:00-04:00,123.7465044333863,123.82595826213851,122.11773882963688,122.91226196289062,26193600,0.0,0.0,122.61431579589843,120.39264144897462
2023-07-19 00:00:00-04:00,123.74651033261092,124.32253925282352,120.96569438792449,121.1941146850586,37224000,0.0,0.0,123.23007049560547,120.42044982910156
2023-07-20 00:00:00-04:00,120.58829377086548,123.2400029490888,117.41021620638077,118.3834991455078,37906800,0.0,0.0,122.16938629150391,120.33007278442383
2023-07-21 00:00:00-04:00,119.79376445227324,120.16122512966996,117.91671142173932,119.19786834716795,72937900,0.0,0.0,121.09678192138672,120.38370056152344
2023-07-24 00:00:00-04:00,120.8266470185418,122.15746453991984,120.15130463507316,120.6975326538086,29686100,0.0,0.0,120.47705535888672,120.88822021484376
2023-07-25 00:00:00-04:00,120.52870291550938,122.3064425948192,120.19102792410442,121.37287902832033,52509600,0.0,0.0,120.16917877197265,121.39174728393554
2023-07-26 00:00:00-04:00,129.17902926561317,130.08278425880596,127.4410167455452,128.38450622558594,61682100,0.0,0.0,121.60725708007813,122.4186637878418
2023-07-27 00:00:00-04:00,130.76808123057597,132.32733427349476,127.90780388799678,128.5136260986328,44952100,0.0,0.0,123.63328247070312,122.90133438110351
2023-07-28 00:00:00-04:00,129.8841712389039,132.82390225649658,129.67561820048323,131.67184448242188,36591200,0.0,0.0,126.12807769775391,123.61242980957032
2023-07-31 00:00:00-04:00,131.82080861382926,132.61533172518926,130.87731904908145,131.81088256835938,28055500,0.0,0.0,128.35074768066406,124.4139015197754
2023-08-01 00:00:00-04:00,129.88418063298246,131.72151454614948,129.78485955227697,130.64891052246094,23166800,0.0,0.0,130.2059539794922,125.18756637573242
2023-08-02 00:00:00-04:00,128.5632807351884,129.19889620943687,126.68622760387116,127.50061798095705,26273300,0.0,0.0,130.0291763305664,125.81821670532227
2023-08-03 00:00:00-04:00,127.09341398106744,128.5036852432117,126.54717841897386,127.57012176513672,20089500,0.0,0.0,129.8404754638672,126.73687896728515
2023-08-04 00:00:00-04:00,128.39444382141764,130.6091643030469,127.0338330326626,127.23246002197266,26147200,0.0,0.0,128.95259857177734,127.54033813476562
2023-08-07 00:00:00-04:00,128.2752674889027,130.70848214492673,128.13622708439468,130.6290283203125,22746300,0.0,0.0,128.71622772216796,128.53348770141602
2023-08-08 00:00:00-04:00,129.7252678010533,130.60917082877378,128.6526638200663,130.4999237060547,23535200,0.0,0.0,128.68643035888672,129.44619216918946
2023-08-09 00:00:00-04:00,130.75815086279874,131.1355376104998,128.11636785754888,128.7718505859375,24912900,0.0,0.0,128.9406768798828,129.48492660522462
2023-08-10 00:00:00-04:00,130.42049066551243,131.14548606346665,128.56328949903423,128.80165100097656,20857800,0.0,0.0,129.18698272705078,129.51372909545898
2023-08-11 00:00:00-04:00,127.77868690101997,129.0399765320376,127.2920379292445,128.67251586914062,19591100,0.0,0.0,129.47499389648436,129.21379623413085
2023-08-14 00:00:00-04:00,128.5036910412777,130.4701239992725,128.07664377163357,130.43040466308594,24695600,0.0,0.0,129.43526916503907,129.07574844360352
2023-08-15 00:00:00-04:00,130.20200257868774,130.51980277539664,128.39446186710262,128.8910369873047,19770700,0.0,0.0,129.11349182128907,128.89996109008788
2023-08-16 00:00:00-04:00,127.81842803955078,129.38760717811937,126.99411913004236,127.81842803955078,25216100,0.0,0.0,128.9228073120117,128.93174209594727
2023-08-17 00:00:00-04:00,128.91088665122683,131.08588780571418,128.40437039897924,129.03005981445312,33446300,0.0,0.0,128.96848907470704,129.0777359008789
2023-08-18 00:00:00-04:00,127.6297171477929,128.3646536960574,125.51431010865518,126.5869140625,30504800,0.0,0.0,128.5513687133789,129.01318130493163
2023-08-21 00:00:00-04:00,126.30882582321787,127.84820388077635,125.69307005391428,127.49066925048828,25248700,0.0,0.0,127.96342163085937,128.69934539794923
2023-08-22 00:00:00-04:00,127.62971321202188,129.38759312280365,127.4410274236173,128.19581604003906,22054900,0.0,0.0,127.82437744140626,128.46893463134765
2023-08-23 00:00:00-04:00,129.28828598704578,132.49617204970477,128.98041184919285,131.46328735351562,27819700,0.0,0.0,128.55334930419923,128.73807830810546
2023-08-24 00:00:00-04:00,133.03247167127745,133.3304197742527,128.68248392321104,128.8910369873047,28500700,0.0,0.0,128.52554473876953,128.74701690673828
2023-08-25 00:00:00-04:00,128.6526586317479,129.86430297876237,126.37835154683796,128.99034118652344,26762900,0.0,0.0,129.00623016357423,128.77879943847657
2023-08-28 00:00:00-04:00,130.41054267784654,131.63211310890395,129.24855883060624,130.1125946044922,20543300,0.0,0.0,129.530615234375,128.74701843261718
2023-08-29 00:00:00-04:00,131.33418219305656,135.6345241905877,131.33418219305656,133.64822387695312,43075600,0.0,0.0,130.6210968017578,129.22273712158204
2023-08-30 00:00:00-04:00,133.85674775386124,135.3464726644511,133.1516197825707,134.94921875,28315800,0.0,0.0,131.3182830810547,129.93581619262696
2023-08-31 00:00:00-04:00,135.0783512444633,137.05472556870842,134.8598569913601,135.2372589111328,30053800,0.0,0.0,132.5875274658203,130.55653610229493
2023-09-01 00:00:00-04:00,136.51843204322375,136.51843204322375,133.9263094362553,134.7307586669922,21543700,0.0,0.0,133.73561096191406,131.37092056274415
2023-09-05 00:00:00-04:00,134.51227020074484,135.48555318747054,133.65816039280637,134.8400115966797,19403100,0.0,0.0,134.68109436035155,132.1058547973633
2023-09-06 00:00:00-04:00,135.08826726403294,135.59476830857517,132.75435870196637,133.53895568847656,18684500,0.0,0.0,134.65924072265625,132.64016876220703
2023-09-07 00:00:00-04:00,132.6749068695992,134.65128085502647,132.03929146615658,134.33346557617188,18844300,0.0,0.0,134.5360900878906,132.92718658447265
2023-09-08 00:00:00-04:00,133.98589926905944,135.72391214694886,133.9263126807864,135.44583129882812,23558300,0.0,0.0,134.5778045654297,133.582666015625
2023-09-11 00:00:00-04:00,135.6046995764689,136.53826303725594,134.85983704766224,135.9821014404297,20763400,0.0,0.0,134.82807312011718,134.28184204101564
2023-09-12 00:00:00-04:00,135.32662963976946,135.9324518179946,134.26396689359834,134.41293334960938,18405500,0.0,0.0,134.74265747070314,134.71187591552734
2023-09-13 00:00:00-04:00,134.1646460710429,135.96224536352338,133.231082533579,135.7735595703125,20749500,0.0,0.0,135.1895782470703,134.92440948486328
2023-09-14 00:00:00-04:00,136.65744721261478,137.74990312925547,135.30676259506888,137.15402221679688,24751000,0.0,0.0,135.75368957519532,135.14488983154297
2023-09-15 00:00:00-04:00,137.0348453999781,137.5711549358485,135.5451202625324,136.4588165283203,38919600,0.0,0.0,135.95628662109374,135.2670455932617
2023-09-18 00:00:00-04:00,135.6742440861328,138.2067800272706,135.6742440861328,137.26329040527344,21861300,0.0,0.0,136.2125244140625,135.52029876708986
2023-09-19 00:00:00-04:00,136.47870360736692,137.46192779650633,135.68418038774342,137.09445190429688,20353700,0.0,0.0,136.748828125,135.74574279785156
2023-09-20 00:00:00-04:00,137.1341818172231,137.1341818172231,132.70472524498294,132.82391357421875,29927500,0.0,0.0,136.15889892578124,135.6742385864258
2023-09-21 00:00:00-04:00,130.53965894518316,131.32424090064023,129.17904808066385,129.5465087890625,31503900,0.0,0.0,134.63739624023438,135.19554290771484
2023-09-22 00:00:00-04:00,129.86430445123077,131.12560934891957,128.71226182736228,129.35780334472656,26397300,0.0,0.0,133.21719360351562,134.58674011230468
2023-09-25 00:00:00-04:00,128.94068310930032,130.27150064557682,128.0766473461499,130.2119140625,20094600,0.0,0.0,131.80691833496093,134.0097213745117
2023-09-26 00:00:00-04:00,128.88109288658347,129.46704780931566,126.34855709746034,127.68931579589844,25718700,0.0,0.0,129.92589111328124,133.3373596191406
2023-09-27 00:00:00-04:00,127.68932114866524,130.0033476459015,127.68932114866524,129.64581298828125,22746500,0.0,0.0,129.29027099609374,132.7245849609375
2023-09-28 00:00:00-04:00,128.9506045787111,132.38691057211608,128.9009440431534,131.4036865234375,22513100,0.0,0.0,129.66170654296874,132.14955139160156
2023-09-29 00:00:00-04:00,132.36702893595208,133.13175866844873,129.46703279503262,129.96360778808594,30859800,0.0,0.0,129.78286743164062,131.50003051757812
2023-10-02 00:00:00-04:00,130.31123025855513,133.49923356795875,130.27149576847927,133.25094604492188,22288000,0.0,0.0,130.390673828125,131.09879608154296
2023-10-03 00:00:00-04:00,133.0225394165618,133.34033959843973,130.9369179473362,131.5228729248047,22989400,0.0,0.0,131.15738525390626,130.54163818359376
2023-10-04 00:00:00-04:00,131.88041418877737,134.64138580810248,131.62220058096094,134.3136444091797,26752300,0.0,0.0,132.09095153808593,130.69061126708985
2023-10-05 00:00:00-04:00,134.14479064941406,134.56191187093788,132.53587719008763,134.14479064941406,19832600,0.0,0.0,132.63917236328126,131.150439453125
2023-10-06 00:00:00-04:00,133.0920354756824,137.2136173603073,133.0920354756824,136.63758850097656,27597600,0.0,0.0,133.97396850585938,131.87841796875
2023-10-09 00:00:00-04:00,136.00198949560956,137.98828987637378,134.68109792388904,137.4718475341797,19278100,0.0,0.0,134.81814880371093,132.60441131591796
2023-10-10 00:00:00-04:00,137.55129206777264,138.76293643045838,136.3893082421022,137.1143035888672,27786600,0.0,0.0,135.93643493652343,133.54691009521486
2023-10-11 00:00:00-04:00,137.63074284413509,140.1434113878539,137.63074284413509,139.58724975585938,25884300,0.0,0.0,136.99115600585938,134.54105377197266
2023-10-12 00:00:00-04:00,140.08383585702484,140.25266956903684,137.3129383696769,138.01808166503906,24765500,0.0,0.0,137.76581420898438,135.2024932861328
2023-10-13 00:00:00-04:00,138.42528082227236,139.04102910178543,135.68417654981894,136.4191131591797,23420500,0.0,0.0,137.722119140625,135.8480438232422
2023-10-16 00:00:00-04:00,137.22354879733518,138.67355462493762,137.04478905169177,138.14718627929688,28501900,0.0,0.0,137.85718688964843,136.3376678466797
2023-10-17 00:00:00-04:00,137.6804094322447,138.9416992051521,136.24032959877303,138.762939453125,23515800,0.0,0.0,138.1869140625,137.06167449951172
2023-10-18 00:00:00-04:00,138.4947833931161,139.75608830865576,136.4389704924277,137.01499938964844,23375000,0.0,0.0,137.6724639892578,137.3318099975586
2023-10-19 00:00:00-04:00,137.55130492277888,138.70336281042037,136.43898153017037,136.8064422607422,26066000,0.0,0.0,137.43013610839844,137.5979751586914
2023-10-20 00:00:00-04:00,136.38930324394852,136.92559762296315,134.15471554856344,134.67115783691406,26335700,0.0,0.0,137.0805450439453,137.40133209228514
2023-10-23 00:00:00-04:00,134.11499648001524,136.7170603116326,133.0324663979107,135.56500244140625,26317900,0.0,0.0,136.5641082763672,137.2106475830078
2023-10-24 00:00:00-04:00,136.88589368436072,138.40541227579735,136.47869846593147,137.8591766357422,44814300,0.0,0.0,136.38335571289062,137.2851348876953
2023-10-25 00:00:00-04:00,127.28211608218773,127.43108253036507,124.2132784384612,124.74958038330078,84366200,0.0,0.0,133.9302719116211,135.80136795043944
2023-10-26 00:00:00-04:00,122.42561458962273,123.47835889189942,120.43931430693333,121.44239807128906,57061100,0.0,0.0,130.85746307373046,134.14379959106446
2023-10-27 00:00:00-04:00,122.0382807989468,122.46533564236816,119.38657186700053,121.33314514160156,44566500,0.0,0.0,128.18986053466796,132.63520278930665
2023-10-30 00:00:00-04:00,122.36602995491228,124.54103122378427,121.90918179187298,123.6074676513672,28940100,0.0,0.0,125.79835357666016,131.18123092651368
2023-10-31 00:00:00-04:00,124.2033549220586,124.51123661998804,121.84959392373725,123.23007202148438,26292300,0.0,0.0,122.87253265380859,129.6279441833496
2023-11-01 00:00:00-04:00,123.22013718892472,125.62355870184368,122.87253615641733,125.58383178710938,30082400,0.0,0.0,123.03938293457031,128.4848274230957
2023-11-02 00:00:00-04:00,127.54034444912548,128.09650612590542,126.06055280075913,126.61671447753906,27124600,0.0,0.0,124.07424621582031,127.46585464477539
2023-11-03 00:00:00-04:00,127.1430941962939,128.64274555866953,126.9841865255831,128.2156982421875,26393100,0.0,0.0,125.4507568359375,126.82030868530273
2023-11-06 00:00:00-05:00,128.16602622960193,129.44718321865057,127.78862433400964,129.35780334472656,19052700,0.0,0.0,126.60082397460937,126.19958877563477
2023-11-07 00:00:00-05:00,129.8146623938561,131.00643953950896,128.99034595326015,130.0728759765625,29757300,0.0,0.0,127.969384765625,125.4209587097168
2023-11-08 00:00:00-05:00,130.0728843319122,131.30439604894627,129.88418336716097,130.93692016601562,26425800,0.0,0.0,129.04000244140624,126.03969268798828
2023-11-09 00:00:00-05:00,131.0561046568559,131.64205962708724,129.17905141944397,129.34788513183594,23747800,0.0,0.0,129.58623657226562,126.83024139404297
2023-11-10 00:00:00-05:00,129.2088437191894,131.89034615855235,128.52356767433983,131.68177795410156,26913300,0.0,0.0,130.27945251464843,127.86510467529297
2023-11-13 00:00:00-05:00,130.87733703282254,131.6817863001911,130.3509686195006,131.18521118164062,18324800,0.0,0.0,130.64493408203126,128.6228790283203
2023-11-14 00:00:00-05:00,133.27081474682353,134.7704659468235,132.40677900657556,132.7047119140625,32395200,0.0,0.0,131.17130126953126,129.57034301757812
2023-11-15 00:00:00-05:00,133.94616352823743,134.1050711983341,132.6550803829433,133.6978759765625,23861500,0.0,0.0,131.72349243164064,130.38174743652343
2023-11-16 00:00:00-05:00,134.26397851452822,136.28007221647312,133.3999426863431,135.99205017089844,28013200,0.0,0.0,133.0523254394531,131.31928100585938
2023-11-17 00:00:00-05:00,135.06842424103002,135.12801082704152,132.73451526045164,134.38314819335938,37240600,0.0,0.0,133.59259948730468,131.93602600097657
2023-11-20 00:00:00-05:00,132.774249400923,135.72390663480266,132.70472161458173,135.31671142578125,27815500,0.0,0.0,134.4188995361328,132.53191680908202
2023-11-21 00:00:00-05:00,135.35641885860446,136.240321830969,135.02869266524024,136.03176879882812,22635300,0.0,0.0,135.08431091308594,133.1278060913086
2023-11-22 00:00:00-05:00,136.52834920416743,138.4649889214338,136.52834920416743,137.54136657714844,17813900,0.0,0.0,135.85300903320314,133.7882507324219
2023-11-24 00:00:00-05:00,137.0845409704119,137.18386206666574,135.0585209335691,135.75372314453125,12514300,0.0,0.0,135.8053436279297,134.4288345336914
2023-11-27 00:00:00-05:00,135.098214546326,137.47184281366268,135.06842125397912,135.47561645507812,23436500,0.0,0.0,136.02383728027343,134.80821838378907
2023-11-28 00:00:00-05:00,135.14786959064773,136.30985340774254,134.49238687712713,136.26019287109375,18730000,0.0,0.0,136.21253356933593,135.3157165527344
2023-11-29 00:00:00-05:00,136.62768277470195,137.34273698978822,133.91637176828155,134.0653533935547,23967200,0.0,0.0,135.81925048828126,135.4517807006836
2023-11-30 00:00:00-05:00,134.12493508416668,134.6215101750712,130.3807546555512,131.6221923828125,38988300,0.0,0.0,134.63541564941406,135.24421234130858
2023-12-01 00:00:00-05:00,130.95677185058594,131.20505937380074,129.77492081540063,130.95677185058594,31442300,0.0,0.0,133.676025390625,134.74068450927734
2023-12-04 00:00:00-05:00,128.9903283387517,129.13929477876522,127.02388798210762,128.38450622558594,36669900,0.0,0.0,132.25780334472657,134.1408203125
2023-12-05 00:00:00-05:00,128.06672315933784,131.23487491745817,127.37152100730604,130.09275817871094,27384800,0.0,0.0,131.02431640625,133.61842498779296
2023-12-06 00:00:00-05:00,130.53966601076132,130.93692003300382,128.99035410803816,129.12939453125,23576200,0.0,0.0,130.03712463378906,132.92818756103514
2023-12-07 00:00:00-05:00,134.11499689135425,137.61088985291832,133.77732945899103,135.99205017089844,56767100,0.0,0.0,130.91109619140624,132.77325592041015
2023-12-08 00:00:00-05:00,133.280756234884,135.46568368379624,133.11192251632352,134.0653533935547,32260100,0.0,0.0,131.5328125,132.6044189453125
2023-12-11 00:00:00-05:00,131.47322847678203,132.4266441834892,130.46021102841993,132.37698364257812,31138000,0.0,0.0,132.33130798339843,132.2945556640625
2023-12-12 00:00:00-05:00,130.9071004769167,132.0889514142532,130.36086494021498,131.61224365234375,29032800,0.0,0.0,132.635205078125,131.8297607421875
2023-12-13 00:00:00-05:00,132.4663908404248,132.5855640261378,130.6687912359897,131.6619415283203,30104800,0.0,0.0,133.14171447753907,131.58941955566405
2023-12-14 00:00:00-05:00,132.46636290932295,132.80403030049175,128.8016366786629,131.03622436523438,38722400,0.0,0.0,132.15054931640626,131.53082275390625
2023-12-15 00:00:00-05:00,130.71841340115773,132.5954665139772,130.28142492549298,131.69171142578125,50847100,0.0,0.0,131.67582092285156,131.60431671142578
2023-12-18 00:00:00-05:00,131.72151251769395,136.21054039619156,131.52287035934194,134.8697967529297,32258000,0.0,0.0,132.17438354492188,132.25284576416016
2023-12-19 00:00:00-05:00,135.9026749689795,136.52836446846126,135.1478862434252,135.71397399902344,25476800,0.0,0.0,132.9947296142578,132.8149673461914
2023-12-20 00:00:00-05:00,138.01808449484534,140.72938029742406,137.12425537662756,137.39239501953125,49107200,0.0,0.0,134.1408203125,133.64126739501953
2023-12-21 00:00:00-05:00,138.5345379146942,139.72631521899663,138.22664859852475,139.45816040039062,27488300,0.0,0.0,135.82520751953126,133.98787841796874
2023-12-22 00:00:00-05:00,139.8057437045314,141.01738803787043,139.74615712326357,140.52081298828125,26532200,0.0,0.0,137.59102783203124,134.6334243774414
2023-12-26 00:00:00-05:00,140.62012603356706,141.7026560595198,140.22287203546634,140.5506134033203,16780300,0.0,0.0,138.72719116210936,135.45078735351564
2023-12-27 00:00:00-05:00,140.62012214444914,141.10677115979163,138.9317699678128,139.40847778320312,19628600,0.0,0.0,139.46609191894532,136.23041076660155
2023-12-28 00:00:00-05:00,139.8156753043673,140.1732099604458,138.7927318739171,139.26943969726562,16045700,0.0,0.0,139.84150085449218,136.99116058349608
2023-12-29 00:00:00-05:00,138.6735677093716,139.3985631144452,137.8293839750218,138.733154296875,18733000,0.0,0.0,139.69649963378907,137.76085357666017
2024-01-02 00:00:00-05:00,137.60094312997316,138.49477211762903,135.5451152423906,137.22354125976562,23711200,0.0,0.0,139.03704528808595,138.31403656005858
2024-01-03 00:00:00-05:00,136.30987048262347,138.67357290392897,136.14103676028307,137.9684295654297,24212100,0.0,0.0,138.5206085205078,138.6238998413086
2024-01-04 00:00:00-05:00,137.47182763523583,138.20676412527402,135.4160149189422,135.4557342529297,27137700,0.0,0.0,137.7300598144531,138.59807586669922
2024-01-05 00:00:00-05:00,135.81327982358127,136.22047501254474,134.22423355918488,134.80026245117188,22513900,0.0,0.0,136.8362243652344,138.33886260986327
2024-01-08 00:00:00-05:00,135.35642590429612,138.05779549726947,135.32663261243945,137.8889617919922,21404000,0.0,0.0,136.66738586425782,138.18194274902345
2024-01-09 00:00:00-05:00,137.55129746260243,140.52082190307192,137.2036888441302,139.98451232910156,24759600,0.0,0.0,137.219580078125,138.12831268310546
2024-01-10 00:00:00-05:00,140.03417366063587,142.02047399624772,139.94479378255787,141.30540466308594,21320200,0.0,0.0,137.88697509765626,138.20379180908202
2024-01-11 00:00:00-05:00,142.50714182290835,144.22528759654676,139.67665740976778,141.10679626464844,24008700,0.0,0.0,139.0171875,138.37362365722657
2024-01-12 00:00:00-05:00,141.6927340680432,142.21910245000933,140.8485655093565,141.67286682128906,18785500,0.0,0.0,140.39170837402344,138.6139663696289
2024-01-16 00:00:00-05:00,141.0273279986293,143.36123702369463,140.48109235933,141.51397705078125,22670500,0.0,0.0,141.11671142578126,138.89204864501954
2024-01-17 00:00:00-05:00,140.3817881279767,140.86842203173782,137.948557992093,140.50096130371094,20968600,0.0,0.0,141.22000122070312,139.21979064941405
2024-01-18 00:00:00-05:00,141.076979705048,143.22218763363355,141.017393121632,142.49717712402344,25746400,0.0,0.0,141.45835571289064,139.67266540527345
2024-01-19 00:00:00-05:00,143.74855374619364,145.44683196408025,143.39101909701728,145.3773193359375,34271900,0.0,0.0,142.31246032714844,140.66482391357422
2024-01-22 00:00:00-05:00,146.09238746431797,147.37354444028344,144.84100862508816,144.989990234375,32200400,0.0,0.0,142.97588500976562,141.68379669189454
2024-01-23 00:00:00-05:00,144.89067452886135,146.17183155228614,144.5033465771963,146.0327911376953,21636100,0.0,0.0,143.87964782714843,142.49817962646483
2024-01-24 00:00:00-05:00,147.5225193379935,148.8235587881105,147.08554599350785,147.68142700195312,25233500,0.0,0.0,145.31574096679688,143.26787109375
2024-01-25 00:00:00-05:00,149.0420537261972,152.00163699834405,148.5156701926149,150.8297119140625,29149100,0.0,0.0,146.98224792480468,144.22030181884764
2024-01-26 00:00:00-05:00,150.06500710843747,151.49513072238005,149.97561206972168,151.1475372314453,26115500,0.0,0.0,148.13629150390625,145.22437591552733
2024-01-29 00:00:00-05:00,151.01840096976417,152.72662034492586,150.3927115607608,152.45846557617188,27784300,0.0,0.0,149.62998657226564,146.3029357910156
2024-01-30 00:00:00-05:00,151.75333332236926,152.56770849737956,150.15436110776048,150.42251586914062,36331800,0.0,0.0,150.5079315185547,147.19378967285155
2024-01-31 00:00:00-05:00,142.636243808546,143.01364577871772,138.9119301163919,139.14036560058594,71910000,0.0,0.0,148.79971923828126,147.05773010253907
2024-02-01 00:00:00-05:00,141.14650041457003,142.08006401958028,139.8256088409139,140.19308471679688,40466500,0.0,0.0,146.67239379882812,146.82732086181642
2024-02-02 00:00:00-05:00,138.30607040372718,141.64305517539495,135.5649817233193,141.4047088623047,62499600,0.0,0.0,144.723828125,146.43005981445313
2024-02-05 00:00:00-05:00,141.84172140070677,144.47356341654853,141.801986905598,142.69581604003906,38505400,0.0,0.0,142.77129821777345,146.20064239501954
2024-02-06 00:00:00-05:00,143.659181343745,144.36432470749597,142.20919042735767,143.1129608154297,29128200,0.0,0.0,141.30938720703125,145.90865936279297
2024-02-07 00:00:00-05:00,143.7684044294837,144.62251413002522,142.94408801989272,144.54306030273438,25208900,0.0,0.0,142.38992614746093,145.5948226928711
2024-02-08 00:00:00-05:00,144.83106864115135,145.32764364911486,144.1060733727193,144.9105224609375,22563800,0.0,0.0,143.33341369628906,145.0029037475586
2024-02-09 00:00:00-05:00,145.6752695511064,148.41637390512574,145.17869443239508,147.97938537597656,26829500,0.0,0.0,144.64834899902343,144.68608856201172
2024-02-12 00:00:00-05:00,147.40332736941176,148.31702358925634,146.36051679478177,146.51942443847656,21564100,0.0,0.0,145.41307067871094,144.0921844482422
2024-02-13 00:00:00-05:00,143.92731874169158,145.6653315141202,142.70574829340842,144.14581298828125,27837700,0.0,0.0,145.61964111328126,143.46451416015626
2024-02-14 00:00:00-05:00,145.0793785522992,145.5163670514816,143.10300425982211,144.94033813476562,22704200,0.0,0.0,145.6990966796875,144.0445114135742
2024-02-15 00:00:00-05:00,142.15951393413914,142.53691584599866,139.49787876744466,141.79205322265625,37590700,0.0,0.0,145.07540283203124,144.20440826416015
2024-02-16 00:00:00-05:00,142.01053117792068,142.2091581571692,139.18004747226115,139.5574493408203,31468900,0.0,0.0,143.391015625,144.01968231201172
2024-02-20 00:00:00-05:00,138.70334492917732,141.1067663236611,138.5345112327269,140.15333557128906,25144700,0.0,0.0,142.1177978515625,143.76543426513672
2024-02-21 00:00:00-05:00,140.4810913513108,141.71260304250615,139.71636146177912,141.5735626220703,23223300,0.0,0.0,141.6033477783203,143.6114944458008
2024-02-22 00:00:00-05:00,143.937223940295,144.00675171517096,141.821824720001,143.1029815673828,27191900,0.0,0.0,141.23587646484376,143.4674865722656
2024-02-23 00:00:00-05:00,142.68587020226934,143.6889463277241,142.44750872748762,142.97389221191406,19493800,0.0,0.0,141.4722442626953,143.2738235473633
2024-02-26 00:00:00-05:00,141.16634272399637,141.46429075976772,136.4488801461274,136.62765502929688,53641800,0.0,0.0,140.88628540039062,142.1386505126953
2024-02-27 00:00:00-05:00,137.07460112024197,138.29617167895017,136.15096351175276,137.9287109375,33099200,0.0,0.0,140.4413604736328,141.27957916259766
2024-02-28 00:00:00-05:00,136.95540871597794,137.06465584590177,134.48247437702784,135.44583129882812,37328600,0.0,0.0,139.21581420898437,140.40958099365236
2024-02-29 00:00:00-05:00,136.3396411924551,137.9088201307194,135.4656642763921,137.51156616210938,42133000,0.0,0.0,138.0975311279297,139.6667037963867
2024-03-01 00:00:00-05:00,137.48177969327108,137.9187682211517,135.98212829465342,136.20062255859375,31151100,0.0,0.0,136.7428771972656,139.10756072998046
2024-03-04 00:00:00-05:00,134.73075899682425,134.73075899682425,131.0064457681699,132.43658447265625,55999400,0.0,0.0,135.9046630859375,138.39547424316407
2024-03-05 00:00:00-05:00,130.97664850689333,132.32733333640527,129.77493014030705,131.76123046875,40194800,0.0,0.0,134.6711669921875,137.55626373291017
2024-03-06 00:00:00-05:00,132.20814317715227,132.6649989142327,129.95370324672783,130.4999237060547,35318600,0.0,0.0,133.6819854736328,136.4488998413086
2024-03-07 00:00:00-05:00,131.88039821915834,134.01568007704142,130.70848834758843,133.4595184326172,37738200,0.0,0.0,132.87157592773437,135.48455352783202
2024-03-08 00:00:00-05:00,133.29069048269943,137.1441028229162,133.08212227990484,134.4824676513672,39370400,0.0,0.0,132.52794494628907,134.63541107177736
2024-03-11 00:00:00-04:00,135.1975450664785,138.147202448987,135.1975450664785,136.72698974609375,32437800,0.0,0.0,133.38602600097656,134.64534454345704
2024-03-12 00:00:00-04:00,136.09136807062538,138.42527705734926,136.09136807062538,137.55130004882812,27563400,0.0,0.0,134.54403991699218,134.60760345458985
2024-03-13 00:00:00-04:00,138.04787651328522,140.1235567749136,138.0379504669147,138.83245849609375,23347200,0.0,0.0,136.210546875,134.9462661743164
2024-03-14 00:00:00-04:00,140.22286121787153,142.60641533113196,139.49786590784714,142.11978149414062,42753400,0.0,0.0,137.94259948730468,135.40708770751954
2024-03-15 00:00:00-04:00,141.52390192482534,142.19923677925948,139.07081974578682,140.2129364013672,49475400,0.0,0.0,139.08869323730468,135.80831909179688
2024-03-18 00:00:00-04:00,147.59204880216603,151.10779377020597,146.16191011880434,146.6684112548828,69273700,0.0,0.0,141.0769775390625,137.23150177001952
2024-03-19 00:00:00-04:00,147.14513750194735,147.77081182403458,145.07938326416507,146.0228729248047,24070400,0.0,0.0,142.77129211425782,138.657666015625
2024-03-20 00:00:00-04:00,146.98622431157722,147.84033405901792,145.7348605601371,147.72116088867188,21311500,0.0,0.0,144.54903259277344,140.37978973388672
2024-03-21 00:00:00-04:00,148.44616000360566,149.33998911224745,145.89375674311398,146.58897399902344,24755600,0.0,0.0,145.44287109375,141.69273529052734
2024-03-22 00:00:00-04:00,148.09853690756384,150.5416928023867,147.959496500819,149.73724365234375,29211800,0.0,0.0,147.3477325439453,143.218212890625
2024-03-25 00:00:00-04:00,148.91292360567456,149.34991206023355,146.8074503110912,149.0420379638672,19229300,0.0,0.0,147.82245788574218,144.44971771240233
2024-03-26 00:00:00-04:00,149.1910096788579,151.2170292210166,148.95264819861129,149.63792419433594,22149100,0.0,0.0,148.54546813964845,145.65838012695312
2024-03-27 00:00:00-04:00,150.1444219519495,150.60127765702768,147.88004097990623,149.8365478515625,22879200,0.0,0.0,148.96854553222656,146.7587890625
2024-03-28 00:00:00-04:00,149.8167100033746,150.39272376928287,149.14136000396124,149.89614868164062,24485400,0.0,0.0,149.62998046875,147.53642578125
2024-04-01 00:00:00-04:00,149.6578028686982,154.67321430251357,149.57834903588156,154.4249267578125,31730800,0.0,0.0,150.56751708984376,148.95762481689454
2024-04-02 00:00:00-04:00,152.44852987054117,153.6403068777637,151.10777126599905,153.5012664794922,24586000,0.0,0.0,151.45936279296876,149.64091033935546
2024-04-03 00:00:00-04:00,152.54786018366335,154.01771807653932,151.68380929877364,153.8588104248047,24705000,0.0,0.0,152.3035400390625,150.42450408935548
2024-04-04 00:00:00-04:00,152.4485431723482,153.7098480658943,149.41943228041532,149.49888610839844,34724700,0.0,0.0,152.2360076904297,150.60227661132814
2024-04-05 00:00:00-04:00,149.00230145399445,152.36907953234603,148.57525420463722,151.45538330078125,23459200,0.0,0.0,152.5478546142578,151.08891754150392
2024-04-08 00:00:00-04:00,151.73349361287455,154.2064431848851,151.56465988929844,153.78932189941406,20702000,0.0,0.0,152.4207336425781,151.49412536621094
2024-04-09 00:00:00-04:00,155.02081218686513,157.4738944107065,154.12698306219647,155.52732849121094,31079500,0.0,0.0,152.82594604492186,152.1426544189453
2024-04-10 00:00:00-04:00,155.13999287301036,155.5372468745642,153.6204591891085,155.07046508789062,22838600,0.0,0.0,153.06827697753906,152.68590850830077
2024-04-11 00:00:00-04:00,155.835209096074,158.58622437276043,155.38829451519794,158.31808471679688,27166400,0.0,0.0,154.83211669921874,153.53406219482423
2024-04-12 00:00:00-04:00,156.87800209265978,159.12251594365648,156.06361170739086,156.64956665039062,25353700,0.0,0.0,155.87095336914064,154.20940399169922
2024-04-15 00:00:00-04:00,157.77182524735122,158.1492271341313,153.53107008373672,153.79922485351562,27136500,0.0,0.0,155.87293395996093,154.14683380126954
2024-04-16 00:00:00-04:00,153.13380842636792,154.58379901101057,152.3790046906613,153.3423614501953,20779500,0.0,0.0,155.43594055175782,154.13094329833984
2024-04-17 00:00:00-04:00,154.55402627985885,156.0040322116408,153.5211567597512,154.40505981445312,21763100,0.0,0.0,155.3028594970703,154.1855682373047
2024-04-18 00:00:00-04:00,154.2759364510269,155.86498270934086,153.56086715021243,154.94134521484375,19883000,0.0,0.0,154.62751159667968,154.7298141479492
2024-04-19 00:00:00-04:00,155.13006297338708,155.288970647292,151.2567831361415,153.03451538085938,32615600,0.0,0.0,153.90450134277344,154.88772735595703
2024-04-22 00:00:00-04:00,153.252996179296,156.56018797481067,153.004708643485,155.20950317382812,26446200,0.0,0.0,154.18655700683593,155.02974548339844
2024-04-23 00:00:00-04:00,155.88485079460835,157.88107709681086,155.20950082719352,157.17593383789062,21151600,0.0,0.0,154.953271484375,155.1946060180664
2024-04-24 00:00:00-04:00,156.41122759408012,158.47698179082704,156.093412261841,158.0399932861328,22779100,0.0,0.0,155.68025817871094,155.49155883789064
2024-04-25 00:00:00-04:00,150.2934323141414,155.41809134902164,149.83657652164737,154.9314422607422,57109700,0.0,0.0,155.67827758789062,155.15289459228515
2024-04-26 00:00:00-04:00,173.17559264604492,173.51327522567658,168.48792256762354,170.7721710205078,64665300,0.0,0.0,159.2258087158203,156.56515502929688
2024-04-29 00:00:00-04:00,167.901957086764,168.3886061017505,164.07833821221814,165.0118865966797,45610000,0.0,0.0,161.18628540039063,157.6864212036133
2024-04-30 00:00:00-04:00,164.47561025657222,166.94855978571303,161.48623351871703,161.6649932861328,33562900,0.0,0.0,162.08409729003907,158.51868438720703
2024-05-01 00:00:00-04:00,163.1745831231535,165.97525884524785,161.9728646968349,162.7375946044922,33493200,0.0,0.0,163.02361755371095,159.35193786621093
2024-05-02 00:00:00-04:00,163.6611865828327,165.5879000634434,162.76735761859345,165.47865295410156,24294500,0.0,0.0,165.1330596923828,160.40566864013672
2024-05-03 00:00:00-04:00,166.41222152550228,166.80949064181576,161.93312021322197,166.09442138671875,34662400,0.0,0.0,164.197509765625,161.71165924072267
2024-05-06 00:00:00-04:00,166.31294707001013,166.9882819640809,164.89273433624226,166.9485626220703,21871300,0.0,0.0,164.58484497070313,162.88556518554688
2024-05-07 00:00:00-04:00,167.34577235757868,170.58343585091947,167.23652525313307,170.07693481445312,28039700,0.0,0.0,166.2672332763672,164.17566528320313
2024-05-08 00:00:00-04:00,167.84237044353367,168.98448702093918,167.58415686761862,168.2197723388672,19569100,0.0,0.0,167.3636688232422,165.19364318847656
2024-05-09 00:00:00-04:00,168.22970402279228,169.5208022541753,167.02798566826758,168.79580688476562,15346700,0.0,0.0,168.027099609375,166.5800796508789
2024-05-10 00:00:00-04:00,166.87901799355728,168.68655853520565,165.05162536004164,167.49476623535156,29799900,0.0,0.0,168.30716857910156,166.2523391723633
2024-05-13 00:00:00-04:00,163.13483724153954,168.12045520894833,162.87662365956714,167.98141479492188,31327600,0.0,0.0,168.51373901367188,166.5492919921875
2024-05-14 00:00:00-04:00,168.60709956951226,170.0769574991566,167.64374274389093,169.17318725585938,25127100,0.0,0.0,168.33298950195314,167.30011138916015
2024-05-15 00:00:00-04:00,169.46121142592096,171.46736377620064,169.3420231054926,171.3283233642578,26948400,0.0,0.0,168.95469970703124,168.15918426513673
2024-05-16 00:00:00-04:00,172.102989637879,173.920456302831,171.50710861685377,172.9868927001953,27867900,0.0,0.0,169.79291687011718,168.9100082397461
2024-05-17 00:00:00-04:00,172.9868768718215,175.06257209479978,172.50024302231847,174.85400390625,24479300,0.0,0.0,171.26476440429687,169.7859664916992
2024-05-20 00:00:00-04:00,174.98314968278012,177.5454792152712,174.87390254616835,175.70814514160156,22554400,0.0,0.0,172.81011047363282,170.66192474365235
2024-05-21 00:00:00-04:00,175.68825488082155,176.92969256413505,174.60572485799662,176.6317596435547,16989400,0.0,0.0,174.30182495117188,171.3174072265625
2024-05-22 00:00:00-04:00,175.4300275271668,175.93652860666225,174.00983020298898,175.17181396484375,17880000,0.0,0.0,175.07052307128907,172.01261138916016
2024-05-23 00:00:00-04:00,175.85711428242732,177.02902425167093,171.76532512806048,172.36122131347656,21024900,0.0,0.0,174.9453887939453,172.36915283203126
2024-05-24 00:00:00-04:00,173.78142537597992,174.5660225547883,172.46053373352476,173.79136657714844,16579400,0.0,0.0,174.732861328125,172.99881286621093
2024-05-28 00:00:00-04:00,173.2550411409201,176.0557318461207,173.1755873101766,175.19168090820312,20572200,0.0,0.0,174.62956848144532,173.71983947753907
2024-05-29 00:00:00-04:00,174.22830189331825,175.62864706785572,173.52317386081788,174.69508361816406,23388700,0.0,0.0,174.2422332763672,174.27202911376952
2024-05-30 00:00:00-04:00,173.99992196516305,174.01978921349524,170.61327595235952,170.93109130859375,22931500,0.0,0.0,173.3940887451172,174.23230590820313
2024-05-31 00:00:00-04:00,170.68278964567202,171.87456682456684,168.2793680411912,171.3184051513672,37638900,0.0,0.0,173.1855255126953,174.06545715332032
2024-06-03 00:00:00-04:00,171.35813618142186,173.33451061963038,169.9875991516087,171.98382568359375,27459100,0.0,0.0,172.8240173339844,173.7784393310547
2024-06-04 00:00:00-04:00,172.09306246094846,172.6591653391861,170.71258431304562,172.5995635986328,26879600,0.0,0.0,172.30559387207032,173.46758117675782
2024-06-05 00:00:00-04:00,173.99989738382425,175.43996202192773,172.73859249264606,174.20846557617188,22068500,0.0,0.0,172.20827026367186,173.22525177001953
2024-06-06 00:00:00-04:00,174.69510798291464,175.93654568931473,174.54614151985416,175.51942443847656,23251000,0.0,0.0,173.12593688964844,173.2600128173828
2024-06-07 00:00:00-04:00,175.83722393107303,176.65159911291653,173.10606122293635,173.2649688720703,19661400,0.0,0.0,173.51524963378907,173.3503875732422
2024-06-10 00:00:00-04:00,173.97090097400908,176.04896317552084,171.77351367054146,174.0106658935547,23726700,0.2,0.0,173.92061767578124,173.3723175048828
2024-06-11 00:00:00-04:00,175.213770813787,175.83022570889565,172.77776354554194,175.61148071289062,21540600,0.0,0.0,174.52300109863282,173.41429748535157
2024-06-12 00:00:00-04:00,177.23217556405126,179.379845400023,175.10439577424404,176.77479553222656,27864700,0.0,0.0,175.03626708984376,173.6222686767578
2024-06-13 00:00:00-04:00,175.10440825817855,175.7308157979112,173.8814358359176,174.1598358154297,20913300,0.0,0.0,174.76434936523438,173.9451431274414
2024-06-14 00:00:00-04:00,173.2251852008677,176.04896483669535,173.1555776264317,175.78050231933594,18063600,0.0,0.0,175.2674560546875,174.39135284423827
2024-06-17 00:00:00-04:00,174.45811620425826,177.34155090633004,173.81181865264895,176.2279510498047,19618500,0.0,0.0,175.7109130859375,174.81576538085938
2024-06-18 00:00:00-04:00,176.1285226693017,176.3770951589655,173.10588787052086,174.09022521972656,21869900,0.0,0.0,175.4066619873047,174.96483154296874
2024-06-20 00:00:00-04:00,174.36863734568504,176.27767237873894,173.99081745179618,175.2933349609375,20160100,0.0,0.0,175.11036987304686,175.0733184814453
2024-06-21 00:00:00-04:00,175.9893366865349,179.81735940064124,175.60156417866833,178.6043243408203,57759000,0.0,0.0,175.999267578125,175.38180847167968
2024-06-24 00:00:00-04:00,179.1312749634446,179.85710235428542,177.6497775263464,178.19664001464844,18298000,0.0,0.0,176.4824951171875,175.8749755859375
2024-06-25 00:00:00-04:00,178.59434958875684,183.23768166890375,178.39549464018754,182.9791717529297,23130200,0.0,0.0,177.8327392578125,176.771826171875
2024-06-26 00:00:00-04:00,181.58718512405983,183.4564399823068,181.4380325230597,182.83004760742188,19839000,0.0,0.0,179.58070373535156,177.49368286132812
2024-06-27 00:00:00-04:00,183.128330697181,184.98766337259175,182.9692558226232,184.351318359375,18848900,0.0,0.0,181.39230041503907,178.25133514404297
2024-06-28 00:00:00-04:00,183.2675316089203,184.07290404421764,180.92100671054675,181.1099090576172,29156600,0.0,0.0,181.89341735839844,178.94634246826172
2024-07-01 00:00:00-04:00,181.984909580432,182.8300622052628,180.2647920141833,181.9451446533203,16006100,0.0,0.0,182.64311828613282,179.56280670166015
2024-07-02 00:00:00-04:00,181.0104790320944,184.51038372241197,180.52327152009687,184.1822662353516,17372500,0.0,0.0,182.88373718261718,180.35823822021484
2024-07-03 00:00:00-04:00,183.79450966944947,185.027419540138,182.9493571141165,184.75897216796875,10242100,0.0,0.0,183.26952209472657,181.42511291503905
2024-07-05 00:00:00-04:00,184.7987479676004,189.77019818175984,184.7390929924964,189.51168823242188,20967500,0.0,0.0,184.30159606933594,182.8469482421875
2024-07-08 00:00:00-04:00,188.8156499349587,189.0841124617017,186.7077601573061,187.95062255859372,21035900,0.0,0.0,185.66973876953125,183.78157806396484
2024-07-09 00:00:00-04:00,189.2233322365101,190.2673397971268,187.64241473790693,187.9009246826172,15121400,0.0,0.0,186.86089477539062,184.75200653076172
2024-07-10 00:00:00-04:00,188.06994097173063,190.6551009516032,187.9506310307602,190.08834838867188,15952500,0.0,0.0,188.0421112060547,185.46292419433593
2024-07-11 00:00:00-04:00,188.76595095990965,189.77017833635344,184.02318370351583,184.5103912353516,25625800,0.0,0.0,187.99239501953124,185.6309585571289
2024-07-12 00:00:00-04:00,184.0231973260217,186.0416048375752,183.43656985987124,184.0132598876953,22898400,0.0,0.0,186.89270935058593,185.59715270996094
2024-07-15 00:00:00-04:00,183.86409734476055,187.1651472900876,183.86409734476055,185.46490478515625,16474000,0.0,0.0,186.39556579589845,186.03265228271485
2024-07-16 00:00:00-04:00,186.29017198367765,187.6026268731147,182.3229494862612,182.86981201171875,18290700,0.0,0.0,185.38934326171875,186.1251190185547
2024-07-17 00:00:00-04:00,181.92523630082096,182.5019263017259,178.8727588226684,179.9863739013672,20734100,0.0,0.0,183.36894836425782,185.70552978515624
2024-07-18 00:00:00-04:00,180.89117984347467,181.4579324491382,175.46236471674348,176.67539978027344,25315700,0.0,0.0,181.80195007324218,184.8971725463867
2024-07-19 00:00:00-04:00,177.85860388752832,179.2605412872754,176.11859635003367,176.64556884765625,18881900,0.0,0.0,180.3284118652344,183.61056060791014
2024-07-22 00:00:00-04:00,179.5588097386944,181.6567620385204,179.20086476715244,180.6326446533203,24100300,0.0,0.0,179.3619598388672,182.8787628173828
2024-07-23 00:00:00-04:00,181.01047820725967,182.56156801417904,180.50338065154088,180.751953125,36352700,0.0,0.0,178.93838806152343,182.1638656616211
2024-07-24 00:00:00-04:00,172.60873427607677,175.18394149926314,170.83889945173814,171.64427185058594,49585200,0.0,0.0,177.26996765136718,180.3194580078125
2024-07-25 00:00:00-04:00,171.5348983988805,172.4297532433613,166.23533139265734,166.32481384277344,44852000,0.0,0.0,175.1998504638672,178.5009002685547
2024-07-26 00:00:00-04:00,166.19553938370566,167.13017425343986,163.1231874434032,166.04640197753906,41336900,0.0,0.0,173.08001708984375,176.70421447753907
2024-07-29 00:00:00-04:00,167.86598124081036,169.45683612568504,167.03078128837657,168.56198120117188,20293800,0.0,0.0,170.66588439941407,175.01392211914063
2024-07-30 00:00:00-04:00,169.26793984783785,170.25227726580664,167.47821476290122,169.31764221191406,18959700,0.0,0.0,168.37902221679687,173.65870513916016
2024-07-31 00:00:00-04:00,172.25080624759823,173.25503369271337,169.03923860189312,170.5605010986328,25729100,0.0,0.0,168.16226806640626,172.71611785888672
2024-08-01 00:00:00-04:00,169.2778754387371,173.0561805386624,167.91570297002085,169.7849578857422,24531400,0.0,0.0,168.854296875,172.0270736694336
2024-08-02 00:00:00-04:00,165.4896290110481,167.54780140914312,163.729731473792,165.7083740234375,29130100,0.0,0.0,168.78669128417968,170.93335418701173
2024-08-05 00:00:00-04:00,154.61211037149235,163.49111367184287,154.0453577327485,158.3406982421875,53630700,0.0,0.0,166.7424346923828,168.70415954589845
2024-08-06 00:00:00-04:00,158.42022424958387,159.65314928592488,155.51689933013026,157.3861541748047,49004600,0.0,0.0,164.35613708496095,166.3675796508789
2024-08-07 00:00:00-04:00,160.329247442372,162.0493647327587,157.56512271570298,158.03244018554688,25138600,0.0,0.0,161.85052490234375,165.006396484375
2024-08-08 00:00:00-04:00,159.5934875258261,162.75533771588556,159.29521265364664,161.1048126220703,25578800,0.0,0.0,160.11449584960937,164.4843963623047
2024-08-09 00:00:00-04:00,159.09633805981707,162.8547530607689,158.15176559045875,162.73544311523438,28602300,0.0,0.0,159.51990966796876,164.1533004760742
2024-08-12 00:00:00-04:00,163.41154638749342,163.95839367928275,160.91586910111624,161.36329650878906,15895300,0.0,0.0,160.12442932128906,163.43343200683594
2024-08-13 00:00:00-04:00,162.47692353255772,163.78937837052388,162.03943352934883,163.22264099121094,18551700,0.0,0.0,161.2917266845703,162.8239318847656
2024-08-14 00:00:00-04:00,161.4726921823738,162.28801727613745,156.8094847615611,159.45428466796875,40591100,0.0,0.0,161.5760955810547,161.71331024169922
2024-08-15 00:00:00-04:00,159.58353231405633,160.71702221708418,158.69861489126848,160.37896728515625,31524300,0.0,0.0,161.43092651367186,160.77271118164063
2024-08-16 00:00:00-04:00,160.5479977673965,164.11749500950546,160.20994282911744,162.0294952392578,24208600,0.0,0.0,161.28973693847655,160.40482330322266
2024-08-19 00:00:00-04:00,164.3362450435517,165.73819754258415,163.32206502598987,165.7183074951172,22416200,0.0,0.0,162.16073913574218,161.14258422851563
2024-08-20 00:00:00-04:00,165.9470028325088,167.67707297668008,165.8674729797842,166.22540283203125,18341500,0.0,0.0,162.76129150390625,162.0265090942383
2024-08-21 00:00:00-04:00,164.20696955757205,165.89727451091318,163.72971465758596,164.90298461914062,22902000,0.0,0.0,163.8510314941406,162.71356353759765
2024-08-22 00:00:00-04:00,166.30493512161505,166.63305263271135,162.3774927696954,162.8647003173828,22493300,0.0,0.0,164.34817810058593,162.8895523071289
2024-08-23 00:00:00-04:00,163.77943106089057,165.2310857967722,162.89451367016122,164.67428588867188,13955700,0.0,0.0,164.87713623046875,163.08343658447265
2024-08-26 00:00:00-04:00,165.42995714825835,166.59327450173777,163.52092237549783,165.21121215820312,14190400,0.0,0.0,164.77571716308594,163.46822814941407
2024-08-27 00:00:00-04:00,164.89304984017366,165.489629908409,163.5209399578905,163.7396697998047,11821900,0.0,0.0,164.27857055664063,163.51993103027343
2024-08-28 00:00:00-04:00,164.09763335723272,164.65444856397423,160.6076805270113,161.92015075683594,16407400,0.0,0.0,163.6820037841797,163.76651763916016
2024-08-29 00:00:00-04:00,163.37178412416296,165.0223091315335,159.33496923436493,160.85623168945312,19699800,0.0,0.0,163.28031005859376,163.81424407958986
2024-08-30 00:00:00-04:00,161.69144289011467,162.72551303705623,160.76676042707592,162.44711303710938,22123800,0.0,0.0,162.83487548828126,163.856005859375
2024-09-03 00:00:00-04:00,160.7965764689147,160.9258390209967,155.5864915219748,156.4614715576172,38945300,0.0,0.0,161.08492736816407,162.930322265625
2024-09-04 00:00:00-04:00,155.76547872304474,158.09211373684093,155.06947874092558,155.55667114257812,19353800,0.0,0.0,159.44832763671874,161.8634490966797
2024-09-05 00:00:00-04:00,155.40751290271373,158.5395199887869,155.0893328553914,156.34214782714844,18688700,0.0,0.0,158.33272705078124,161.00736541748046
2024-09-06 00:00:00-04:00,156.4018336644006,156.92880619659218,149.69037557951214,150.05825805664062,37912100,0.0,0.0,156.17313232421876,159.72672119140626
2024-09-09 00:00:00-04:00,151.84037111346015,152.7264627958575,146.57360452316885,148.05706787109375,39260500,0.2,0.0,153.2951232910156,158.06499938964845
2024-09-10 00:00:00-04:00,149.78941235994157,150.60581925736298,147.6886761823768,148.0072784423828,31118800,0.0,0.0,151.60428466796876,156.3446060180664
2024-09-11 00:00:00-04:00,149.26176148971257,150.83482618648793,146.8723049733769,150.49632263183594,29607700,0.0,0.0,150.59221496582032,155.02027130126953
2024-09-12 00:00:00-04:00,153.12471156382813,154.140237291496,151.97975176732055,154.01080322265625,29621500,0.0,0.0,150.12594604492188,154.22933654785157
2024-09-13 00:00:00-04:00,154.74754539538486,157.68460496841567,154.52852532698242,156.76864624023438,29591200,0.0,0.0,151.46802368164063,153.8205780029297
2024-09-16 00:00:00-04:00,156.61930555531896,157.555180781803,155.91243141908913,157.3660125732422,18379800,0.0,0.0,153.3298126220703,153.31246795654297
2024-09-17 00:00:00-04:00,158.32181279555903,159.8450939790901,157.68462338017213,158.62049865722656,20715600,0.0,0.0,155.45245666503905,153.52837066650392
2024-09-18 00:00:00-04:00,159.1581209112091,159.79531032602117,157.9036585234899,159.10833740234375,23677300,0.0,0.0,157.17485961914062,153.88353729248047
2024-09-19 00:00:00-04:00,162.99122997550924,163.07086536284316,160.6316252452358,161.42811584472656,26587700,0.0,0.0,158.6583221435547,154.3921340942383
2024-09-20 00:00:00-04:00,162.78213342108606,163.01111932448998,161.34845348503907,162.87173461914062,40896400,0.0,0.0,159.87893981933593,155.6734817504883
2024-09-23 00:00:00-04:00,163.62841256235794,164.7634066817542,160.9601714446055,161.13938903808594,24150900,0.0,0.0,160.63361511230468,156.9817138671875
2024-09-24 00:00:00-04:00,162.31419475907774,162.5033629705114,159.98447247380625,161.5774383544922,23332100,0.0,0.0,161.22500305175782,158.33872985839844
2024-09-25 00:00:00-04:00,160.7610436422212,162.09515653085376,160.59179187501798,160.7809600830078,18869200,0.0,0.0,161.5595275878906,159.36719360351563
2024-09-26 00:00:00-04:00,162.9215110711205,163.35958160947462,161.56748176702274,162.0155029296875,20319300,0.0,0.0,161.6770050048828,160.16766357421875
2024-09-27 00:00:00-04:00,162.0951694277683,164.9724800827397,161.91596702181027,163.23016357421875,21101300,0.0,0.0,161.74869079589843,160.81381530761718
2024-09-30 00:00:00-04:00,162.60293558835963,165.42049684043894,162.5431862628529,165.121826171875,20413900,0.0,0.0,162.54517822265626,161.58939666748046
2024-10-01 00:00:00-04:00,166.9537289039037,168.41727581616183,163.85738331840562,166.25680541992188,28338100,0.0,0.0,163.48105163574218,162.35302734375
2024-10-02 00:00:00-04:00,165.6893137329917,166.78449014447432,164.00673142434744,165.13177490234375,17760200,0.0,0.0,164.35121459960936,162.95537109375
2024-10-03 00:00:00-04:00,163.68814431760305,165.90834901528822,163.2002902448892,165.13177490234375,15073100,0.0,0.0,164.97446899414064,163.32573699951172
2024-10-04 00:00:00-04:00,167.32210163999207,167.49135340314862,164.75342774448882,166.3264923095703,19047400,0.0,0.0,165.59373474121094,163.67121276855468
2024-10-07 00:00:00-04:00,166.9835979885841,167.74025561009242,162.0354184047515,162.264404296875,22463100,0.0,0.0,165.02225036621093,163.7837142944336
2024-10-08 00:00:00-04:00,163.2202088485495,164.00673359681912,162.15489948946927,163.6582794189453,23072700,0.0,0.0,164.50254516601564,163.9917984008789
2024-10-09 00:00:00-04:00,162.7323530653501,164.11624952090352,159.0386507061608,161.1493377685547,31181800,0.0,0.0,163.7060577392578,164.02863616943358
2024-10-10 00:00:00-04:00,160.16366845010265,162.35402113493024,159.695730848507,161.3683624267578,14144100,0.0,0.0,162.95337524414063,163.96392211914062
2024-10-11 00:00:00-04:00,161.41814270869355,163.18036025385564,160.53205102817606,162.5232696533203,15344300,0.0,0.0,162.19273071289064,163.8932327270508
2024-10-14 00:00:00-04:00,162.92152133437537,165.5001460300089,162.68256960973142,164.23573303222656,19016100,0.0,0.0,162.58699645996094,163.80462341308595
2024-10-15 00:00:00-04:00,165.06205820613152,166.94375916455598,163.9071629705859,164.7335205078125,20247200,0.0,0.0,162.8020446777344,163.652294921875
2024-10-16 00:00:00-04:00,163.8075910141305,165.07201903329403,163.0210663798458,164.43482971191406,16406000,0.0,0.0,163.45914306640626,163.58260040283204
2024-10-17 00:00:00-04:00,165.00232392781157,165.6395132678631,162.04536311131514,162.21461486816406,21453400,0.0,0.0,163.6283935546875,163.29088439941407
2024-10-18 00:00:00-04:00,162.47349822564962,163.98682874694387,162.36398058545478,162.70248413085938,19757700,0.0,0.0,163.66423645019532,162.92848358154296
2024-10-21 00:00:00-04:00,162.234547045473,163.77774463817315,161.90599412379152,163.34963989257812,20946500,0.0,0.0,163.4870178222656,163.0370071411133
2024-10-22 00:00:00-04:00,162.26441234616763,165.0421710211609,162.26441234616763,164.41493225097656,16568100,0.0,0.0,163.42330017089844,163.1126724243164
2024-10-23 00:00:00-04:00,164.0365946612512,165.09195335667494,161.21901831548328,162.06529235839844,18280500,0.0,0.0,162.94939270019532,163.2042678833008
2024-10-24 00:00:00-04:00,162.11507183508752,162.61287650871054,160.3030555310391,162.00555419921875,22412500,0.0,0.0,162.90758056640624,163.2679870605469
2024-10-25 00:00:00-04:00,162.95137630402328,164.86294438388538,162.70247397291948,164.5443572998047,19828900,0.0,0.0,163.2759552001953,163.4700958251953
2024-10-28 00:00:00-04:00,168.0090925340481,168.0090925340481,163.23016419694298,165.98800659179688,32138600,0.0,0.0,163.80362854003906,163.64532318115235
2024-10-29 00:00:00-04:00,166.99356224559247,169.63193629969666,166.35637283025375,168.93499755859375,42169000,0.0,0.0,164.7076416015625,164.06547088623046
2024-10-30 00:00:00-04:00,179.88667593834245,181.220803908328,173.29574742034202,173.69400024414062,68890800,0.0,0.0,167.03338317871095,164.99138793945312
2024-10-31 00:00:00-04:00,172.3698540409386,176.04365502457762,170.2492012343648,170.3587188720703,44769000,0.0,0.0,168.70401611328126,165.80579833984376
2024-11-01 00:00:00-04:00,169.3232735157594,171.56339434249736,168.13849607004246,170.53790283203125,31796500,0.0,0.0,169.90272521972656,166.58934020996094
2024-11-04 00:00:00-05:00,169.18389067835992,169.98038120201446,167.27232253666486,168.49693298339844,21492700,0.0,0.0,170.40451049804688,167.10406951904298
2024-11-05 00:00:00-05:00,168.6860840596654,169.78126041606683,168.09867819204692,168.99473571777344,18242100,0.0,0.0,170.4164581298828,167.56204986572266
2024-11-06 00:00:00-05:00,173.03692280821232,176.1631358258417,172.73823693941063,175.73501586914062,33695500,0.0,0.0,170.8246612548828,168.92902221679688
2024-11-07 00:00:00-05:00,176.63105879108298,180.28494329004707,176.41202351829116,179.95639038085938,25352900,0.0,0.0,172.74419555664062,170.72410583496094
2024-11-08 00:00:00-05:00,179.85681428948374,180.10571661492824,177.2981062836462,177.56692504882812,22006200,0.0,0.0,174.15,172.02636260986327
2024-11-11 00:00:00-05:00,177.7959033437159,179.7572547998241,177.68638571752442,179.55813598632812,17450400,0.0,0.0,176.36224060058595,173.3833755493164
2024-11-12 00:00:00-05:00,179.03048606955645,181.68876129211964,178.60236613626623,180.82257080078125,25134900,0.0,0.0,178.7278076171875,174.57213287353517
2024-11-13 00:00:00-05:00,179.66765368671196,180.16545831655327,177.75607053934468,178.09458923339844,23184000,0.0,0.0,179.19972229003906,175.01219177246094
2024-11-14 00:00:00-05:00,177.49722409234613,178.0348616196407,173.5546197872164,174.80908203125,31007500,0.0,0.0,178.17026062011718,175.4572280883789
2024-11-15 00:00:00-05:00,172.96721191394371,173.37541540242353,170.46823785970153,171.732666015625,32504600,0.0,0.0,177.00340881347657,175.5767044067383
2024-11-18 00:00:00-05:00,172.6585688053745,174.6697039128958,172.1408476982141,174.5303192138672,20135300,0.0,0.0,175.9978454589844,176.18004302978517
2024-11-19 00:00:00-05:00,172.95724636134872,178.08462810700078,172.7979452295751,177.33792114257812,23434900,0.0,0.0,175.30091552734376,177.0143615722656
2024-11-20 00:00:00-05:00,176.56135042889815,176.89985394642653,173.01698373526585,175.2073211669922,18997100,0.0,0.0,174.7234619140625,176.9615921020508
2024-11-21 00:00:00-05:00,173.1364567662256,173.36545785068716,162.98124461770655,166.8939971923828,59734400,0.0,0.0,173.14044494628905,175.6553527832031
2024-11-22 00:00:00-05:00,165.12181631038618,165.7291386198519,163.18036592990532,164.03659057617188,38604600,0.0,0.0,171.60122985839843,174.3023193359375
2024-11-25 00:00:00-05:00,165.36074656125817,167.88960271467622,164.88285834642193,166.9138946533203,33135300,0.0,0.0,170.07794494628905,173.03789520263672
2024-11-26 00:00:00-05:00,166.8939932592079,169.07438007569232,166.84420975542025,168.37744140625,20486700,0.0,0.0,168.28584899902344,171.7933822631836
2024-11-27 00:00:00-05:00,168.2579983313883,168.73588661732524,167.28230531666028,168.4869842529297,19266500,0.0,0.0,166.94178161621093,170.8326217651367
2024-11-29 00:00:00-05:00,167.76018498222638,168.6860944381384,166.42607202365048,168.2082061767578,14257200,0.0,0.0,167.20462341308593,170.1725341796875
2024-12-02 00:00:00-05:00,168.02900177825322,171.3244664436512,167.82988293769444,170.737060546875,23789100,0.0,0.0,168.54471740722656,170.0729736328125
2024-12-03 00:00:00-05:00,170.73705804160417,171.92182044267236,170.0998686460895,170.58770751953125,22248700,0.0,0.0,169.27947998046875,169.6787124633789
2024-12-04 00:00:00-05:00,170.39853725449947,174.14203820088363,170.3089360574109,173.60440063476562,31615100,0.0,0.0,170.3248718261719,169.30536041259765
2024-12-05 00:00:00-05:00,174.5900470301335,175.2869705000764,171.57335207382965,171.88198852539062,21356200,0.0,0.0,171.00387268066407,168.9728271484375
2024-12-06 00:00:00-05:00,171.2746759024565,174.3112874696141,171.10542413534188,173.9429168701172,21462400,0.0,0.0,172.15081481933595,169.67771911621094
2024-12-09 00:00:00-05:00,173.3947185178427,175.68723243233256,173.08571309629525,174.8001251220703,25389600,0.2,0.0,172.963427734375,170.7540725708008
2024-12-10 00:00:00-05:00,182.2558148271153,185.75440321939527,180.46166108394456,184.5682678222656,54813000,0.0,0.0,175.75953979492186,172.5195098876953
2024-12-11 00:00:00-05:00,184.70782161706583,194.97435419169267,184.2493249317854,194.76502990722656,67894100,0.0,0.0,179.99166564941407,175.15826873779298
2024-12-12 00:00:00-05:00,194.36632666128315,194.54573443162943,191.08702455991943,191.33621215820312,34817500,0.0,0.0,183.88251037597655,177.4431915283203
2024-12-13 00:00:00-05:00,190.38927563816205,192.10368742772263,189.02373254884577,189.20315551757807,25143500,0.0,0.0,186.93455810546874,179.54268646240234
2024-12-16 00:00:00-05:00,192.2432425689094,198.3533273175459,191.9940549717768,196.02093505859372,44934900,0.0,0.0,191.1787200927734,182.07107391357422
2024-12-17 00:00:00-05:00,196.60901291047236,200.7654601795969,194.3463852840536,194.7849578857422,43504000,0.0,0.0,193.22205810546873,184.4907989501953
2024-12-18 00:00:00-05:00,194.5856103947524,196.35982485436523,187.12992181114345,187.7877655029297,34166100,0.0,0.0,191.82660522460935,185.9091354370117
2024-12-19 00:00:00-05:00,191.00728679661609,192.40273129322728,187.7678479495074,187.8974151611328,32265200,0.0,0.0,191.1388458251953,187.51067810058595
2024-12-20 00:00:00-05:00,185.17627005377295,192.2631653156739,184.6180923176282,190.78797912597656,63462900,0.0,0.0,191.455810546875,189.19518432617187
2024-12-23 00:00:00-05:00,191.99406521325344,194.46601725929617,189.5320904055188,193.9975433349609,25675000,0.0,0.0,191.05113220214844,191.11492614746095
2024-12-24 00:00:00-05:00,194.20685520618696,195.4727325439453,193.15030215624884,195.4727325439453,10403300,0.0,0.0,191.18868713378907,192.20537261962892
2024-12-26 00:00:00-05:00,194.51583613513964,196.1106428724217,193.7483492712215,194.96438598632807,12046600,0.0,0.0,192.62401123046874,192.22530822753905
2024-12-27 00:00:00-05:00,194.31647638353087,194.68528435280825,190.0304468655215,192.1335906982422,18891400,0.0,0.0,193.47124633789062,192.30504608154294
2024-12-30 00:00:00-05:00,189.18322257123907,191.92428607864605,188.5054244133489,190.61854553222656,14264700,0.0,0.0,193.43735961914064,192.4465850830078
2024-12-31 00:00:00-05:00,190.45907478557157,191.33622003458325,187.89741886934635,188.6848602294922,17466900,0.0,0.0,192.37482299804688,191.71297760009764
2025-01-02 00:00:00-05:00,190.03045932269364,191.37607845803336,186.89070161917323,188.81442260742188,20370800,0.0,0.0,191.04316101074218,191.1159240722656
2025-01-03 00:00:00-05:00,190.74811471378376,192.58214696582635,189.3626322985996,191.166748046875,18596200,0.0,0.0,190.28363342285155,191.45382232666014
2025-01-06 00:00:00-05:00,193.3496319161397,197.5758589471845,193.2200647106989,196.2302398681641,29563600,0.0,0.0,191.10296325683595,192.28710479736327
2025-01-07 00:00:00-05:00,196.4694824542812,200.34684110917007,193.96764429186356,194.8547515869141,26487200,0.0,0.0,191.95020446777343,192.69378204345702
2025-01-08 00:00:00-05:00,191.94422748738305,195.65212489905696,191.7548424821935,193.3197326660156,24864800,0.0,0.0,192.87717895507814,192.62600097656247
2025-01-10 00:00:00-05:00,193.66860495961416,195.88139205518456,189.69156540477465,191.4159393310547,26665200,0.0,0.0,193.3974822998047,192.22032165527344
2025-01-13 00:00:00-05:00,189.4523648405139,190.55874323630744,186.75116443597017,190.3892974853516,21823700,0.0,0.0,193.2419921875,191.76281280517577
2025-01-14 00:00:00-05:00,190.61855338184407,191.3561389494114,187.69806677944703,189.04368591308597,17174900,0.0,0.0,191.80468139648437,191.45382232666017
2025-01-15 00:00:00-05:00,192.462522950062,195.72190087885951,191.23652426846428,194.9145355224609,21776000,0.0,0.0,191.81663818359374,191.8834213256836
2025-01-16 00:00:00-05:00,193.50912558690095,194.8447674971208,192.18344570554987,192.2831268310547,17815400,0.0,0.0,191.60931701660155,192.24324798583984
2025-01-17 00:00:00-05:00,195.89134409308565,196.58906629276984,193.1203793506233,195.36306762695312,27735100,0.0,0.0,192.39874267578125,192.89811248779296
2025-01-21 00:00:00-05:00,198.4231075033933,201.632629767788,197.22699486763423,197.4064178466797,29971300,0.0,0.0,193.8021667480469,193.52207946777344
2025-01-22 00:00:00-05:00,198.41313252508547,199.82851627036757,196.88810562725035,197.72537231445312,26200600,0.0,0.0,195.53850402832032,193.67159271240234
2025-01-23 00:00:00-05:00,197.49612311807823,199.64910762651436,194.5656745164631,197.33663940429688,26951400,0.0,0.0,196.0229248046875,193.91978149414064
2025-01-24 00:00:00-05:00,197.4562585325301,200.24714745985025,197.35657740975265,199.5594024658203,23877500,0.0,0.0,197.47817993164062,194.5437484741211
2025-01-27 00:00:00-05:00,191.78474760627745,196.24022309921364,190.11019902992624,191.1866912841797,41728900,0.0,0.0,196.64290466308594,194.52082366943358
2025-01-28 00:00:00-05:00,192.1236428916819,194.84476727172617,190.06036222791343,194.6653594970703,24157900,0.0,0.0,196.09469299316407,194.94842987060548
2025-01-29 00:00:00-05:00,194.92450036864415,196.15049906796548,192.80141720875304,194.7749938964844,18218300,0.0,0.0,195.5046173095703,195.5215606689453
2025-01-30 00:00:00-05:00,197.35657072172012,200.74551585245212,197.02764127874624,200.2172393798828,24354700,0.0,0.0,196.0807373046875,196.0518310546875
2025-01-31 00:00:00-05:00,201.34358503753185,204.8122722439576,201.14423799517712,203.3570251464844,32001100,0.0,0.0,196.84026184082032,197.15922088623046
2025-02-03 00:00:00-05:00,200.0378417940518,203.08789560873984,199.4497627036024,200.5760803222656,27838300,0.0,0.0,198.7181396484375,197.6805221557617
2025-02-04 00:00:00-05:00,202.7290614411804,206.37717152288224,202.1509443892273,205.7093505859375,43856400,0.0,0.0,200.92693786621095,198.5108154296875
2025-02-05 00:00:00-05:00,190.4491175677977,192.12365103908184,187.41898765422889,190.7082672119141,70373900,0.0,0.0,200.11359252929688,197.8091049194336
2025-02-06 00:00:00-05:00,188.88418941826905,191.47574638578936,188.1067253698536,190.9773712158203,29297400,0.0,0.0,198.26561889648437,197.17317810058594
2025-02-07 00:00:00-05:00,190.429168187486,190.5587353980611,182.64454994685505,184.7377166748047,49315000,0.0,0.0,194.54175720214843,195.69100952148438
2025-02-10 00:00:00-05:00,186.74118938897723,187.588418084696,185.2560258505473,185.86404418945312,23105600,0.0,0.0,191.59934997558594,195.15874481201172
2025-02-11 00:00:00-05:00,184.4287378023208,186.332534845636,183.6811749516247,184.71780395507807,21239500,0.0,0.0,187.40104064941406,194.1639892578125
2025-02-12 00:00:00-05:00,182.62461937179495,184.5084771212101,181.23913684930665,183.0133514404297,22072600,0.0,0.0,185.8620574951172,192.98782501220703
2025-02-13 00:00:00-05:00,183.7210478458917,185.6746701852319,182.5448744214604,185.53512573242188,21402500,0.0,0.0,184.7736083984375,191.51961364746094
2025-02-14 00:00:00-05:00,184.45862127858567,185.7942631259136,183.7210357377169,184.6280670166016,20448400,0.0,0.0,184.75167846679688,189.64671783447267
2025-02-18 00:00:00-05:00,184.9968606492489,185.35569136345535,181.1494039060581,183.1728057861328,29916700,0.0,0.0,184.21343078613282,187.90639038085936
2025-02-19 00:00:00-05:00,183.471856036052,184.85733850337527,182.9934048866249,184.6679534912109,19549400,0.0,0.0,184.20346069335938,185.80225067138673
2025-02-20 00:00:00-05:00,184.1994764251086,184.7078136523139,182.12623377404523,183.9602508544922,20441500,0.0,0.0,184.39284057617186,185.12744903564453
2025-02-21 00:00:00-05:00,184.5483215731153,184.73770657345145,178.49805484578573,179.076171875,35199200,0.0,0.0,183.1010498046875,183.9373291015625
2025-02-24 00:00:00-05:00,181.3986125849473,182.52493020594952,178.30868023037235,178.66751098632812,29854200,0.0,0.0,181.9089385986328,183.33030853271484
2025-02-25 00:00:00-05:00,177.4614416125168,178.15917908775072,174.12233676466118,174.84996032714844,41913400,0.0,0.0,180.24436950683594,182.22890014648436
2025-02-26 00:00:00-05:00,174.50109332110333,175.50780571224857,171.0224290795126,172.16868591308594,35431300,0.0,0.0,177.74451599121093,180.97398834228517
2025-02-27 00:00:00-05:00,173.42461914994175,173.99275900708727,167.39427578548737,167.95245361328125,39991000,0.0,0.0,174.54295654296874,179.4678985595703
2025-02-28 00:00:00-05:00,168.13183224034952,170.05556821596952,166.22805073838262,169.7266387939453,48130600,0.0,0.0,172.6730499267578,177.88704986572264
2025-03-03 00:00:00-05:00,171.37129548555112,172.80661854958163,165.39079285822712,166.46728515625,40770500,0.0,0.0,170.23300476074218,176.0709716796875
2025-03-04 00:00:00-05:00,165.69979362882594,172.72687185175528,165.2612210149662,170.3645782470703,45388000,0.0,0.0,169.33592834472657,174.79014892578124
2025-03-05 00:00:00-05:00,169.96588759666264,173.21528852342593,168.5106252766886,172.457763671875,30954900,0.0,0.0,169.39374389648438,173.56912994384766
2025-03-06 00:00:00-05:00,169.97583927823808,174.24192964256372,169.94593798389218,171.78993225097656,28302000,0.0,0.0,170.16123962402344,172.3520980834961
2025-03-07 00:00:00-05:00,170.70347150998992,174.40142226145525,169.71669832775643,173.29502868652344,27385800,0.0,0.0,170.87491760253906,171.77398376464845
2025-03-10 00:00:00-04:00,167.906369246359,168.10596109578225,163.34598174937858,165.52139282226562,43604000,0.2,0.0,170.68573913574218,170.4593719482422
2025-03-11 00:00:00-04:00,164.56341811184632,166.39954739419704,161.0308494782836,163.6952362060547,39587400,0.0,0.0,169.35187072753905,169.34389953613282
2025-03-12 00:00:00-04:00,166.22991938080386,167.2876892617743,163.18632617734653,166.75880432128906,28372400,0.0,0.0,168.2120788574219,168.80291137695312
2025-03-13 00:00:00-04:00,165.6910282026151,165.7808506225565,161.76929516473905,162.4179229736328,31756200,0.0,0.0,166.33767700195312,168.24945831298828
2025-03-14 00:00:00-04:00,162.92686119092454,166.14009496437765,162.10857726863358,165.14219665527344,31995900,0.0,0.0,164.7071105957031,167.7910140991211
2025-03-17 00:00:00-04:00,164.68316768669845,165.95050288703504,163.326025286982,163.94471740722656,31184300,0.0,0.0,164.39177551269532,167.53875732421875
2025-03-18 00:00:00-04:00,163.336005171718,163.9048145767925,156.39064073396676,160.33233642578125,42074800,0.0,0.0,163.7191955566406,166.53553314208983
2025-03-19 00:00:00-04:00,161.42003435006745,165.52139724714462,160.66163707283374,163.54556274414062,34275600,0.0,0.0,163.07654724121093,165.6443130493164
2025-03-20 00:00:00-04:00,161.23044451155243,164.5434591319573,160.62172590598882,162.45785522460938,28138500,0.0,0.0,163.08453369140625,164.7111053466797
2025-03-21 00:00:00-04:00,160.87119904116452,163.89482981108262,160.55186426165298,163.64535522460938,36625800,0.0,0.0,162.78516540527343,163.7461380004883
2025-03-24 00:00:00-04:00,166.71888755590038,167.96626051519195,164.79293578885944,167.3275909423828,30879100,0.0,0.0,163.46174011230468,163.9267578125
2025-03-25 00:00:00-04:00,168.62487200219408,170.27141354347242,167.96627061240434,170.20155334472656,24174400,0.0,0.0,165.43558349609376,164.5773895263672
2025-03-26 00:00:00-04:00,168.64482630346816,169.25354492463828,164.49356538620054,164.71310424804688,28901600,0.0,0.0,165.669091796875,164.37281951904296
2025-03-27 00:00:00-04:00,164.2840090226325,165.0723420135672,161.6595315089187,161.89903259277344,24508300,0.0,0.0,165.5573272705078,164.32093048095703
2025-03-28 00:00:00-04:00,160.15270290585678,161.47990946590778,153.3071199905367,154.00564575195312,48669300,0.0,0.0,163.62938537597657,163.207275390625
2025-03-31 00:00:00-04:00,152.78821916221315,155.2131048785596,150.34337121509955,154.31500244140625,54603500,0.0,0.0,161.02686767578126,162.24430389404296
2025-04-01 00:00:00-04:00,153.29715217046743,157.76774810671006,153.29715217046743,156.7399139404297,30672900,0.0,0.0,158.33453979492188,161.88506164550782
2025-04-02 00:00:00-04:00,154.8239184605045,158.07707673307476,154.37486726125917,156.70994567871094,25041700,0.0,0.0,156.7339080810547,161.20149993896484
2025-04-03 00:00:00-04:00,150.7924084767401,152.4588967636163,150.07392050283045,150.40322875976562,46883400,0.0,0.0,154.43474731445312,159.99603729248048
2025-04-04 00:00:00-04:00,147.6989298070746,150.75251155896433,145.0744674917677,145.29400634765625,62259500,0.0,0.0,152.69241943359376,158.16090240478516
2025-04-07 00:00:00-04:00,141.25252075073843,152.5287756510523,140.2346601251265,146.44158935546875,76794100,0.0,0.0,151.11773681640625,156.07230224609376
2025-04-08 00:00:00-04:00,150.9021908364876,151.92005142460044,142.72940085243894,144.39588928222656,52200200,0.0,0.0,148.64893188476563,153.49173583984376
2025-04-09 00:00:00-04:00,144.11648790346823,159.21469586163823,143.60756519119073,158.37646484375,70406200,0.0,0.0,148.98223571777345,152.85807189941406
2025-04-10 00:00:00-04:00,156.21099272991097,157.38852063839548,149.6148843769422,152.4988250732422,48022000,0.0,0.0,149.40135498046874,151.91805114746094
2025-04-11 00:00:00-04:00,152.57864388809023,157.3386230397259,152.49882542365123,156.8097381591797,33636200,0.0,0.0,151.70450134277343,152.1984603881836
2025-04-14 00:00:00-04:00,159.66372535063462,161.3801116162915,157.22885110276232,158.73568725585938,30333000,0.0,0.0,154.16332092285157,152.6405288696289
2025-04-15 00:00:00-04:00,158.79557178865275,159.3144679755199,154.8838120227522,155.9814910888672,27551500,0.0,0.0,156.48044128417968,152.56468658447267
2025-04-16 00:00:00-04:00,152.7782543502781,155.56238424519245,151.1915842885331,153.0077667236328,28187400,0.0,0.0,155.40670166015624,152.19446868896483
2025-04-17 00:00:00-04:00,153.96572710201332,154.3549068428226,148.1879024535801,150.84231567382812,33046600,0.0,0.0,155.07539978027344,152.2383773803711
2025-04-21 00:00:00-04:00,148.5671133790027,148.63695834662283,145.7929571438361,147.35964965820312,26049100,0.0,0.0,153.1853820800781,152.44494171142577
2025-04-22 00:00:00-04:00,148.57709265560683,151.8701604317821,148.22782212376958,151.15167236328125,26971800,0.0,0.0,151.6685791015625,152.91595001220702
2025-04-23 00:00:00-04:00,155.28296188170384,157.19892487451833,153.48674181759014,155.0235137939453,31128800,0.0,0.0,151.47698364257812,153.9787124633789
2025-04-24 00:00:00-04:00,155.82182468811348,159.25459752387056,155.4625806651454,158.94525146484375,45894000,0.0,0.0,152.66448059082032,154.03559112548828
2025-04-25 00:00:00-04:00,164.72307793649614,165.75091195641818,160.70153382171975,161.61961364746094,56034000,0.0,0.0,154.81994018554687,154.94766998291016
2025-04-28 00:00:00-04:00,162.0886126566934,162.80710064682614,158.26667558851017,160.27244567871094,29745800,0.0,0.0,157.40249938964843,155.29394073486327
2025-04-29 00:00:00-04:00,159.98307743122987,160.4021929284458,157.1889588897359,159.8234100341797,26809000,0.0,0.0,159.13684692382813,155.4027130126953
2025-04-30 00:00:00-04:00,157.6479788523033,158.93527626532435,155.07339925298186,158.4662628173828,34981100,0.0,0.0,159.8253967285156,155.65119018554688
2025-05-01 00:00:00-04:00,160.11279406942978,161.60964165853642,158.5760372443709,160.9610137939453,30203200,0.0,0.0,160.22854919433593,156.44651489257814
2025-05-02 00:00:00-04:00,163.0665800855699,164.62329914267073,161.5298080330937,163.68527221679688,25715000,0.0,0.0,160.6416809082031,157.730810546875
2025-05-05 00:00:00-04:00,162.6574198030844,165.04239608560687,162.3780095025418,163.86488342285156,21341800,0.0,0.0,161.36016845703125,159.38133392333984
2025-05-06 00:00:00-04:00,161.82917778967573,164.45365539079762,160.8512416447926,162.88694763183594,21277200,0.0,0.0,161.9728759765625,160.55486145019532
2025-05-07 00:00:00-04:00,163.73516530126716,164.6532299684301,147.52929039730043,151.06185913085938,127490100,0.0,0.0,160.49199523925782,160.15869598388673
2025-05-08 00:00:00-04:00,154.6742375105505,155.60227562678833,152.57864497617126,153.95574951171875,57498700,0.0,0.0,159.0909423828125,159.6597457885742
2025-05-09 00:00:00-04:00,153.84599954293776,154.7241550362692,151.880138412371,152.42898559570312,32435300,0.0,0.0,156.83968505859374,158.74068298339844
2025-05-12 00:00:00-04:00,157.15902099799507,158.7656379952877,155.92162152792991,158.12698364257812,44138800,0.0,0.0,155.69210510253907,158.52613677978516
2025-05-13 00:00:00-04:00,158.45628235850566,160.23255554287942,155.83181988552568,159.19473266601562,42382100,0.0,0.0,154.953662109375,158.46326904296876
2025-05-14 00:00:00-04:00,159.6238271640479,166.64902486582008,159.27455664998826,165.02244567871094,48755900,0.0,0.0,157.74577941894532,159.11888732910157
2025-05-15 00:00:00-04:00,165.49145599350894,165.8606887311189,162.02874755770196,163.61541748046875,33146700,0.0,0.0,159.6777130126953,159.38432769775392
2025-05-16 00:00:00-04:00,167.3774855147182,168.99409119137468,165.27191939302787,165.84072875976562,42846900,0.0,0.0,162.3600616455078,159.5998733520508
2025-05-19 00:00:00-04:00,164.16425471766837,166.2897831099107,163.87487089127026,166.1899871826172,30426100,0.0,0.0,163.97266235351563,159.83238372802734
2025-05-20 00:00:00-04:00,166.08020853353494,168.1458653454169,162.55762871505934,163.63536071777344,46607700,0.0,0.0,164.86078796386718,159.9072250366211
2025-05-21 00:00:00-04:00,163.34598924433868,172.77612594690945,163.21625758160502,168.20574951171875,73416000,0.0,0.0,165.49744873046876,161.62161407470703
2025-05-22 00:00:00-04:00,171.48883082455436,176.3984886871392,170.3512273591593,170.51087951660156,74864400,0.0,0.0,166.8765411376953,163.27712707519532
2025-05-23 00:00:00-04:00,168.70469265151235,169.6028103027405,167.5371534089642,168.11593627929688,35211400,0.0,0.0,167.33158264160156,164.8458221435547
2025-05-27 00:00:00-04:00,169.80238932071725,172.80605791558804,169.6427219280191,172.53662109375,37995700,0.0,0.0,168.6009094238281,166.2867858886719
2025-05-28 00:00:00-04:00,172.79607866823434,174.90164475593082,171.5487057543554,171.9977569580078,34784000,0.0,0.0,170.273388671875,167.56708831787108
2025-05-29 00:00:00-04:00,173.63431165912297,174.0534271359213,170.27139911620654,171.49880981445312,29317300,0.0,0.0,170.93200073242187,168.2147247314453
2025-05-30 00:00:00-04:00,170.9898791115166,171.84807225515158,167.08809311971586,171.37905883789062,52639900,0.0,0.0,171.1056365966797,168.9910888671875
2025-06-02 00:00:00-04:00,167.4872574240746,169.5129898808019,167.03820620651766,168.6747589111328,38612300,0.0,0.0,171.21740112304687,169.2744918823242
2025-06-03 00:00:00-04:00,167.1379938326745,168.12590341689224,164.93263186241904,165.8307342529297,45084900,0.0,0.0,169.8762237548828,169.23856658935546
2025-06-04 00:00:00-04:00,166.38957869951685,167.86646401479533,166.01037244863588,167.6968231201172,26900800,0.0,0.0,169.0160369873047,169.64471282958985
2025-06-05 00:00:00-04:00,169.98200425737,170.57076063975376,167.23778374687686,167.8564910888672,36379100,0.0,0.0,168.2875732421875,169.6097869873047
2025-06-06 00:00:00-04:00,170.47098587242346,174.13327118123485,170.47098587242346,173.3149871826172,35731800,0.0,0.0,168.6747589111328,169.89019775390625
2025-06-09 00:00:00-04:00,174.38402968862113,176.31231302715454,174.21418342483807,175.93264770507812,28935900,0.21,0.0,170.12633666992187,170.67186889648437
2025-06-10 00:00:00-04:00,176.04254985052344,180.94816607880887,174.7537092641778,178.44041442871094,61766100,0.0,0.0,172.6482727050781,171.26224822998046
2025-06-11 00:00:00-04:00,179.60936400867158,180.20881870896204,176.59205837486806,177.1915283203125,31646800,0.0,0.0,174.54721374511718,171.78162536621093
2025-06-12 00:00:00-04:00,176.02256609234394,176.56209210971562,174.59385119423692,175.54299926757812,20941900,0.0,0.0,176.0845153808594,172.18604431152343
2025-06-13 00:00:00-04:00,172.28591297451578,176.9717245091389,172.2359546046385,174.513916015625,27663100,0.0,0.0,176.32430114746094,172.49953002929686
2025-06-16 00:00:00-04:00,174.57385966373928,176.78189154925582,174.49392932110277,176.61204528808594,27389200,0.0,0.0,176.4601806640625,173.2932586669922
2025-06-17 00:00:00-04:00,175.5429937823964,177.20151408744945,174.4239994778565,175.7927703857422,24973000,0.0,0.0,175.93065185546874,174.28946228027343
2025-06-18 00:00:00-04:00,175.8527140571151,176.4022256326498,173.04522747911062,173.16513061523438,28707500,0.0,0.0,175.12537231445313,174.83629302978517
2025-06-20 00:00:00-04:00,173.7945541672621,174.18420505107113,165.312150640077,166.4910888671875,75659900,0.0,0.0,173.314990234375,174.6997528076172
2025-06-23 00:00:00-04:00,166.1214256591391,167.19046158134836,161.85523705575486,165.04238891601562,57671000,0.0,0.0,171.42068481445312,173.87249298095702
2025-06-24 00:00:00-04:00,166.77084680791774,168.06968824197463,165.98155942026995,166.62098693847656,40524300,0.0,0.0,169.42247314453124,172.9413269042969
2025-06-25 00:00:00-04:00,167.48021861146748,172.2059878377665,167.40028826627824,170.52748107910156,35479000,0.0,0.0,168.36941528320312,172.15003356933593
2025-06-26 00:00:00-04:00,172.275909497391,173.53479332021178,169.78814431449064,173.38491821289062,31796700,0.0,0.0,168.4133728027344,171.76937255859374
2025-06-27 00:00:00-04:00,173.3849216100962,178.52032800475203,171.57654142712704,178.37046813964844,108140200,0.0,0.0,170.78924865722655,172.05211944580077
2025-06-30 00:00:00-04:00,180.6184624108643,181.0680572633364,174.4240054836315,176.07252502441406,63378900,0.0,0.0,172.99527587890626,172.20798034667968
2025-07-01 00:00:00-04:00,175.5829598377131,175.9326379218849,173.37492804100808,175.682861328125,35904500,0.0,0.0,174.80765075683593,172.11506195068358
2025-07-02 00:00:00-04:00,175.38312608280393,178.70016656024188,174.91356011283625,178.48036193847656,29128900,0.0,0.0,176.39822692871093,172.38382110595703
2025-07-03 00:00:00-04:00,178.34048951535135,179.50944215502514,176.89178830781478,179.36956787109375,21689700,0.0,0.0,177.59515686035155,173.00426483154297
2025-07-07 00:00:00-04:00,178.89999490759814,179.13978593904164,175.52301029591823,176.63201904296875,34175600,0.0,0.0,177.24746704101562,174.0183578491211
2025-07-08 00:00:00-04:00,177.691079951528,177.7909814447806,172.6555751408571,174.20419311523438,40442500,0.0,0.0,176.8738006591797,174.93453826904297
2025-07-09 00:00:00-04:00,175.09340252603724,179.27966092294577,172.61562283881983,176.46217346191406,43025600,0.0,0.0,177.0296630859375,175.9186569213867
2025-07-10 00:00:00-04:00,175.47306122205768,178.27054693495992,174.22417822695712,177.46127319335938,29252400,0.0,0.0,176.82584533691406,176.6120361328125
2025-07-11 00:00:00-04:00,176.6320206592132,181.26787392679407,176.32230010231936,180.02899169921875,34282900,0.0,0.0,176.95773010253907,177.2764434814453
2025-07-14 00:00:00-04:00,180.84823929966976,183.5058659137902,179.5194259926096,181.3977508544922,32536600,0.0,0.0,177.91087646484374,177.57917175292968
2025-07-15 00:00:00-04:00,182.6466456022175,184.05538933948807,181.4377353487915,181.83737182617188,33448300,0.0,0.0,179.43751220703126,178.15565643310546
2025-07-16 00:00:00-04:00,183.07626629854497,184.1652886399438,181.86734081977315,182.80650329589844,33104200,0.0,0.0,180.7063781738281,178.8680206298828
2025-07-17 00:00:00-04:00,181.9772389358081,183.8955213928044,180.31871865434175,183.41595458984372,31992600,0.0,0.0,181.897314453125,179.3615798950195
2025-07-18 00:00:00-04:00,185.2343153104504,186.25340807875185,183.54583834733725,184.8946228027344,34014500,0.0,0.0,182.8704406738281,179.9140853881836
2025-07-21 00:00:00-04:00,186.08356432217508,190.11994741222205,185.98364758555135,189.9301300048828,45803100,0.0,0.0,184.57691650390626,181.243896484375
2025-07-22 00:00:00-04:00,191.328882294876,191.47874216205827,187.29249900550477,191.1690216064453,44660200,0.0,0.0,186.44324645996093,182.94037933349608
2025-07-23 00:00:00-04:00,191.3288822581821,192.35796066638144,189.01094801184496,190.0600128173828,58681900,0.0,0.0,187.89394836425782,184.30016326904297
2025-07-24 00:00:00-04:00,196.85393348830104,197.7731095502254,190.8293230940032,191.99827575683597,74881700,0.0,0.0,189.61041259765625,185.75386352539064
2025-07-25 00:00:00-04:00,191.80844534575607,194.1563515198352,191.08908750710864,193.0073699951172,39785900,0.0,0.0,191.23296203613282,187.05170135498048
2025-07-28 00:00:00-04:00,193.47694913334269,193.87660084223492,190.6694625759226,192.4079132080078,38139500,0.0,0.0,191.7285186767578,188.15271759033203
2025-07-29 00:00:00-04:00,192.2580327538162,195.7449194968108,191.9083546690576,195.5750732421875,41389200,0.0,0.0,192.60972900390624,189.5264877319336
2025-07-30 00:00:00-04:00,195.42522371418744,197.42343657324804,194.51603320447785,196.35438537597656,32445400,0.0,0.0,193.868603515625,190.88127593994142
2025-07-31 00:00:00-04:00,195.5351238856708,195.8148724632573,190.91924186518517,191.728515625,51329200,0.0,0.0,193.8146514892578,191.71253204345706
2025-08-01 00:00:00-04:00,188.86108179697592,190.65947636814528,187.65217158882444,188.96099853515625,34832200,0.0,0.0,193.00537719726563,192.11916961669922
2025-08-04 00:00:00-04:00,190.11995195242244,195.0955128481526,189.95010569222904,194.8657073974609,31547400,0.0,0.0,193.49693603515624,192.61272735595702
2025-08-05 00:00:00-04:00,194.5360207683401,197.6831999421724,193.71674617353807,194.4960479736328,31602300,0.0,0.0,193.2811309814453,192.94542999267577
2025-08-06 00:00:00-04:00,194.32618893507828,196.45429038129967,193.4969288186876,195.91476440429688,21562900,0.0,0.0,193.19320678710938,193.5309051513672
2025-08-07 00:00:00-04:00,196.88390160867925,197.3634684043973,194.15634544876863,196.34439086914065,26321800,0.0,0.0,194.1163818359375,193.96551666259765
2025-08-08 00:00:00-04:00,197.04376174071103,202.42894452614237,196.99380337261508,201.2400054931641,39161800,0.0,0.0,196.57218322753906,194.78878021240234
2025-08-11 00:00:00-04:00,200.7604448484553,201.29995560301907,198.8921207366326,200.8203887939453,25832400,0.0,0.0,197.76311950683595,195.6300277709961
2025-08-12 00:00:00-04:00,201.19005382143945,204.31726177746063,200.4107520376952,203.1582946777344,30397900,0.0,0.0,199.49556884765627,196.3883499145508
2025-08-13 00:00:00-04:00,203.94760013613637,204.3472366094903,197.33350521250264,201.779541015625,28342900,0.0,0.0,200.6685241699219,196.9308654785156
2025-08-14 00:00:00-04:00,201.31993610316368,204.2573113073674,201.05017311120625,202.75865173339844,25230400,0.0,0.0,201.95137634277347,198.03387908935548
2025-08-15 00:00:00-04:00,203.66784557245276,206.25552748751167,201.1001348088668,203.71778869628903,34931400,0.0,0.0,202.44693298339843,199.50955810546876
2025-08-18 00:00:00-04:00,204.01753247133053,205.0865836822799,202.30906899226144,203.3181610107422,18526600,0.0,0.0,202.9464874267578,200.35480346679688
2025-08-19 00:00:00-04:00,202.84857944432244,203.2582167438639,199.7813305987235,201.389892578125,24240200,0.0,0.0,202.59280700683593,201.0441879272461
2025-08-20 00:00:00-04:00,200.55061989251405,201.10013145192505,196.4243208994537,199.1418914794922,28955500,0.0,0.0,202.06527709960938,201.3669006347656
2025-08-21 00:00:00-04:00,199.57150268554688,202.29905887913932,199.25178132101763,199.57150268554688,19774600,0.0,0.0,201.42784729003907,201.68961181640626
2025-08-22 00:00:00-04:00,202.54883983863883,208.353645687597,201.12012497867053,205.9058380126953,42827000,0.0,0.0,201.8654571533203,202.15619506835938
2025-08-25 00:00:00-04:00,206.2455237198617,210.3318804204715,205.0965574752735,208.3036956787109,29928900,0.0,0.0,202.86256408691403,202.90452575683594
2025-08-26 00:00:00-04:00,207.32455950181813,207.66426725745976,205.5161793925774,206.95489501953125,28464100,0.0,0.0,203.9755645751953,203.28418579101563
2025-08-27 00:00:00-04:00,205.51617805576652,208.72331622375268,205.46621968804243,207.29458618164065,23022900,0.0,0.0,205.606103515625,203.8356903076172
2025-08-28 00:00:00-04:00,207.0648053873533,212.0303655105851,206.71511204255788,211.4508819580078,32339300,0.0,0.0,207.9819793701172,204.7049133300781
2025-08-29 00:00:00-04:00,210.3218773757616,214.45817715575657,210.01215683893824,212.71974182128903,39728400,0.0,0.0,209.34476013183593,205.60510864257813
2025-09-02 00:00:00-04:00,208.25374472878948,211.4908397743193,206.01574085860813,211.16114807128903,47523000,0.0,0.0,209.91625061035157,206.3894073486328
2025-09-03 00:00:00-04:00,226.00786746880672,231.1033010071871,224.5891229524102,230.45388793945312,103336100,0.0,0.0,214.61604919433594,209.29580688476562
2025-09-04 00:00:00-04:00,229.4447813472723,232.16235200669,225.90795135774627,232.0924224853516,51684200,0.0,0.0,219.57561645507812,212.59085998535156
2025-09-05 00:00:00-04:00,231.9925075217388,235.54932393536487,231.69277254690596,234.79000854492188,46588900,0.0,0.0,224.24344177246093,216.11271057128906
2025-09-08 00:00:00-04:00,235.47000122070312,238.1300048828125,233.6699981689453,234.0399932861328,32474700,0.21,0.0,228.5074920654297,218.9261260986328
2025-09-09 00:00:00-04:00,234.1699981689453,240.47000122070312,233.22999572753903,239.6300048828125,38061000,0.0,0.0,234.20126342773438,222.05875701904296
2025-09-10 00:00:00-04:00,238.8999938964844,241.66000366210935,237.8500061035156,239.1699981689453,35141100,0.0,0.0,235.94448547363282,225.28026733398437
2025-09-11 00:00:00-04:00,239.8800048828125,242.25,236.25,240.3699951171875,30599300,0.0,0.0,237.6,228.58780822753906
2025-09-12 00:00:00-04:00,240.3699951171875,242.0800018310547,238.0,240.8000030517578,26771600,0.0,0.0,238.8019989013672,231.52272033691406
2025-09-15 00:00:00-04:00,244.66000366210935,252.41000366210935,244.66000366210935,251.6100006103516,58383800,0.0,0.0,242.31600036621094,235.4117462158203
2025-09-16 00:00:00-04:00,252.0800018310547,253.0399932861328,249.47000122070312,251.16000366210935,34109700,0.0,0.0,244.62200012207032,239.41163177490233
2025-09-17 00:00:00-04:00,251.22000122070312,251.6000061035156,246.27999877929688,249.52999877929688,34108000,0.0,0.0,246.69400024414062,241.31924285888672
2025-09-18 00:00:00-04:00,251.67999267578125,253.9900054931641,249.8000030517578,252.02999877929688,31239500,0.0,0.0,249.0260009765625,243.31300048828126
2025-09-19 00:00:00-04:00,253.25,256.0,251.80999755859372,254.72000122070312,55571400,0.0,0.0,251.81000061035155,245.30599975585938
2025-09-22 00:00:00-04:00,254.42999267578125,255.77999877929688,250.3000030517578,252.52999877929688,32290500,0.0,0.0,251.99400024414064,247.15500030517578
2025-09-23 00:00:00-04:00,253.0399932861328,254.3600006103516,250.47999572753903,251.66000366210935,26628000,0.0,0.0,252.09400024414063,248.35800018310547
2025-09-24 00:00:00-04:00,251.66000366210935,252.3500061035156,246.44000244140625,247.13999938964844,28201000,0.0,0.0,251.61600036621093,249.15500030517578
2025-09-25 00:00:00-04:00,244.3999938964844,246.4900054931641,240.7400054931641,245.7899932861328,31020400,0.0,0.0,250.3679992675781,249.6970001220703
2025-09-26 00:00:00-04:00,247.07000732421875,249.4199981689453,245.97000122070312,246.5399932861328,18479400,0.0,0.0,248.73199768066405,250.2709991455078
