Date,Open,High,Low,Close,Volume,Dividends,Stock Splits
2020-09-28 00:00:00-04:00,73.09536442492873,73.14501739118445,71.81867020192774,72.43342590332031,30784000,0.0,0.0
2020-09-29 00:00:00-04:00,72.69412780151184,73.0958523244427,72.20201563977825,72.79890441894531,31816000,0.0,0.0
2020-09-30 00:00:00-04:00,72.54663995974896,73.80098915091598,72.28941896718779,72.77804565429688,40924000,0.0,0.0
2020-10-01 00:00:00-04:00,73.67485304245847,74.24144839111797,73.33420025236212,73.8853988647461,32884000,0.0,0.0
2020-10-02 00:00:00-04:00,72.4815909596404,73.44494787809407,71.8717983052176,72.2814712524414,31222000,0.0,0.0
2020-10-05 00:00:00-04:00,72.63156046251407,73.7265095240155,72.50443886698714,73.63365173339844,21602000,0.0,0.0
2020-10-06 00:00:00-04:00,73.26965381491353,73.71756095605366,71.7555984119484,72.05403900146484,26096000,0.0,0.0
2020-10-07 00:00:00-04:00,72.46570105992748,72.94539430554703,71.1706323457871,72.45726013183594,36108000,0.0,0.0
2020-10-08 00:00:00-04:00,72.77058531432361,73.89184952600075,72.77058531432361,73.6634292602539,26076000,0.0,0.0
2020-10-09 00:00:00-04:00,74.13169593873137,75.0746929289685,73.84070370541384,75.00517272949219,32966000,0.0,0.0
2020-10-12 00:00:00-04:00,76.37324269858246,78.87697017179133,75.94121726115524,77.69363403320312,55344000,0.0,0.0
2020-10-13 00:00:00-04:00,78.31038496240312,78.71509484567285,77.39768128178348,77.81678771972656,39072000,0.0,0.0
2020-10-14 00:00:00-04:00,78.19071970768324,78.65004562010033,76.76554399767635,77.63653564453125,33174000,0.0,0.0
2020-10-15 00:00:00-04:00,76.69602546749853,78.03181374739641,76.52868444146476,77.24076843261719,31210000,0.0,0.0
2020-10-16 00:00:00-04:00,77.55658351214443,78.34514345056063,77.34951558739077,77.84807586669922,34194000,0.0,0.0
2020-10-19 00:00:00-04:00,78.25675108360606,78.65401262927215,75.6244093541497,75.97349548339844,29734000,0.0,0.0
2020-10-20 00:00:00-04:00,75.63383961797923,78.1529637060246,75.5042327506913,77.02275848388672,41670000,0.0,0.0
2020-10-21 00:00:00-04:00,77.95483057781071,80.20382232049026,77.82026068582488,78.75630187988281,60322000,0.0,0.0
2020-10-22 00:00:00-04:00,78.70714832278779,80.11841230278098,78.33372441699296,79.78273010253906,30512000,0.0,0.0
2020-10-23 00:00:00-04:00,80.19936290074068,81.14633045232473,80.04343304769533,81.0897216796875,30548000,0.0,0.0
2020-10-26 00:00:00-04:00,80.19687961430068,80.92088242116448,77.85205190328901,78.6718978881836,35826000,0.0,0.0
2020-10-27 00:00:00-04:00,78.90231064798252,79.5513301261755,78.30939985271544,79.39640045166016,25902000,0.0,0.0
2020-10-28 00:00:00-04:00,76.96964134164946,77.15833472903837,74.90736499185117,75.02256774902344,45174000,0.0,0.0
2020-10-29 00:00:00-04:00,75.33143128379692,78.8928663291568,75.30809370967367,77.31078338623047,55406000,0.0,0.0
2020-10-30 00:00:00-04:00,82.80090867371322,83.49015505977545,79.52996615344526,80.25198364257812,99878000,0.0,0.0
2020-11-02 00:00:00-05:00,80.6209489181996,82.34406497588512,80.1591301740816,80.65968322753906,44228000,0.0,0.0
2020-11-03 00:00:00-05:00,80.97947599539556,82.38179892514135,80.05336078632573,81.71936798095703,31432000,0.0,0.0
2020-11-04 00:00:00-05:00,84.69485294507058,87.89528301491228,84.56673875495531,86.69456481933594,71342000,0.0,0.0
2020-11-05 00:00:00-05:00,87.91613094031692,88.97731615159634,86.45520644116196,87.52135467529297,39758000,0.0,0.0
2020-11-06 00:00:00-05:00,86.96717561402848,87.8193000919502,86.23919489785555,87.38380432128906,28622000,0.0,0.0
2020-11-09 00:00:00-05:00,89.18388779864829,90.22222032962502,87.27554876417429,87.46772003173828,53440000,0.0,0.0
2020-11-10 00:00:00-05:00,85.89607908705958,87.3664373254004,85.21825130415988,86.29085540771484,43022000,0.0,0.0
2020-11-11 00:00:00-05:00,86.82118593096598,87.54121828786089,86.55601653319594,86.76309204101562,31838000,0.0,0.0
2020-11-12 00:00:00-05:00,86.5033783796767,87.64450998714952,86.30325868083496,86.54409790039062,26474000,0.0,0.0
2020-11-13 00:00:00-05:00,86.80133091890704,88.24785142887573,86.20444969646104,88.00601959228516,29744000,0.0,0.0
2020-11-16 00:00:00-05:00,87.60279824360163,89.10245712996237,87.46325773434673,88.09391021728516,25468000,0.0,0.0
2020-11-17 00:00:00-05:00,87.78751124071985,88.24833735543017,87.37188272826951,87.4796371459961,21314000,0.0,0.0
2020-11-18 00:00:00-05:00,87.23037529814633,87.64551138386834,86.33306063406765,86.43585205078125,20108000,0.0,0.0
2020-11-19 00:00:00-05:00,86.06788281961194,87.57051951755538,85.90848264103154,87.32620239257812,20106000,0.0,0.0
2020-11-20 00:00:00-05:00,87.49652779946634,87.81235033915841,86.15577659553901,86.22430419921875,27694000,0.0,0.0
2020-11-23 00:00:00-05:00,86.41499850151588,86.7015202893933,84.92328790810002,85.78633117675781,22530000,0.0,0.0
2020-11-24 00:00:00-05:00,85.78334081970468,87.71898790033936,85.44715853732825,87.59087371826172,27984000,0.0,0.0
2020-11-25 00:00:00-05:00,87.78504024540288,87.91265434022236,86.81919809848146,87.602294921875,19600000,0.0,0.0
2020-11-27 00:00:00-05:00,87.62265137734866,89.23503517364202,87.62265137734866,88.73895263671875,14790000,0.0,0.0
2020-11-30 00:00:00-05:00,88.17434731574909,88.40723809758074,86.79336923358123,87.11912536621094,32418000,0.0,0.0
2020-12-01 00:00:00-05:00,87.72793854870284,90.46207946719032,87.5476785104843,89.15310668945312,37350000,0.0,0.0
2020-12-02 00:00:00-05:00,89.15310829223527,91.00930935976088,88.64709964033578,90.62346649169922,29424000,0.0,0.0
2020-12-03 00:00:00-05:00,90.40347565496144,91.55999635366734,90.2276861454191,90.46803283691406,24728000,0.0,0.0
2020-12-04 00:00:00-05:00,90.38759548256864,90.8484140892729,90.05836139867917,90.56338500976562,20544000,0.0,0.0
2020-12-07 00:00:00-05:00,90.15568118177275,90.83797937404678,89.53446984443129,90.22917938232422,22288000,0.0,0.0
2020-12-08 00:00:00-05:00,89.80660353736675,90.17654956657847,88.95050853973332,89.94613647460938,19936000,0.0,0.0
2020-12-09 00:00:00-05:00,89.8979570205451,90.79229370200468,87.49652084591008,88.28408813476562,31728000,0.0,0.0
2020-12-10 00:00:00-05:00,87.5263191448489,88.14157486879887,86.08277656751567,87.77709197998047,28688000,0.0,0.0
2020-12-11 00:00:00-05:00,87.39721213285257,88.25678497137464,87.03669966329481,88.13214111328125,18628000,0.0,0.0
2020-12-14 00:00:00-05:00,87.92954487062023,88.87700490171588,86.85743340263497,87.01286315917969,33050000,0.0,0.0
2020-12-15 00:00:00-05:00,87.39025704522699,87.59583985286919,86.48699444327288,87.45084381103516,21352000,0.0,0.0
2020-12-16 00:00:00-05:00,87.84958566273735,87.84958566273735,86.85395784860822,87.2576675415039,24676000,0.0,0.0
2020-12-17 00:00:00-05:00,87.59237404777944,87.73042186459409,85.96460093493897,86.42938995361328,34880000,0.0,0.0
2020-12-18 00:00:00-05:00,86.71045239928884,86.81919943152793,85.16262570212646,85.71977996826172,85256000,0.0,0.0
2020-12-21 00:00:00-05:00,84.87113629069282,86.25509235125325,84.11981793066384,86.13392639160156,33974000,0.0,0.0
2020-12-22 00:00:00-05:00,85.87421449147438,86.03709256654695,84.70478234258736,85.42183685302734,20370000,0.0,0.0
2020-12-23 00:00:00-05:00,85.60607168641371,86.60815530253585,85.47050159575537,85.81959533691406,22974000,0.0,0.0
2020-12-24 00:00:00-05:00,85.8578235085603,86.52373235094736,85.62691792776171,86.11405944824219,9312000,0.0,0.0
2020-12-28 00:00:00-05:00,86.64788120786828,88.73796554394026,86.49444423582476,88.0904312133789,27650000,0.0,0.0
2020-12-29 00:00:00-05:00,88.7493978086226,88.81096960706013,87.1543957516824,87.2859878540039,19726000,0.0,0.0
2020-12-30 00:00:00-05:00,87.6455031107277,87.78255832007542,85.80817679890423,86.21784973144531,21026000,0.0,0.0
2020-12-31 00:00:00-05:00,86.26849355045843,87.27306236049445,86.20989199835125,87.03173065185547,21070000,0.0,0.0
2021-01-04 00:00:00-05:00,87.39721327969764,87.52085695769506,84.77231967368576,85.71531677246094,37324000,0.0,0.0
2021-01-05 00:00:00-05:00,85.66366258618784,86.74321469351275,85.25696751822113,86.40653991699219,20360000,0.0,0.0
2021-01-06 00:00:00-05:00,84.43067500335674,86.60120576827877,84.22409958830787,85.55392456054688,46588000,0.0,0.0
2021-01-07 00:00:00-05:00,85.74659668999963,88.28211046401697,85.74659668999963,88.10930633544922,41936000,0.0,0.0
2021-01-08 00:00:00-05:00,88.24933551484223,89.3517327598918,87.4577901976101,89.2757568359375,35484000,0.0,0.0
2021-01-11 00:00:00-05:00,88.24238133150995,88.60786440316203,87.00690685691502,87.21298217773438,34796000,0.0,0.0
2021-01-12 00:00:00-05:00,86.67022716182484,87.78950631707407,85.23115504466647,86.27644348144531,29528000,0.0,0.0
2021-01-13 00:00:00-05:00,85.7744115724748,87.21796188202141,85.7744115724748,86.76409149169922,23432000,0.0,0.0
2021-01-14 00:00:00-05:00,86.84451442090425,87.7721222794628,85.7123239531653,85.95316314697266,29212000,0.0,0.0
2021-01-15 00:00:00-05:00,85.85881921797849,86.78244915170757,84.9992539543371,85.78929901123047,31444000,0.0,0.0
2021-01-19 00:00:00-05:00,86.5530367998629,89.5741993642567,86.04802079890773,88.61233520507812,41660000,0.0,0.0
2021-01-20 00:00:00-05:00,90.69298282591129,94.33536450070085,90.35233758264769,93.3595962524414,64152000,0.0,0.0
2021-01-21 00:00:00-05:00,94.03393956655104,95.94227110893598,93.32681109981424,93.56218719482422,58634000,0.0,0.0
2021-01-22 00:00:00-05:00,93.92518905965122,94.56726028066227,93.18231164160541,93.97981262207031,32744000,0.0,0.0
2021-01-25 00:00:00-05:00,94.98190543815457,95.43279798699298,92.32125523928354,94.06522369384766,50586000,0.0,0.0
2021-01-26 00:00:00-05:00,93.65355545034815,95.13136173836658,93.16393621934257,94.74403381347656,31462000,0.0,0.0
2021-01-27 00:00:00-05:00,93.10335885414129,93.37945448291312,89.24844618847803,90.32402801513672,82512000,0.0,0.0
2021-01-28 00:00:00-05:00,90.92289423121268,93.75287039579504,90.92289423121268,92.0252914428711,55278000,0.0,0.0
2021-01-29 00:00:00-05:00,91.07286091482506,91.74423292058923,89.4609846616316,90.74214172363281,44530000,0.0,0.0
2021-02-01 00:00:00-05:00,91.59774264388165,95.12094344819168,91.59774264388165,94.00514221191406,40252000,0.0,0.0
2021-02-02 00:00:00-05:00,95.00127331523198,96.80085795144261,94.66558351835431,95.29872131347656,66332000,0.0,0.0
2021-02-03 00:00:00-05:00,102.57305820901132,104.6095117961337,99.98788364514651,102.23886108398438,97882000,0.0,0.0
2021-02-04 00:00:00-05:00,102.32525035691263,102.7562756387138,101.05798980789827,101.9781494140625,48596000,0.0,0.0
2021-02-05 00:00:00-05:00,102.27262078186465,104.07916128473674,101.79789812610615,103.7260971069336,29866000,0.0,0.0
2021-02-08 00:00:00-05:00,104.28077001063603,105.02563265356915,102.46082562034202,103.51206970214844,28828000,0.0,0.0
2021-02-09 00:00:00-05:00,103.02939215435124,104.2067727221709,102.79103824523523,103.0586929321289,21892000,0.0,0.0
2021-02-10 00:00:00-05:00,103.44353437120024,104.22514605872993,101.90911925986293,103.60939025878906,25102000,0.0,0.0
2021-02-11 00:00:00-05:00,103.83385461877602,103.98282108445419,102.73443512383678,103.72212219238281,20480000,0.0,0.0
2021-02-12 00:00:00-05:00,103.2761844765235,104.25592298130817,102.9683028144849,104.0339584350586,18990000,0.0,0.0
2021-02-16 00:00:00-05:00,103.8710913957422,106.52230792742778,103.8710913957422,104.81210327148438,31004000,0.0,0.0
2021-02-17 00:00:00-05:00,103.98182767192168,105.3950844927026,103.7022617169391,105.20539093017578,20294000,0.0,0.0
2021-02-18 00:00:00-05:00,104.5290554725159,105.37273908849392,103.94954865023567,104.56927490234375,22546000,0.0,0.0
2021-02-19 00:00:00-05:00,104.66760224999184,105.203404154816,103.45794305157632,103.72509765625,37938000,0.0,0.0
2021-02-22 00:00:00-05:00,101.97665882533313,103.30400607637003,101.69857799261982,102.00942993164062,29466000,0.0,0.0
2021-02-23 00:00:00-05:00,100.00971119855517,102.91517054370418,98.82984546220153,102.30040740966797,34658000,0.0,0.0
2021-02-24 00:00:00-05:00,100.80673050303888,103.7007716404692,100.68209421429081,103.47681427001953,22608000,0.0,0.0
2021-02-25 00:00:00-05:00,102.09236341525845,103.4365925447622,99.63729605423056,100.1070556640625,41548000,0.0,0.0
2021-02-26 00:00:00-05:00,100.80224662969428,102.12164534366852,99.36515987509816,100.40299987792969,40042000,0.0,0.0
2021-03-01 00:00:00-05:00,101.69857291071618,103.10040332291774,101.02422313651661,102.77415466308594,26060000,0.0,0.0
2021-03-02 00:00:00-05:00,102.53480408624813,104.01956628120942,102.1291091622479,102.51692962646484,25564000,0.0,0.0
2021-03-03 00:00:00-05:00,101.89472276716697,103.0884850858545,99.01706363524661,99.88160705566406,33892000,0.0,0.0
2021-03-04 00:00:00-05:00,100.05341822065624,103.01896452029507,99.58465124583257,100.99989318847656,49216000,0.0,0.0
2021-03-05 00:00:00-05:00,102.35156636872838,104.58863175555176,100.69449268365985,104.13526153564453,53100000,0.0,0.0
2021-03-08 00:00:00-05:00,103.48922828904087,104.96305669048873,99.57273635738918,99.68744659423828,36868000,0.0,0.0
2021-03-09 00:00:00-05:00,101.78548025372508,102.48912326397398,101.08282227095005,101.3191909790039,33920000,0.0,0.0
2021-03-10 00:00:00-05:00,102.3639776793979,102.3639776793979,100.27488613798953,101.11211395263672,27100000,0.0,0.0
2021-03-11 00:00:00-05:00,102.20607603435747,104.84040311495322,102.11818127805286,104.30757904052734,27702000,0.0,0.0
2021-03-12 00:00:00-05:00,103.10933995899494,103.16892653845659,100.92490535157664,101.79788208007812,33818000,0.0,0.0
2021-03-15 00:00:00-04:00,101.54861197733112,102.04567957460087,100.69500231836219,102.01837158203125,26168000,0.0,0.0
2021-03-16 00:00:00-04:00,102.59191553889649,104.96008072594401,102.25921114107965,103.48078918457031,31900000,0.0,0.0
2021-03-17 00:00:00-04:00,102.71505934343303,104.23109987836469,101.5059003100196,103.3978500366211,26382000,0.0,0.0
2021-03-18 00:00:00-04:00,101.7075051591949,102.72896343122781,100.26744054557446,100.37470245361328,31700000,0.0,0.0
2021-03-19 00:00:00-04:00,100.79133336870827,101.15432355512716,99.46050826596426,100.65377807617188,46072000,0.0,0.0
2021-03-22 00:00:00-04:00,100.68704504624907,101.7154515294454,100.01020999362063,100.83899688720703,33536000,0.0,0.0
2021-03-23 00:00:00-04:00,101.29883536962339,102.49856099627006,100.70543206365292,101.36736297607422,28510000,0.0,0.0
2021-03-24 00:00:00-04:00,101.88529017608958,102.67186495267238,100.75508476350407,100.93038177490234,25218000,0.0,0.0
2021-03-25 00:00:00-04:00,100.75756134986057,101.58137767227184,99.12084735520355,100.92689514160156,35616000,0.0,0.0
2021-03-26 00:00:00-04:00,100.89363153792782,101.27102588193519,99.50619757196918,100.54305267333984,27978000,0.0,0.0
2021-03-29 00:00:00-04:00,100.41541890802056,101.7586552860578,99.5856394185537,101.58882141113281,26492000,0.0,0.0
2021-03-30 00:00:00-04:00,101.94586758609552,102.42704590422225,101.11013243627151,101.62259674072266,27312000,0.0,0.0
2021-03-31 00:00:00-04:00,102.01636904021585,103.59845929099498,101.64890081306791,102.41958618164062,42570000,0.0,0.0
2021-04-01 00:00:00-04:00,103.89591057696796,106.0560073466186,103.85519106202273,105.75955200195312,39880000,0.0,0.0
2021-04-05 00:00:00-04:00,106.62211337456482,110.68608655978105,106.52577769061983,110.18801879882812,48510000,0.0,0.0
2021-04-06 00:00:00-04:00,109.78876861526743,110.63692268035109,109.33539838290059,109.70633697509766,35240000,0.0,0.0
2021-04-07 00:00:00-04:00,109.89703385350786,111.45627935995104,109.89703385350786,111.18465423583984,24134000,0.0,0.0
2021-04-08 00:00:00-04:00,112.42459741103764,112.81143286154771,111.38228678145336,111.75074768066406,28664000,0.0,0.0
2021-04-09 00:00:00-04:00,111.50295716552093,112.91968428318657,111.09675457023529,112.75581359863281,26146000,0.0,0.0
2021-04-12 00:00:00-04:00,111.93397929114465,112.07152700708663,110.62798445173745,111.46223449707031,25024000,0.0,0.0
2021-04-13 00:00:00-04:00,111.77854480380566,112.39827100127401,111.38426106868891,111.9493637084961,25682000,0.0,0.0
2021-04-14 00:00:00-04:00,112.59492016611924,112.59492016611924,111.03518222254296,111.3276596069336,21002000,0.0,0.0
2021-04-15 00:00:00-04:00,112.32279939947108,114.01363687359006,111.78749002966799,113.47981262207031,29174000,0.0,0.0
2021-04-16 00:00:00-04:00,113.6779530050074,113.92624054804651,112.76822708360963,113.35567474365234,26282000,0.0,0.0
2021-04-19 00:00:00-04:00,112.73148319799424,114.41536491519754,112.73148319799424,113.70377349853516,30290000,0.0,0.0
2021-04-20 00:00:00-04:00,114.08762678716785,114.16261011066196,112.08295945388272,113.16996002197266,22288000,0.0,0.0
2021-04-21 00:00:00-04:00,112.82433942501434,113.21911569548593,111.47216193615608,113.1371841430664,23204000,0.0,0.0
2021-04-22 00:00:00-04:00,112.99068363198703,113.66007037632106,111.24870053743062,111.85452270507812,24146000,0.0,0.0
2021-04-23 00:00:00-04:00,112.5735722203721,114.51617525978173,112.28804305693671,114.20879364013672,29066000,0.0,0.0
2021-04-26 00:00:00-04:00,114.43671312455784,115.43036333070552,114.07917847687918,114.70536041259766,32038000,0.0,0.0
2021-04-27 00:00:00-04:00,115.08772774296831,115.12844726225228,113.52500442771635,113.76435852050781,44386000,0.0,0.0
2021-04-28 00:00:00-04:00,118.80558735314312,120.73627149792708,116.85504353918805,117.14405059814453,81106000,0.0,0.0
2021-04-29 00:00:00-04:00,118.64319966263592,119.38458431397586,117.8794624667464,118.81848907470703,41234000,0.0,0.0
2021-04-30 00:00:00-04:00,117.58996717984161,118.27672829890145,116.52431905123296,116.86894226074219,44856000,0.0,0.0
2021-05-03 00:00:00-04:00,117.43553948952028,118.2618411752265,115.97511498373677,116.35151672363281,28242000,0.0,0.0
2021-05-04 00:00:00-04:00,114.88512675108498,115.45320725454022,112.06110599855704,114.55142974853516,44818000,0.0,0.0
2021-05-05 00:00:00-04:00,115.63397073423225,115.95028579947221,114.62343858766027,114.94571685791016,26636000,0.0,0.0
2021-05-06 00:00:00-04:00,114.52660004687345,116.06697845458984,113.86665436169554,116.06697845458984,25190000,0.0,0.0
2021-05-07 00:00:00-04:00,117.38488841676944,117.7503639113892,116.50445572255295,116.79097747802734,28898000,0.0,0.0
2021-05-10 00:00:00-04:00,115.60962221755646,115.75164801717878,113.44455468092164,113.8025894165039,30914000,0.0,0.0
2021-05-11 00:00:00-04:00,111.38527374593276,113.2330262278343,110.93090328870252,112.72552490234375,34186000,0.0,0.0
2021-05-12 00:00:00-04:00,110.54704678651926,111.62908428486004,108.92969990964455,109.25892639160156,46376000,0.0,0.0
2021-05-13 00:00:00-04:00,110.54355688396663,111.20499516697443,109.58020014350784,110.68856048583984,33204000,0.0,0.0
2021-05-14 00:00:00-04:00,112.15347012836743,113.453501809493,111.7293930700352,113.138671875,31996000,0.0,0.0
2021-05-17 00:00:00-04:00,112.40325148353085,113.70477596083329,112.00301205906752,113.66207122802734,21598000,0.0,0.0
2021-05-18 00:00:00-04:00,114.32896221785582,114.59363909579048,112.33471351228613,112.34861755371094,22204000,0.0,0.0
2021-05-19 00:00:00-04:00,110.65828287821735,112.97033180771274,110.50980892808556,112.79702758789062,23684000,0.0,0.0
2021-05-20 00:00:00-04:00,113.76535047048326,114.80815356114391,113.39391177615245,114.55738830566406,32352000,0.0,0.0
2021-05-21 00:00:00-04:00,115.07679690474603,115.15029510370941,113.68092214088712,113.92076873779297,40632000,0.0,0.0
2021-05-24 00:00:00-04:00,114.95166574781729,117.46731220686212,114.80616961581151,117.24336242675781,31832000,0.0,0.0
2021-05-25 00:00:00-04:00,117.78761405946807,118.38350267342507,116.9434378916011,117.33424377441406,22440000,0.0,0.0
2021-05-26 00:00:00-04:00,117.51548046613217,118.63128926079746,117.51250265235855,118.20026397705078,21572000,0.0,0.0
2021-05-27 00:00:00-04:00,118.63426373987288,118.63426373987288,117.00599824507955,117.32479858398438,35224000,0.0,0.0
2021-05-28 00:00:00-04:00,117.90777785188578,117.98970940408962,116.83666658294217,117.03529357910156,21482000,0.0,0.0
2021-06-01 00:00:00-04:00,117.90877961712468,118.46841921616031,116.90768099049576,118.24346923828125,23354000,0.0,0.0
2021-06-02 00:00:00-04:00,118.63923515219538,118.86219991513654,116.8123349585416,117.71759796142578,21158000,0.0,0.0
2021-06-03 00:00:00-04:00,116.48310125637171,117.04373341126214,115.67815198832696,116.57496643066406,18696000,0.0,0.0
2021-06-04 00:00:00-04:00,117.65203751158097,119.12984382575019,117.31138472478672,118.85871124267578,24458000,0.0,0.0
2021-06-07 00:00:00-04:00,118.6536353921515,119.40197591277536,118.23452893652797,119.29222869873047,24120000,0.0,0.0
2021-06-08 00:00:00-04:00,119.77441274086057,120.1473365797577,118.91881026682869,119.10055541992188,24240000,0.0,0.0
2021-06-09 00:00:00-04:00,119.74560799112477,119.81760592267354,119.02408294020918,119.57230377197266,17942000,0.0,0.0
2021-06-10 00:00:00-04:00,119.52164750239044,120.96569017106941,119.36572523374554,120.9224853515625,25904000,0.0,0.0
2021-06-11 00:00:00-04:00,121.16430711743823,121.24971656764579,120.11951131631871,120.67766571044922,21958000,0.0,0.0
2021-06-14 00:00:00-04:00,120.77997160978902,121.6072658902099,120.07185807853914,121.60677337646484,22098000,0.0,0.0
2021-06-15 00:00:00-04:00,121.6112350467546,121.93450591139118,120.22678650087968,120.58779907226562,21562000,0.0,0.0
2021-06-16 00:00:00-04:00,120.73925165647537,121.051103781599,118.65165259558208,119.94522857666016,26472000,0.0,0.0
2021-06-17 00:00:00-04:00,119.8707512752381,121.68324740306925,119.67460198441277,120.90958404541016,25842000,0.0,0.0
2021-06-18 00:00:00-04:00,120.53565476719979,120.77003827045989,119.19291832944006,119.28826141357422,46116000,0.0,0.0
2021-06-21 00:00:00-04:00,119.67509414601389,121.16431929234544,119.07721278021708,120.97810363769531,27414000,0.0,0.0
2021-06-22 00:00:00-04:00,120.91602469124716,121.56157377176068,120.23472669279211,121.49254608154297,22390000,0.0,0.0
2021-06-23 00:00:00-04:00,121.2571722246555,122.25230755219879,120.99995125396923,121.29044342041016,19148000,0.0,0.0
2021-06-24 00:00:00-04:00,121.85951566334282,122.2125798006143,121.46226168040718,121.660888671875,21362000,0.0,0.0
2021-06-25 00:00:00-04:00,121.16431840853278,121.79298566675085,120.73230051757878,121.6693344116211,34594000,0.0,0.0
2021-06-28 00:00:00-04:00,121.8381657792052,121.94394257241956,120.57389063199965,121.69664764404297,28526000,0.0,0.0
2021-06-29 00:00:00-04:00,121.83022049740785,122.1783216062728,120.8574301606362,121.43494415283203,23108000,0.0,0.0
2021-06-30 00:00:00-04:00,121.15886911705223,121.41957560768397,120.52325355413963,121.25321960449219,24474000,0.0,0.0
2021-07-01 00:00:00-04:00,120.89119713899787,121.74729205960752,120.69902586362701,121.60577392578125,18110000,0.0,0.0
2021-07-02 00:00:00-04:00,122.30645097674478,124.54500938799978,122.21657100316571,124.3995132446289,25982000,0.0,0.0
2021-07-06 00:00:00-04:00,124.78782026461114,125.56198362512214,123.72912036717764,125.32561492919922,26404000,0.0,0.0
2021-07-07 00:00:00-04:00,126.29095680695026,126.41211517987149,125.28886567902163,125.607666015625,24060000,0.0,0.0
2021-07-08 00:00:00-04:00,123.17643727760102,124.73518256604955,123.17246685935096,124.18746185302734,23790000,0.0,0.0
2021-07-09 00:00:00-04:00,124.16860255332142,124.87323817975565,123.69834285244087,124.65872192382812,18632000,0.0,0.0
2021-07-12 00:00:00-04:00,125.31370552891468,126.19910128355673,124.75058804003152,126.10574340820312,17668000,0.0,0.0
2021-07-13 00:00:00-04:00,126.16829714742079,127.18031431277677,125.80679208640693,126.46922302246094,19240000,0.0,0.0
2021-07-14 00:00:00-04:00,127.08150096063406,128.4406342101762,127.03829614280257,127.35858917236328,23742000,0.0,0.0
2021-07-15 00:00:00-04:00,127.7677685685234,127.818414131509,125.66328024495255,126.13502502441406,24218000,0.0,0.0
2021-07-16 00:00:00-04:00,126.78853463100182,126.93601597931935,125.28937581428032,126.10028076171875,20424000,0.0,0.0
2021-07-19 00:00:00-04:00,125.22580675306436,125.34051699003123,122.65900702825122,123.72466278076172,27968000,0.0,0.0
2021-07-20 00:00:00-04:00,124.66764318799022,126.1727650457549,123.49871117973804,125.34497833251953,26312000,0.0,0.0
2021-07-21 00:00:00-04:00,125.26949980768543,126.72198337355782,125.1602526883188,126.67530822753906,20746000,0.0,0.0
2021-07-22 00:00:00-04:00,126.96829591308182,127.6029188301967,126.625657881777,127.54183197021484,14302000,0.0,0.0
2021-07-23 00:00:00-04:00,129.5370668627534,132.48523890184507,128.91139257324573,132.10386657714844,41506000,0.0,0.0
2021-07-26 00:00:00-04:00,132.41520936206135,133.31747924825922,131.395236286255,133.1168670654297,30572000,0.0,0.0
2021-07-27 00:00:00-04:00,133.33091486736993,133.47839621773178,129.21281791360002,130.9965057373047,54710000,0.0,0.0
2021-07-28 00:00:00-04:00,135.37828272257383,137.3496864200583,134.3508687484611,135.16177368164062,95130000,0.0,0.0
2021-07-29 00:00:00-04:00,135.21737333735683,135.72487458929427,134.61453659090066,134.84742736816406,31716000,0.0,0.0
2021-07-30 00:00:00-04:00,134.11002362301198,134.3776782948477,133.3353677791156,133.8036346435547,25576000,0.0,0.0
2021-08-02 00:00:00-04:00,134.19146975087898,134.40946389978131,132.877534075771,133.93077087402344,21634000,0.0,0.0
2021-08-03 00:00:00-04:00,134.20933862806302,134.80224938250032,132.40628376383424,134.70095825195312,20762000,0.0,0.0
2021-08-04 00:00:00-04:00,134.42238532887288,134.72033341925697,133.5657902518696,134.19992065429688,19676000,0.0,0.0
2021-08-05 00:00:00-04:00,134.75111884255372,135.4160427554173,133.9223318061905,135.31820678710938,17870000,0.0,0.0
2021-08-06 00:00:00-04:00,135.11013410578906,135.53768146813212,134.28383249025302,134.80870056152344,20488000,0.0,0.0
2021-08-09 00:00:00-04:00,135.01131691269555,136.24431365244018,134.41243537983704,135.97515869140625,17760000,0.0,0.0
2021-08-10 00:00:00-04:00,136.40122739389997,136.82878994271528,135.4304297601133,135.86990356445312,19414000,0.0,0.0
2021-08-11 00:00:00-04:00,136.24181905832265,136.73937911872332,135.33804886119853,135.3455047607422,15352000,0.0,0.0
2021-08-12 00:00:00-04:00,135.04408266615167,136.35951864766164,134.49786220697922,136.25424194335938,16506000,0.0,0.0
2021-08-13 00:00:00-04:00,136.30985037406484,136.91220221013,136.09434153184176,136.78407287597656,15948000,0.0,0.0
2021-08-16 00:00:00-04:00,136.5829646713406,137.41473699232492,134.37221455743094,137.36209106445312,22384000,0.0,0.0
2021-08-17 00:00:00-04:00,136.80644785628982,137.3184197232231,135.14987395556926,135.72540283203125,21716000,0.0,0.0
2021-08-18 00:00:00-04:00,135.56499013268993,136.16535676998893,134.39456539418998,134.5211944580078,19258000,0.0,0.0
2021-08-19 00:00:00-04:00,133.51464330667287,135.418504459747,133.33041285553048,134.7506103515625,21782000,0.0,0.0
2021-08-20 00:00:00-04:00,135.06843130244778,136.61178760876336,134.32356862982397,136.48814392089844,31194000,0.0,0.0
2021-08-23 00:00:00-04:00,137.02441648321607,139.90951622851577,136.6648966422779,139.0822296142578,28454000,0.0,0.0
2021-08-24 00:00:00-04:00,139.64832759063572,141.1067743975744,139.3772025716941,140.29388427734375,19268000,0.0,0.0
2021-08-25 00:00:00-04:00,140.65490418405014,141.2155364091785,140.40761680333262,141.1057891845703,15848000,0.0,0.0
2021-08-26 00:00:00-04:00,140.77902317776307,141.44194660984968,140.38870986385695,140.47164916992188,20610000,0.0,0.0
2021-08-27 00:00:00-04:00,140.68221433857994,143.52262470391653,140.52777716885453,143.01760864257812,28780000,0.0,0.0
2021-08-30 00:00:00-04:00,143.41088134582995,144.9706345087551,143.17550523578328,143.60008239746094,24434000,0.0,0.0
2021-08-31 00:00:00-04:00,144.15277422389678,144.17709682612852,143.29270882385984,143.7063446044922,22448000,0.0,0.0
2021-09-01 00:00:00-04:00,144.00677094284313,145.25217904174795,143.8910681023776,144.22079467773438,21936000,0.0,0.0
2021-09-02 00:00:00-04:00,144.2213144723881,144.5227329152527,142.20422043422548,142.30552673339844,32342000,0.0,0.0
2021-09-03 00:00:00-04:00,142.10043075100694,143.16756408093735,141.4250807432199,142.75491333007812,19850000,0.0,0.0
2021-09-07 00:00:00-04:00,142.84924647049465,143.5747418670663,142.63522275228055,143.2921905517578,20124000,0.0,0.0
2021-09-08 00:00:00-04:00,143.11293622697437,143.41086913513237,142.02046504950178,142.70672607421875,18344000,0.0,0.0
2021-09-09 00:00:00-04:00,142.85523305878948,143.3220149038084,142.1967799984015,142.5577850341797,15314000,0.0,0.0
2021-09-10 00:00:00-04:00,143.22465834616918,143.72720419740523,139.7739707968701,139.91102600097656,36840000,0.0,0.0
2021-09-13 00:00:00-04:00,140.9771718765766,141.9708221964238,140.28246983807614,141.35755920410156,22094000,0.0,0.0
2021-09-14 00:00:00-04:00,142.01599943041023,142.38098998687326,140.779032265316,141.56808471679688,19674000,0.0,0.0
2021-09-15 00:00:00-04:00,141.79355293537884,143.46105308177107,140.3793109563561,143.44020080566406,27408000,0.0,0.0
2021-09-16 00:00:00-04:00,142.9644492148849,143.31155770924323,141.426063761718,142.62628173828125,26190000,0.0,0.0
2021-09-17 00:00:00-04:00,142.0507769006327,142.4673980896483,139.50781463441865,139.83555603027344,53384000,0.0,0.0
2021-09-20 00:00:00-04:00,137.21512586800515,138.04788331383995,135.38823315495145,137.76930236816406,46518000,0.0,0.0
2021-09-21 00:00:00-04:00,138.79222650353563,139.05244043758358,137.33080952468467,138.0806427001953,25332000,0.0,0.0
2021-09-22 00:00:00-04:00,138.3497879973125,139.92193727417347,137.60244009203043,139.32257080078125,25056000,0.0,0.0
2021-09-23 00:00:00-04:00,140.02175258286653,140.72589563920047,139.43976807979007,140.24868774414062,20952000,0.0,0.0
2021-09-24 00:00:00-04:00,139.57583007870915,141.35556254003694,139.28036730337084,141.2408447265625,22984000,0.0,0.0
2021-09-27 00:00:00-04:00,139.84001289276725,140.96624781578487,139.10806172640446,140.10568237304688,21882000,0.0,0.0
2021-09-28 00:00:00-04:00,137.70521237643976,138.14368592030414,134.43278493690093,134.89956665039062,45772000,0.0,0.0
2021-09-29 00:00:00-04:00,136.0417012440677,136.21153513021474,132.94804827238903,133.43319702148438,30848000,0.0,0.0
2021-09-30 00:00:00-04:00,133.3418297784705,134.6140457457326,132.64115703529495,132.7603302001953,37996000,0.0,0.0
2021-10-01 00:00:00-04:00,133.5265607466969,135.97270238352604,133.15462949952996,135.6077117919922,35360000,0.0,0.0
2021-10-04 00:00:00-04:00,135.02919100762176,135.02919100762176,130.152335016585,132.74395751953125,51202000,0.0,0.0
2021-10-05 00:00:00-04:00,133.12284448248417,136.28454028271238,133.12284448248417,135.0912628173828,32404000,0.0,0.0
2021-10-06 00:00:00-04:00,133.82699091338657,136.80644154596658,133.62836390206846,136.62271118164062,24364000,0.0,0.0
2021-10-07 00:00:00-04:00,137.94062025981415,139.08275211863085,137.7012737211679,138.27134704589844,25110000,0.0,0.0
2021-10-08 00:00:00-04:00,138.6209046044281,139.3697375825888,138.26387006026113,138.82798767089844,26526000,0.0,0.0
2021-10-11 00:00:00-04:00,138.33788008148647,139.7481514962856,137.90783223964974,137.96246337890625,17954000,0.0,0.0
2021-10-12 00:00:00-04:00,138.52460307915274,138.55142613938133,134.8300826580418,135.51437377929688,36332000,0.0,0.0
2021-10-13 00:00:00-04:00,136.46129734353676,137.05470814080826,135.58385011505686,136.6395721435547,19654000,0.0,0.0
2021-10-14 00:00:00-04:00,138.51861318495054,140.36934326581917,137.87405672252987,140.1841278076172,31894000,0.0,0.0
2021-10-15 00:00:00-04:00,140.64447543325574,140.74726684594384,139.79086571869038,140.399658203125,30274000,0.0,0.0
2021-10-18 00:00:00-04:00,140.1101505005765,141.81786982944135,140.10319469147404,141.79998779296875,20396000,0.0,0.0
2021-10-19 00:00:00-04:00,142.4053106642603,142.6784360414776,141.6232140325782,142.25584411621094,20164000,0.0,0.0
2021-10-20 00:00:00-04:00,142.35615012808168,142.56273311314936,140.40808409613712,140.7978973388672,23288000,0.0,0.0
2021-10-21 00:00:00-04:00,140.79789009445648,141.18224778083288,139.5375854385603,140.91409301757812,26292000,0.0,0.0
2021-10-22 00:00:00-04:00,138.19684070584688,139.6200235721843,135.12403988549715,136.6241912841797,50588000,0.0,0.0
2021-10-25 00:00:00-04:00,136.6078150016208,137.0547295671816,134.4963706145337,136.50552368164062,34412000,0.0,0.0
2021-10-26 00:00:00-04:00,138.3095581124509,139.12343319491293,137.3571275635801,138.354248046875,49236000,0.0,0.0
2021-10-27 00:00:00-04:00,138.4500773526693,147.6317444399886,138.4500773526693,145.21591186523438,85782000,0.0,0.0
2021-10-28 00:00:00-04:00,146.1266620424721,146.1499996170041,143.6363306801379,144.84996032714844,36206000,0.0,0.0
2021-10-29 00:00:00-04:00,144.0842642091845,147.2265932584735,143.65870196665412,147.0319366455078,43320000,0.0,0.0
2021-11-01 00:00:00-04:00,147.03192002619673,147.03192002619673,142.24442868736074,142.51406860351562,46924000,0.0,0.0
2021-11-02 00:00:00-04:00,143.589155856485,145.6047494341665,143.3468239373789,144.43630981445312,33482000,0.0,0.0
2021-11-03 00:00:00-04:00,144.90110958293442,145.66435436896379,143.60058532417827,145.59384155273438,27494000,0.0,0.0
2021-11-04 00:00:00-04:00,146.1167161309597,148.70785360831633,145.30581121346245,147.25189208984375,38412000,0.0,0.0
2021-11-05 00:00:00-04:00,148.14769705089574,149.29776958351854,147.18187010538642,147.83238220214844,38354000,0.0,0.0
2021-11-08 00:00:00-05:00,148.79871470403364,149.58331179052777,147.41376612492647,148.01016235351562,23052000,0.0,0.0
2021-11-09 00:00:00-05:00,148.21078213972393,148.80816342631448,146.23639304016191,147.8984375,19530000,0.0,0.0
2021-11-10 00:00:00-05:00,146.4896364250964,147.05573924329605,143.54743538233325,144.89413452148438,29970000,0.0,0.0
2021-11-11 00:00:00-05:00,145.48607536348254,146.52491566576384,144.60315733615232,144.7680206298828,16518000,0.0,0.0
2021-11-12 00:00:00-05:00,145.61120416786628,147.83041049178345,144.41495647222519,147.65957641601562,22360000,0.0,0.0
2021-11-15 00:00:00-05:00,147.8805490402253,148.52510553842666,146.56412805215115,147.43511962890625,23508000,0.0,0.0
2021-11-16 00:00:00-05:00,147.13467743083916,147.74346975637175,146.30340532706882,146.86305236816406,18904000,0.0,0.0
2021-11-17 00:00:00-05:00,147.0135155370304,147.54186906071254,146.23141896443005,147.0328826904297,19594000,0.0,0.0
2021-11-18 00:00:00-05:00,147.22608793107534,149.5490709192898,146.87153861578025,148.81214904785156,35608000,0.0,0.0
2021-11-19 00:00:00-05:00,148.9481825616675,149.9324068330107,147.87906407861217,147.9063720703125,33682000,0.0,0.0
2021-11-22 00:00:00-05:00,148.30959419909644,148.80318386713506,145.14641349880958,145.2998504638672,30594000,0.0,0.0
2021-11-23 00:00:00-05:00,145.1518776457965,145.65540854361367,143.1278431625673,144.78341674804688,27218000,0.0,0.0
2021-11-24 00:00:00-05:00,144.47703883261104,145.2477243987509,143.38408255604315,145.11911010742188,18040000,0.0,0.0
2021-11-26 00:00:00-05:00,143.359739569914,143.56730760150222,140.87090840018158,141.20907592773438,30470000,0.0,0.0
2021-11-29 00:00:00-05:00,143.01362696483886,145.29539012622988,142.9078501657201,144.5336456298828,32596000,0.0,0.0
2021-11-30 00:00:00-05:00,144.01520427034993,144.99991343522885,140.6315442102793,140.92552185058594,42068000,0.0,0.0
2021-12-01 00:00:00-05:00,143.01361658018308,144.95075636470054,139.9467715705473,140.08531188964844,34020000,0.0,0.0
2021-12-02 00:00:00-05:00,140.2824605205018,142.87905356135158,139.2540463739242,141.98670959472656,29194000,0.0,0.0
2021-12-03 00:00:00-05:00,142.69682410009432,143.41089332697956,139.3399713287488,141.02882385253906,41230000,0.0,0.0
2021-12-06 00:00:00-05:00,142.06067508092005,142.867109397249,139.18997198196627,142.1743927001953,30618000,0.0,0.0
2021-12-07 00:00:00-05:00,144.5991976891351,146.52045607098424,144.2327219717644,146.2607421875,32240000,0.0,0.0
2021-12-08 00:00:00-05:00,146.5854775642507,147.37653035976174,145.4031415660559,147.1714324951172,24270000,0.0,0.0
2021-12-09 00:00:00-05:00,146.58002202898808,148.0786882197915,146.10728463519155,146.627197265625,23270000,0.0,0.0
2021-12-10 00:00:00-05:00,147.68141834397827,147.9570138625122,145.6990885419643,146.98770141601562,24458000,0.0,0.0
2021-12-13 00:00:00-05:00,146.76921671564287,146.95643255514503,144.52073235798926,144.82762145996094,27070000,0.0,0.0
2021-12-14 00:00:00-05:00,142.98183615275286,143.49032245820712,140.24768798215138,142.92124938964844,38446000,0.0,0.0
2021-12-15 00:00:00-05:00,142.4266528071714,145.71596227271536,140.70750727401295,145.43788146972656,36370000,0.0,0.0
2021-12-16 00:00:00-05:00,146.16242238717896,146.6654532375438,142.623324395599,143.45559692382812,33650000,0.0,0.0
2021-12-17 00:00:00-05:00,141.5238967322668,142.84925876287545,140.33211958011196,140.75421142578125,50416000,0.0,0.0
2021-12-20 00:00:00-05:00,139.0410217021847,140.80337222903077,138.36667189829006,140.6370086669922,27192000,0.0,0.0
2021-12-21 00:00:00-05:00,141.0804596519441,142.88352978541766,139.54008877939256,142.48974609375,28756000,0.0,0.0
2021-12-22 00:00:00-05:00,142.08750519327856,145.49648802406725,142.08750519327856,145.4120635986328,26322000,0.0,0.0
2021-12-23 00:00:00-05:00,145.49650530933746,147.2280624525813,145.44882997744546,145.91015625,26384000,0.0,0.0
2021-12-27 00:00:00-05:00,146.2473298905451,147.3278748162573,146.1614203329688,146.89337158203125,15976000,0.0,0.0
2021-12-28 00:00:00-05:00,147.22060612425986,147.28317810290264,145.0540608351718,145.68222045898438,18200000,0.0,0.0
2021-12-29 00:00:00-05:00,145.63999500667248,146.40721009750993,144.64983033524757,145.65042114257812,17788000,0.0,0.0
2021-12-30 00:00:00-05:00,145.68915495604028,146.29100668000854,144.99445303661054,145.19903564453125,15688000,0.0,0.0
2021-12-31 00:00:00-05:00,145.04956351323298,145.6936198466659,143.85977172851562,143.85977172851562,18136000,0.0,0.0
2022-01-03 00:00:00-05:00,144.0613784409724,144.8519311224432,142.72857575378174,143.99832153320312,28646000,0.0,0.0
2022-01-04 00:00:00-05:00,144.40004976188612,145.4815947191956,142.73206493911738,143.41038513183594,28400000,0.0,0.0
2022-01-05 00:00:00-05:00,143.4307559012557,143.5097096480899,136.74487381713,136.83126831054688,54618000,0.0,0.0
2022-01-06 00:00:00-05:00,136.06007743230046,138.98142624455608,135.6230889673093,136.80393981933594,37348000,0.0,0.0
2022-01-07 00:00:00-05:00,137.1992096234285,137.50014307479,134.836507719824,136.0784454345703,29760000,0.0,0.0
2022-01-10 00:00:00-05:00,134.15274434444186,137.8686166309049,132.25235351586585,137.71963500976562,44408000,0.0,0.0
2022-01-11 00:00:00-05:00,137.06167849311132,139.25554684251247,135.7561836931482,138.77882385253906,28730000,0.0,0.0
2022-01-12 00:00:00-05:00,140.18313478333724,141.6311554318166,139.73076471910252,140.4617156982422,26108000,0.0,0.0
2022-01-13 00:00:00-05:00,140.57047082946312,141.871510304291,137.46092086663876,137.63771057128906,31436000,0.0,0.0
2022-01-14 00:00:00-05:00,136.14001576725417,139.77793411889562,136.06007700509608,138.5250701904297,29662000,0.0,0.0
2022-01-18 00:00:00-05:00,135.24222628592668,136.19217162710595,134.5107751926396,135.06643676757812,34872000,0.0,0.0
2022-01-19 00:00:00-05:00,135.58833902307862,137.01450730821685,134.09067289531706,134.19097900390625,28648000,0.0,0.0
2022-01-20 00:00:00-05:00,135.31669707569674,136.6832786039826,132.05369536697646,132.39434814453125,29908000,0.0,0.0
2022-01-21 00:00:00-05:00,131.6852497283772,133.94167468699533,129.1954187426891,129.45860290527344,55652000,0.0,0.0
2022-01-24 00:00:00-05:00,125.11507313847382,130.30428901156284,123.64720029032809,129.90802001953125,76622000,0.0,0.0
2022-01-25 00:00:00-05:00,127.85815753662722,128.5126400999818,125.63399580516415,126.06551361083984,46960000,0.0,0.0
2022-01-26 00:00:00-05:00,130.2208611272421,132.0889733339284,126.27109790890478,128.3477783203125,49130000,0.0,0.0
2022-01-27 00:00:00-05:00,130.40458604804593,131.74384451812946,128.04932480717565,128.121337890625,31950000,0.0,0.0
2022-01-28 00:00:00-05:00,128.7708642548901,132.4430469854513,127.6049098676887,132.4375762939453,34362000,0.0,0.0
2022-01-31 00:00:00-05:00,133.24301799963737,134.54504250233154,131.3038928647385,134.37669372558594,39986000,0.0,0.0
2022-02-01 00:00:00-05:00,136.65199616866573,136.8491380497125,133.44809584204324,136.70115661621094,68644000,0.0,0.0
2022-02-02 00:00:00-05:00,150.213959281509,150.50842187379808,144.52569849957,146.98622131347656,123200000,0.0,0.0
2022-02-03 00:00:00-05:00,144.70744115071966,148.64974827603828,141.68825627852442,142.10984802246094,71518000,0.0,0.0
2022-02-04 00:00:00-05:00,142.4619138594205,143.88261122528846,139.55247646938693,142.3114471435547,57998000,0.0,0.0
2022-02-07 00:00:00-05:00,143.26190864808652,143.26190864808652,137.94854930203064,138.24749755859375,54974000,0.0,0.0
2022-02-08 00:00:00-05:00,138.0742067910711,139.04103406729655,136.07549495720775,138.44415283203125,54284000,0.0,0.0
2022-02-09 00:00:00-05:00,139.99791170532907,141.54822358083172,139.22672618566713,140.62210083007812,40144000,0.0,0.0
2022-02-10 00:00:00-05:00,138.74654529321856,140.51533620817344,137.0120030221674,137.6704559326172,39330000,0.0,0.0
2022-02-11 00:00:00-05:00,137.65063252628258,138.2033087667454,132.48623903478702,133.36270141601562,39958000,0.0,0.0
2022-02-14 00:00:00-05:00,132.34371646053006,135.36637180477342,132.34371646053006,134.59767150878906,34302000,0.0,0.0
2022-02-15 00:00:00-05:00,136.62817626062764,137.16250068888525,134.89116345210377,135.6727752685547,26680000,0.0,0.0
2022-02-16 00:00:00-05:00,135.7105099596148,137.14014870275417,133.99980495788665,136.79454040527344,25022000,0.0,0.0
2022-02-17 00:00:00-05:00,135.30974142598828,136.17427722960795,131.57103210398424,131.63111877441406,38950000,0.0,0.0
2022-02-18 00:00:00-05:00,132.55277323596871,133.15165480974724,129.3046828967441,129.509765625,45620000,0.0,0.0
2022-02-22 00:00:00-05:00,128.9486237480946,131.27507671013754,127.34518092700627,128.92430114746094,44990000,0.0,0.0
2022-02-23 00:00:00-05:00,130.74672218976002,131.146461476255,126.65394836077941,126.71403503417969,32786000,0.0,0.0
2022-02-24 00:00:00-05:00,124.09760837454579,132.0889936415864,124.09760837454579,131.7821044921875,54456000,0.0,0.0
2022-02-25 00:00:00-05:00,132.63718249004066,134.34490176287858,130.84900920998376,133.53846740722656,36406000,0.0,0.0
2022-02-28 00:00:00-05:00,132.1386256771338,134.82161307191876,131.6842552568574,134.1318817138672,38864000,0.0,0.0
2022-03-01 00:00:00-05:00,133.95457811063864,135.32214458518868,132.3059606090061,133.14317321777344,26496000,0.0,0.0
2022-03-02 00:00:00-05:00,133.7058202345684,134.3359650140929,132.1599788001748,133.6497039794922,23520000,0.0,0.0
2022-03-03 00:00:00-05:00,135.07834743813976,135.5049097951273,132.1142937033128,132.98231506347656,24604000,0.0,0.0
2022-03-04 00:00:00-05:00,132.01696245071622,132.93462912207434,129.44469223141712,131.00294494628906,30430000,0.0,0.0
2022-03-07 00:00:00-05:00,130.58733818371817,130.83264033914966,125.42990090344138,125.51283264160156,45112000,0.0,0.0
2022-03-08 00:00:00-05:00,125.38521713682621,130.3509683105619,124.8136586917926,126.2338638305664,40428000,0.0,0.0
2022-03-09 00:00:00-05:00,130.35095429762737,132.8194330626874,129.01069565399868,132.50608825683594,37026000,0.0,0.0
2022-03-10 00:00:00-05:00,130.36685648313625,132.35911244842734,130.01577753476292,131.5223846435547,27102000,0.0,0.0
2022-03-11 00:00:00-05:00,132.5741092235153,132.87901308686813,128.74353470326596,128.98089599609375,31526000,0.0,0.0
2022-03-14 00:00:00-04:00,129.35779732793398,129.5157047953753,124.41687721797516,125.08824157714844,38812000,0.0,0.0
2022-03-15 00:00:00-04:00,126.1062389125735,128.96503124625056,124.85933803680028,128.31301879882812,30920000,0.0,0.0
2022-03-16 00:00:00-04:00,129.83748807621538,132.41966913140075,127.85267308075287,132.36753845214844,35576000,0.0,0.0
2022-03-17 00:00:00-04:00,132.23693475136628,133.16205727305697,131.2795336415189,132.92221069335938,28264000,0.0,0.0
2022-03-18 00:00:00-04:00,132.5105667989843,135.3107575128398,131.35255331585438,135.1930694580078,44566000,0.0,0.0
2022-03-21 00:00:00-04:00,135.230807026935,136.1112397829853,133.17399378353716,135.1692352294922,26832000,0.0,0.0
2022-03-22 00:00:00-04:00,135.1692175332458,140.08382229708803,135.1692175332458,138.909912109375,35496000,0.0,0.0
2022-03-23 00:00:00-04:00,137.7524003944116,138.6323329542987,136.8908499613676,137.3283233642578,25154000,0.0,0.0
2022-03-24 00:00:00-04:00,138.2465179509499,140.64895481730318,136.80695314584833,140.60227966308594,26396000,0.0,0.0
2022-03-25 00:00:00-04:00,140.94389214459488,141.06208028165258,138.78031728528904,140.7025604248047,24126000,0.0,0.0
2022-03-28 00:00:00-04:00,139.9353507908975,141.02980723169944,138.85380578704,140.48655700683594,35050000,0.0,0.0
2022-03-29 00:00:00-04:00,141.67039869442453,142.80854493506988,141.06556149858096,141.52935791015625,34318000,0.0,0.0
2022-03-30 00:00:00-04:00,141.4841596757739,141.74287331835652,140.6300500454084,140.9662322998047,19884000,0.0,0.0
2022-03-31 00:00:00-04:00,141.07995269395536,141.13458383266473,138.07220921119722,138.1149139404297,37524000,0.0,0.0
2022-04-01 00:00:00-04:00,138.54444908128045,139.5087909885533,137.36011265105827,139.19049072265625,25942000,0.0,0.0
2022-04-04 00:00:00-04:00,139.39707934303763,142.72760894504665,139.34940401086646,141.99217224121094,25942000,0.0,0.0
2022-04-05 00:00:00-04:00,141.89037137348774,142.0110296598707,139.42090753807759,139.6279754638672,21418000,0.0,0.0
2022-04-06 00:00:00-04:00,137.79958340829674,138.40590569725433,134.5887272738365,135.6126708984375,32468000,0.0,0.0
2022-04-07 00:00:00-04:00,135.07834566419274,136.22494793186857,133.30805431972186,134.9576873779297,26234000,0.0,0.0
2022-04-08 00:00:00-04:00,134.6547746087494,134.74068416097512,132.054711175335,132.37451171875,25142000,0.0,0.0
2022-04-11 00:00:00-04:00,130.92052859554875,131.18768319388306,127.78714112721842,127.94107818603516,36884000,0.0,0.0
2022-04-12 00:00:00-04:00,130.69856646821188,130.69856646821188,125.92051646529828,126.83967590332031,32710000,0.0,0.0
2022-04-13 00:00:00-04:00,127.12321836007308,129.4412304311551,126.86598980577136,129.00424194335938,27928000,0.0,0.0
2022-04-14 00:00:00-04:00,129.58575166232626,129.58575166232626,125.73380907373294,125.86193084716797,31598000,0.0,0.0
2022-04-18 00:00:00-04:00,126.13006878953061,127.33425728221141,125.31767118048631,126.80193328857422,20808000,0.0,0.0
2022-04-19 00:00:00-04:00,126.81683876085387,129.44023984617706,126.1295774770653,129.11846923828125,26490000,0.0,0.0
2022-04-20 00:00:00-04:00,129.99541023177304,130.49894112574688,126.62664655558798,127.1629409790039,31696000,0.0,0.0
2022-04-21 00:00:00-04:00,128.36465210884853,129.2073354940893,123.67350445849084,123.95953369140625,36446000,0.0,0.0
2022-04-22 00:00:00-04:00,124.1437652925247,124.54301206602497,118.11038133016164,118.81600952148438,56884000,0.0,0.0
2022-04-25 00:00:00-04:00,118.2851793587275,122.43306957367948,117.69922438047917,122.23096466064453,46128000,0.0,0.0
2022-04-26 00:00:00-04:00,121.4568014084917,121.6708251413164,117.69921720652222,117.83726501464844,73054000,0.0,0.0
2022-04-27 00:00:00-04:00,113.68539340141608,116.43890115247335,111.9642701529319,113.5115966796875,91820000,0.0,0.0
2022-04-28 00:00:00-04:00,115.6175702979795,118.82991140062502,113.33332202730232,117.71063232421875,48884000,0.0,0.0
2022-04-29 00:00:00-04:00,115.93488477812409,117.11226538731582,113.03488812105105,113.32786560058594,42676000,0.0,0.0
2022-05-02 00:00:00-04:00,112.62819126516962,115.94580921166728,111.82870509334481,115.784423828125,35534000,0.0,0.0
2022-05-03 00:00:00-04:00,115.63296649848806,117.63069314671395,115.2396829127405,116.53028106689453,24968000,0.0,0.0
2022-05-04 00:00:00-04:00,116.22985941768594,122.01297109395705,114.32747578407296,121.42353820800781,49916000,0.0,0.0
2022-05-05 00:00:00-04:00,119.3806259942041,120.20990548103431,114.21773323366315,115.70745849609375,45840000,0.0,0.0
2022-05-06 00:00:00-04:00,114.39551215463523,116.76616273959169,113.23452083053861,114.95365905761719,39710000,0.0,0.0
2022-05-09 00:00:00-04:00,112.47425468443095,114.28874346683119,111.23331708562353,111.74031829833984,40802000,0.0,0.0
2022-05-10 00:00:00-04:00,114.71629465970669,115.45370897495468,112.12714988528167,113.61141204833984,39900000,0.0,0.0
2022-05-11 00:00:00-04:00,112.4608505325777,115.56742256499777,112.4608505325777,112.8243408203125,37534000,0.0,0.0
2022-05-12 00:00:00-04:00,110.61459079443388,113.5121023113223,109.07222711218267,112.071044921875,53836000,0.0,0.0
2022-05-13 00:00:00-04:00,113.74846982950024,117.06758067088552,112.82683262018276,115.25557708740234,35038000,0.0,0.0
2022-05-16 00:00:00-04:00,114.1680730032844,115.37425431835217,113.10938061192142,113.66107177734375,25990000,0.0,0.0
2022-05-17 00:00:00-04:00,116.04015386240661,116.0992479298773,114.08315444400371,115.6751708984375,23054000,0.0,0.0
2022-05-18 00:00:00-04:00,114.2122672760028,114.60952885152011,110.79135782529033,111.13300323486328,35126000,0.0,0.0
2022-05-19 00:00:00-04:00,110.66821695459474,112.2359033534811,109.24651920632846,109.62789154052734,34144000,0.0,0.0
2022-05-20 00:00:00-04:00,111.18414230539884,111.41505546027001,105.07180479603741,108.1619873046875,48962000,0.0,0.0
2022-05-23 00:00:00-04:00,108.836847701739,111.37930975737493,107.99614188533646,110.72432708740234,37184000,0.0,0.0
2022-05-24 00:00:00-04:00,105.0474835711035,105.72928171250157,101.18660771550725,105.24412536621094,76780000,0.0,0.0
2022-05-25 00:00:00-04:00,104.26636328189969,105.7704926632561,103.1450989268673,105.08025360107422,40258000,0.0,0.0
2022-05-26 00:00:00-04:00,104.95312769995195,107.90526250642102,104.5042203882763,107.05413818359375,37948000,0.0,0.0
2022-05-27 00:00:00-04:00,108.73305507461306,111.54863472420854,108.39090958839716,111.5471420288086,37914000,0.0,0.0
2022-05-31 00:00:00-04:00,111.9742030382361,114.94223478737628,111.31077945637375,112.98274993896484,50012000,0.0,0.0
2022-06-01 00:00:00-04:00,114.06825547963075,116.29936524949636,112.47424627138223,113.11184692382812,36606000,0.0,0.0
2022-06-02 00:00:00-04:00,113.2191263212025,117.09191364618562,112.17284522011377,116.81681060791016,37992000,0.0,0.0
2022-06-03 00:00:00-04:00,115.26749397177188,115.52472253823346,112.7409211603864,113.75641632080078,26136000,0.0,0.0
2022-06-06 00:00:00-04:00,115.90508386814868,118.52948481957034,115.36828939248328,116.02029418945312,33542000,0.0,0.0
2022-06-07 00:00:00-04:00,114.68947198764029,116.88483293983977,114.26390982732367,116.34703826904297,31590000,0.0,0.0
2022-06-08 00:00:00-04:00,115.96170279833255,117.75831718034826,115.80131001338671,116.39124298095703,26108000,0.0,0.0
2022-06-09 00:00:00-04:00,115.53067360236983,117.48867330795103,113.98980271889602,114.04889678955078,25798000,0.0,0.0
2022-06-10 00:00:00-04:00,111.67476376402166,112.50305059167471,109.61000232222437,110.40005493164062,41452000,0.0,0.0
2022-06-13 00:00:00-04:00,106.05503282631635,108.04629624886985,105.3921093112375,105.66373443603516,47252000,0.0,0.0
2022-06-14 00:00:00-04:00,105.80526010580438,107.18523818559247,105.07529410324224,105.9845199584961,33706000,0.0,0.0
2022-06-15 00:00:00-04:00,107.8014823825955,110.66026699950997,106.93198347818276,109.01263427734375,39698000,0.0,0.0
2022-06-16 00:00:00-04:00,106.48654806155035,107.90426771466136,104.41781621124528,105.30718231201172,51684000,0.0,0.0
2022-06-17 00:00:00-04:00,105.30718677609678,107.95492543163547,104.32644797510493,106.40958404541016,51376000,0.0,0.0
2022-06-21 00:00:00-04:00,108.18334476803008,111.7189644125282,107.85610349476617,110.77993774414062,47416000,0.0,0.0
2022-06-22 00:00:00-04:00,109.7992086229141,112.57009089350043,109.62639691916156,110.72383117675781,30774000,0.0,0.0
2022-06-23 00:00:00-04:00,111.46272602416786,111.9702273097303,109.74358796129896,111.47315216064453,28362000,0.0,0.0
2022-06-24 00:00:00-04:00,112.22099465157132,117.27016923313741,112.1787824397462,117.16687774658203,41164000,0.0,0.0
2022-06-27 00:00:00-04:00,117.46285844800849,117.76725468629267,114.39054242656216,115.04006958007812,36420000,0.0,0.0
2022-06-28 00:00:00-04:00,115.00927577339843,116.50595690725594,111.08186494127733,111.24027252197266,35792000,0.0,0.0
2022-06-29 00:00:00-04:00,110.78788927074342,112.3853689488812,110.11303936843558,110.93636322021484,24716000,0.0,0.0
2022-06-30 00:00:00-04:00,109.24651298788866,110.12843077767293,106.0187751041556,108.21661376953125,43170000,0.0,0.0
2022-07-01 00:00:00-04:00,107.19367448668028,108.50165457610703,105.99941202989662,107.99266815185547,35476000,0.0,0.0
2022-07-05 00:00:00-04:00,106.36688099642751,112.60038490089782,105.00725515042267,112.48716735839844,39342000,0.0,0.0
2022-07-06 00:00:00-04:00,112.5259035341935,114.7977330534994,110.71240730639667,113.78720092773438,37432000,0.0,0.0
2022-07-07 00:00:00-04:00,114.29171495203762,118.37306236499573,114.04690533231896,117.96934509277344,40936000,0.0,0.0
2022-07-08 00:00:00-04:00,116.44685795142414,118.8651762014679,116.10074202416587,118.53594970703125,38238000,0.0,0.0
2022-07-11 00:00:00-04:00,117.18974092087866,117.18974092087866,114.54050937124147,114.88414001464844,31196000,0.0,0.0
2022-07-12 00:00:00-04:00,115.41894329267954,116.172746938359,112.91124517680676,113.2394790649414,29960000,0.0,0.0
2022-07-13 00:00:00-04:00,110.93585975066051,113.41377206743013,110.43978477358259,110.59074401855469,43722000,0.0,0.0
2022-07-14 00:00:00-04:00,109.45557370657367,110.33202838278505,107.63065884898506,109.61149597167969,37004000,0.0,0.0
2022-07-15 00:00:00-04:00,111.23331281907532,112.36550334245979,110.14034911864573,111.01183319091797,46770000,0.0,0.0
2022-07-18 00:00:00-04:00,111.86842203835955,112.90129900896424,107.62767462041498,108.28314971923828,43164600,0.0,20.0
2022-07-19 00:00:00-04:00,110.090694802755,113.2389790223901,108.80953017450513,113.0304183959961,36530900,0.0,0.0
2022-07-20 00:00:00-04:00,112.39480143387381,114.60952961762138,111.7095329780885,113.11980438232422,35600400,0.0,0.0
2022-07-21 00:00:00-04:00,113.49719899861788,113.76535378483867,110.34891481197837,113.5567855834961,32676200,0.0,0.0
2022-07-22 00:00:00-04:00,110.23965221840375,111.57046960816048,105.77047712846846,107.160888671875,48901200,0.0,0.0
2022-07-25 00:00:00-04:00,107.66741917346924,109.11741758792128,105.57187159947354,106.7735824584961,34690900,0.0,0.0
2022-07-26 00:00:00-04:00,105.86980776641253,106.4656963595138,103.35713902112693,104.30062866210938,47991000,0.0,0.0
2022-07-27 00:00:00-04:00,108.51158697347695,113.12973666354446,107.27014929212193,112.28555297851562,59858500,0.0,0.0
2022-07-28 00:00:00-04:00,111.6002881287064,113.5567876128041,110.69651783051911,113.43761444091797,32816600,0.0,0.0
2022-07-29 00:00:00-04:00,112.30541954786877,115.91055182503115,112.2855523018916,115.52322387695312,37223400,0.0,0.0
2022-08-01 00:00:00-04:00,114.51020776113126,115.9204790624543,113.55677701223817,114.0732192993164,26034300,0.0,0.0
2022-08-02 00:00:00-04:00,113.21912028499861,115.55302168772738,112.94103944751733,114.34137725830078,20236000,0.0,0.0
2022-08-03 00:00:00-04:00,114.91740298576683,117.80747356026012,114.68898269438547,117.27117156982422,28499000,0.0,0.0
2022-08-04 00:00:00-04:00,116.67528876714736,117.96637948017171,116.08932620935268,117.38042449951172,21602900,0.0,0.0
2022-08-05 00:00:00-04:00,115.43384022765638,117.30095970035435,115.20541236919229,116.66534423828125,19159500,0.0,0.0
2022-08-08 00:00:00-04:00,117.57905107247159,119.32699753864578,116.07939215524291,116.49652099609375,19138300,0.0,0.0
2022-08-09 00:00:00-04:00,116.33760916719966,116.51637649913262,114.9174041349362,115.83110046386719,19086500,0.0,0.0
2022-08-10 00:00:00-04:00,117.96637720002795,120.09171797963317,117.59891648269448,118.88007354736328,30930400,0.0,0.0
2022-08-11 00:00:00-04:00,120.44924388844952,120.65780450187786,117.74787438229087,118.02595520019531,24293700,0.0,0.0
2022-08-12 00:00:00-04:00,119.4362404313281,120.84651184082031,118.64171727202111,120.84651184082031,19096300,0.0,0.0
2022-08-15 00:00:00-04:00,120.30026963748777,121.46226102037568,119.78383491619735,121.24376678466797,19494800,0.0,0.0
2022-08-16 00:00:00-04:00,120.68759620521304,121.59136642864802,119.81362684941925,120.86636352539062,19041200,0.0,0.0
2022-08-17 00:00:00-04:00,119.29719726513474,120.45918110770077,118.56226070771955,118.7311019897461,22847000,0.0,0.0
2022-08-18 00:00:00-04:00,118.61192615288643,119.99240429519782,117.90679043522003,119.34685516357422,17987700,0.0,0.0
2022-08-19 00:00:00-04:00,118.24445362994561,118.33384108294739,115.96021284676502,116.4071273803711,21809500,0.0,0.0
2022-08-22 00:00:00-04:00,114.41089701265592,114.83795189055648,113.07014579319794,113.45747375488281,21456600,0.0,0.0
2022-08-23 00:00:00-04:00,112.70268379096306,114.22220232746935,112.65302325197702,113.080078125,15870400,0.0,0.0
2022-08-24 00:00:00-04:00,112.72254629309008,113.99377732088206,112.09686440266782,112.91124725341797,17734600,0.0,0.0
2022-08-25 00:00:00-04:00,113.45746441845546,115.92047998120505,113.32835763422956,115.85095977783203,16956800,0.0,0.0
2022-08-26 00:00:00-04:00,113.93418519899274,114.33144677016104,109.43521628006215,109.58418273925781,37245700,0.0,0.0
2022-08-29 00:00:00-04:00,109.236581726649,110.1900049513534,108.05473821304507,108.67048645019531,21191200,0.0,0.0
2022-08-30 00:00:00-04:00,109.41535713980008,109.74309852857878,107.06159598452625,108.19378662109375,27513300,0.0,0.0
2022-08-31 00:00:00-04:00,109.89206923641922,110.09069624211486,107.38932653270058,107.47871398925781,28627000,0.0,0.0
2022-09-01 00:00:00-04:00,107.53829818348746,109.69343221359867,106.62460185419623,108.98829650878906,28360900,0.0,0.0
2022-09-02 00:00:00-04:00,109.83247354287955,109.98144758364315,106.52528923902702,107.11124420166016,24160700,0.0,0.0
2022-09-06 00:00:00-04:00,106.56501052381782,107.2900058656168,105.05541810364878,106.07836151123047,25068300,0.0,0.0
2022-09-07 00:00:00-04:00,106.32665101955834,109.22665517213872,106.16775093808137,108.70027923583984,23167000,0.0,0.0
2022-09-08 00:00:00-04:00,107.29993636702643,108.84924807890526,106.42596701775983,107.63760375976562,24238300,0.0,0.0
2022-09-09 00:00:00-04:00,108.32288788088225,110.22973437366748,108.27322734192177,109.8920669555664,23197700,0.0,0.0
2022-09-12 00:00:00-04:00,110.22973851202329,110.85542798702407,109.17700172532125,110.10063171386719,22966800,0.0,0.0
2022-09-13 00:00:00-04:00,107.06158881718635,107.55816389040682,103.3769951060123,103.60542297363281,38172900,0.0,0.0
2022-09-14 00:00:00-04:00,103.85370686767357,104.55884253765855,102.94994420622076,104.28076171875,26395100,0.0,0.0
2022-09-15 00:00:00-04:00,103.31740907499702,104.54891314157877,101.64891651695895,102.20508575439453,34188300,0.0,0.0
2022-09-16 00:00:00-04:00,101.37082992122032,102.42356659752467,100.24857304133235,102.09583282470703,42797200,0.0,0.0
2022-09-19 00:00:00-04:00,101.05303282312543,102.62221195722044,100.85440581403213,102.3639907836914,23036800,0.0,0.0
2022-09-20 00:00:00-04:00,101.3807527458598,101.66876715206847,99.8314336098017,100.44718933105469,26517100,0.0,0.0
2022-09-21 00:00:00-04:00,100.97358111903203,102.17529197681066,98.59001907394925,98.5999526977539,31487300,0.0,0.0
2022-09-22 00:00:00-04:00,98.14309788632383,100.54651943978457,98.1133045940541,99.45405578613281,34298600,0.0,0.0
2022-09-23 00:00:00-04:00,98.94754744299671,98.97734831250827,96.802347043361,98.06364440917969,31625400,0.0,0.0
2022-09-26 00:00:00-04:00,97.42801550720847,99.19582133156734,97.13007504730305,97.4975357055664,27072700,0.0,0.0
2022-09-27 00:00:00-04:00,98.74892590357743,99.31502122145433,96.20646378499133,96.83214569091797,30072800,0.0,0.0
2022-09-28 00:00:00-04:00,96.98110806203425,100.01021129831565,96.44480610275087,99.36466979980469,32466300,0.0,0.0
2022-09-29 00:00:00-04:00,97.96433766405387,97.96433766405387,95.30269475589749,96.75269317626953,31047200,0.0,0.0
2022-09-30 00:00:00-04:00,96.38523145843214,98.22255784193378,94.90543218159583,94.99481964111328,32941500,0.0,0.0
2022-10-03 00:00:00-04:00,96.09720549678472,98.6098740295779,95.85884401799443,97.96432495117188,27982000,0.0,0.0
2022-10-04 00:00:00-04:00,99.75201694064987,101.14242127641624,99.69242277116321,100.94379425048828,28850800,0.0,0.0
2022-10-05 00:00:00-04:00,99.14618310911277,101.23179694688893,98.1232396482166,100.73522186279297,22176900,0.0,0.0
2022-10-06 00:00:00-04:00,99.99035938714277,102.22494726893785,99.90097193176103,100.72528839111328,22324000,0.0,0.0
2022-10-07 00:00:00-04:00,99.16604271542337,99.84138513244945,97.6266645019863,98.00405883789062,27502800,0.0,0.0
2022-10-10 00:00:00-04:00,98.32186494334555,98.42117844301296,96.34549826456681,97.1896743774414,18225100,0.0,0.0
2022-10-11 00:00:00-04:00,96.76261553045553,98.57014842775828,95.65028467937152,96.51432800292969,26507100,0.0,0.0
2022-10-12 00:00:00-04:00,96.63351766527795,98.07358242702338,96.07734839982245,96.89173126220703,21876400,0.0,0.0
2022-10-13 00:00:00-04:00,94.49823387339498,99.09651612531559,93.73350405042449,98.3814468383789,34574500,0.0,0.0
2022-10-14 00:00:00-04:00,99.3050722025817,100.00028178963521,95.70987384109085,95.89856719970703,25410700,0.0,0.0
2022-10-17 00:00:00-04:00,98.18282006159207,100.23864047742966,98.1530267707607,99.28521728515625,28419200,0.0,0.0
2022-10-18 00:00:00-04:00,102.42358532049704,102.7612603547256,99.28523438586173,100.07975006103516,24060700,0.0,0.0
2022-10-19 00:00:00-04:00,99.32494982352485,100.32802603161117,98.2424122068316,98.94754791259766,23811100,0.0,0.0
2022-10-20 00:00:00-04:00,99.3150105759876,101.61911851826515,98.70918840530337,99.28521728515625,25323200,0.0,0.0
2022-10-21 00:00:00-04:00,97.17973986521672,100.61603844678358,97.05063307454373,100.43727111816406,32458700,0.0,0.0
2022-10-24 00:00:00-04:00,101.10268728739813,102.04617688958683,99.29515433560225,101.8177490234375,27176400,0.0,0.0
2022-10-25 00:00:00-04:00,102.19514899283054,104.10199540713289,102.01638166791882,103.76432800292969,40611400,0.0,0.0
2022-10-26 00:00:00-04:00,95.7694645312069,97.63658399309821,94.04138547726846,94.27973937988281,88114100,0.0,0.0
2022-10-27 00:00:00-04:00,93.87254327552247,94.77631349543512,91.17118139256064,91.58830261230469,60710900,0.0,0.0
2022-10-28 00:00:00-04:00,91.63797145681076,95.88866094834553,91.49893102612556,95.63043975830078,43697300,0.0,0.0
2022-10-31 00:00:00-04:00,94.766387840837,95.37221005350747,93.3362567418793,93.86262512207031,31675000,0.0,0.0
2022-11-01 00:00:00-04:00,94.79617956491805,95.37220847515945,89.75098252011932,89.85029602050781,47161400,0.0,0.0
2022-11-02 00:00:00-04:00,90.31707478646692,90.55542869485429,86.2848801267709,86.374267578125,57038300,0.0,0.0
2022-11-03 00:00:00-04:00,85.72871605197531,85.92734304048008,82.76912542959708,82.85851287841797,61288000,0.0,0.0
2022-11-04 00:00:00-04:00,84.81502104184743,86.04652505857264,83.13659492864404,85.9869384765625,51124900,0.0,0.0
2022-11-07 00:00:00-05:00,86.68214691275777,88.29105293982344,86.2550920302293,87.88385772705078,34078900,0.0,0.0
2022-11-08 00:00:00-05:00,88.2910385131836,89.70130972658177,86.99000683129465,88.2910385131836,30429000,0.0,0.0
2022-11-09 00:00:00-05:00,87.84412735927378,88.82735145908663,86.68214350727783,86.72187042236328,31769100,0.0,0.0
2022-11-10 00:00:00-05:00,91.61809043991572,93.74343090194472,90.98247502569023,93.29651641845703,51620100,0.0,0.0
2022-11-11 00:00:00-05:00,94.04139140730278,96.26604565196418,93.27666153820596,95.7496109008789,33090500,0.0,0.0
2022-11-14 00:00:00-05:00,94.43864192776208,96.12700168973441,93.86262061279506,95.04446411132812,30179500,0.0,0.0
2022-11-15 00:00:00-05:00,97.58693396732818,99.45405348533612,96.04754823383983,97.76570129394531,41640800,0.0,0.0
2022-11-16 00:00:00-05:00,97.22940010842291,98.95747922841689,96.97117895072545,98.17288970947266,29105200,0.0,0.0
2022-11-17 00:00:00-05:00,96.30577068517638,98.59994509335151,96.12700335615402,97.68624877929688,26052600,0.0,0.0
2022-11-18 00:00:00-05:00,98.09343657704217,98.2225509453757,95.70988228857895,96.76261901855469,28342300,0.0,0.0
2022-11-21 00:00:00-05:00,96.62357845131895,97.72597571769823,94.70679836967275,94.94515228271484,21647400,0.0,0.0
2022-11-22 00:00:00-05:00,95.29275218122933,96.55405709268237,93.40577299121226,96.38522338867188,23438500,0.0,0.0
2022-11-23 00:00:00-05:00,96.4249422059745,98.08350867690265,96.4249422059745,97.78556060791016,18868100,0.0,0.0
2022-11-25 00:00:00-05:00,97.56706770161041,97.96432927332067,96.73282522043966,96.79241180419922,9701400,0.0,0.0
2022-11-28 00:00:00-05:00,96.37529881625241,96.91160084741479,94.95509369034133,95.39208221435547,26237500,0.0,0.0
2022-11-29 00:00:00-05:00,95.07425817718956,95.46158609278704,93.4653523589998,94.53795623779297,20061700,0.0,0.0
2022-11-30 00:00:00-05:00,94.1705054965464,100.34790120449769,93.77324388493871,100.2982406616211,43647500,0.0,0.0
2022-12-01 00:00:00-05:00,100.32803395649304,101.54961208618806,99.56331160528462,100.2982406616211,28687100,0.0,0.0
2022-12-02 00:00:00-05:00,98.37152838636051,100.07974033162778,98.22255434389345,99.75200653076172,21480700,0.0,0.0
2022-12-05 00:00:00-05:00,98.71913015086434,100.68556327887788,98.32186856044572,98.798583984375,24405100,0.0,0.0
2022-12-06 00:00:00-05:00,98.6198123778136,99.09652020396926,95.75953511234248,96.31570434570312,24910700,0.0,0.0
2022-12-07 00:00:00-05:00,95.74960470986467,96.21637889173988,94.0711786173766,94.2896728515625,31045400,0.0,0.0
2022-12-08 00:00:00-05:00,94.72665114806772,94.92528570876573,92.80987120585085,93.0680923461914,32213300,0.0,0.0
2022-12-09 00:00:00-05:00,93.12768592936698,93.61433495682455,92.11467611359325,92.19412994384766,28225400,0.0,0.0
2022-12-12 00:00:00-05:00,92.07494125173915,92.91911728821455,90.98247769999843,92.67082977294922,29420000,0.0,0.0
2022-12-13 00:00:00-05:00,97.0903675132016,98.84824006656933,94.37906408189035,94.9749526977539,40593700,0.0,0.0
2022-12-14 00:00:00-05:00,94.54788424799176,96.20645063429905,92.95884564108498,94.41877746582031,28733600,0.0,0.0
2022-12-15 00:00:00-05:00,92.49206485576933,92.998573521634,89.39344143432389,90.23761749267578,40107000,0.0,0.0
2022-12-16 00:00:00-05:00,90.13830631838147,90.70440157933497,88.90679472353236,89.64173126220703,58011800,0.0,0.0
2022-12-19 00:00:00-05:00,89.64173867837027,89.93967919044347,87.60577774876408,87.8342056274414,29493000,0.0,0.0
2022-12-20 00:00:00-05:00,87.50645464738024,88.56912493587465,86.84104590854801,88.41021728515625,23453800,0.0,0.0
2022-12-21 00:00:00-05:00,88.46981744062983,89.60200800878793,87.71502120281298,88.96639251708984,24745600,0.0,0.0
2022-12-22 00:00:00-05:00,87.55612082820765,87.93351515729785,85.72872061278274,87.15885925292969,27658300,0.0,0.0
2022-12-23 00:00:00-05:00,86.5133086638046,88.93659741222335,86.47358174924135,88.61878967285156,23003000,0.0,0.0
2022-12-27 00:00:00-05:00,88.1917425415495,88.33078296613881,86.4140027390034,86.79139709472656,20097300,0.0,0.0
2022-12-28 00:00:00-05:00,86.38420166698455,87.43693838041416,85.35132462222182,85.43077087402344,19523200,0.0,0.0
2022-12-29 00:00:00-05:00,86.02667237661274,88.24139306203571,86.01673875309298,87.84413146972656,23333500,0.0,0.0
2022-12-30 00:00:00-05:00,86.3842031844642,87.69516107639714,85.97700798686586,87.62564086914062,23986300,0.0,0.0
2023-01-03 00:00:00-05:00,88.97631857972549,90.4263244711382,87.91364821898763,88.5095443725586,28131200,0.0,0.0
2023-01-04 00:00:00-05:00,89.73111687687052,90.02906496049344,86.67221251659535,87.47666931152344,34854800,0.0,0.0
2023-01-05 00:00:00-05:00,86.87084008200145,86.97015357614328,85.31159473485968,85.60953521728516,27194400,0.0,0.0
2023-01-06 00:00:00-05:00,86.19550170469084,87.0893383476196,84.2787216281847,86.74172973632812,41381500,0.0,0.0
2023-01-09 00:00:00-05:00,87.75474345560666,89.4331695495465,87.25816840553064,87.41706848144531,29003900,0.0,0.0
2023-01-10 00:00:00-05:00,85.39105735353961,88.06262623356912,85.24208330842042,87.81433868408203,30467800,0.0,0.0
2023-01-11 00:00:00-05:00,88.56912181311864,90.97254311699143,88.40028812303342,90.8930892944336,26862000,0.0,0.0
2023-01-12 00:00:00-05:00,90.85338408510943,91.24071205887914,89.1352308965623,90.50577545166016,30258100,0.0,0.0
2023-01-13 00:00:00-05:00,90.22768590186173,91.55851098824732,89.51261661092427,91.4889907836914,26329200,0.0,0.0
2023-01-17 00:00:00-05:00,91.42939508883157,91.6180960310852,89.4331688584874,90.6646728515625,32602400,0.0,0.0
2023-01-18 00:00:00-05:00,91.50885177199906,92.1643344905254,90.0191265867673,90.49584197998047,29116700,0.0,0.0
2023-01-19 00:00:00-05:00,90.09857897517838,92.96878218001514,90.00919152538334,92.4126205444336,37000400,0.0,0.0
2023-01-20 00:00:00-05:00,94.44857523506278,97.62666017673301,94.36912140666584,97.34857177734375,63191100,0.0,0.0
2023-01-23 00:00:00-05:00,97.27904526354224,99.35473282728917,96.8321307677752,99.1064453125,40005100,0.0,0.0
2023-01-24 00:00:00-05:00,97.42803093472394,98.9276898249223,96.5341942592039,97.03076934814453,33078500,0.0,0.0
2023-01-25 00:00:00-05:00,94.91536534057045,95.5013279050371,93.11776588375292,94.56776428222656,42330000,0.0,0.0
2023-01-26 00:00:00-05:00,95.83898757649443,96.90165791285827,94.7266567027606,96.85199737548828,30114000,0.0,0.0
2023-01-27 00:00:00-05:00,96.6434366363265,99.63282064646212,96.6434366363265,98.6893310546875,33879800,0.0,0.0
2023-01-30 00:00:00-05:00,96.8122800793185,97.61672927716072,95.73967609743931,96.2759780883789,27226200,0.0,0.0
2023-01-31 00:00:00-05:00,96.20645682604395,98.20268315266414,96.15679628817142,98.16295623779297,29870700,0.0,0.0
2023-02-01 00:00:00-05:00,98.03385353408179,100.49686931883123,96.91159655644073,99.74207305908203,35531100,0.0,0.0
2023-02-02 00:00:00-05:00,105.0752777092437,107.11123075361292,104.88657677615932,107.00198364257812,69883800,0.0,0.0
2023-02-03 00:00:00-05:00,102.22494486291488,107.07151484914603,101.87734382713276,104.06227111816406,65309300,0.0,0.0
2023-02-06 00:00:00-05:00,101.69857720610024,103.64515059717341,101.1821348832258,102.19515228271484,31999600,0.0,0.0
2023-02-07 00:00:00-05:00,102.51295036884817,107.43897375542892,102.41363687831044,106.90267181396484,49010200,0.0,0.0
2023-02-08 00:00:00-05:00,101.35097370371372,102.43350370738915,97.36843956449569,98.6893310546875,94743500,0.0,0.0
2023-02-09 00:00:00-05:00,99.31500067733862,99.3447939652005,92.98863240642419,94.35918426513672,119455000,0.0,0.0
2023-02-10 00:00:00-05:00,94.79618781017761,96.0872861589294,93.60441054758755,93.9222183227539,54980700,0.0,0.0
2023-02-13 00:00:00-05:00,94.09103610343493,94.54788422925925,93.19719951937266,93.96192932128906,50076100,0.0,0.0
2023-02-14 00:00:00-05:00,93.78316845750277,94.20028969972182,91.62803446223668,94.03145599365234,54726100,0.0,0.0
2023-02-15 00:00:00-05:00,93.84275567149737,96.4547454186921,93.50508825709151,96.2759780883789,50169000,0.0,0.0
2023-02-16 00:00:00-05:00,94.71673350951889,97.01090795498209,94.09104405920391,94.85577392578125,42462600,0.0,0.0
2023-02-17 00:00:00-05:00,94.20029519403576,94.9054309285721,92.57152946806612,93.70372009277344,34284100,0.0,0.0
2023-02-21 00:00:00-05:00,92.36297340750001,92.46228691724235,91.09174229767389,91.16126251220703,33629300,0.0,0.0
2023-02-22 00:00:00-05:00,91.07186212673855,91.4790573091785,89.98933214302377,91.02220916748047,30884000,0.0,0.0
2023-02-23 00:00:00-05:00,91.29036908137002,91.31023632954823,89.14516848336292,90.26742553710938,41206400,0.0,0.0
2023-02-24 00:00:00-05:00,88.82735191404939,89.27426645106479,87.9732421781732,88.51947021484375,36585100,0.0,0.0
2023-02-27 00:00:00-05:00,89.25440216064453,89.54241659872595,88.72802624317121,89.25440216064453,27502300,0.0,0.0
2023-02-28 00:00:00-05:00,88.71811217771574,90.60509913680653,88.70817855378289,89.44310760498047,30142000,0.0,0.0
2023-03-01 00:00:00-05:00,89.36364878290716,90.40645183522004,89.05576710134766,89.74104309082031,31111200,0.0,0.0
2023-03-02 00:00:00-05:00,89.04585177857054,91.64790048854901,88.9763239895768,91.36981964111328,32204400,0.0,0.0
2023-03-03 00:00:00-05:00,91.8465229964728,93.08796060004295,91.81672212919472,93.00850677490234,35160100,0.0,0.0
2023-03-06 00:00:00-05:00,93.37596585783857,95.3126130325379,93.35610619046027,94.47836303710938,32639300,0.0,0.0
2023-03-07 00:00:00-05:00,94.3294024032927,95.01467083852157,92.88933017275697,93.21707153320312,27835500,0.0,0.0
2023-03-08 00:00:00-05:00,93.47529384441702,95.30268646381667,93.3561130999254,93.60440063476562,34103300,0.0,0.0
2023-03-09 00:00:00-05:00,93.40576740123382,94.87562526615336,91.27049322874895,91.68761444091797,28813500,0.0,0.0
2023-03-10 00:00:00-05:00,91.53865328662859,92.15440914627503,89.78078074407773,90.00920104980469,35941000,0.0,0.0
2023-03-13 00:00:00-04:00,89.472898681437,91.93591453341143,88.80748985999631,90.48591613769531,37335600,0.0,0.0
2023-03-14 00:00:00-04:00,91.92597905952277,93.71365243038926,91.80680588622143,93.32632446289062,36050200,0.0,0.0
2023-03-15 00:00:00-04:00,92.58146426998951,96.26605065899415,92.00543532668166,95.45166778564453,50622100,0.0,0.0
2023-03-16 00:00:00-04:00,95.54104620710785,100.49687116053911,94.84584409797657,99.63282775878906,65492000,0.0,0.0
2023-03-17 00:00:00-04:00,99.5732424121574,102.13556420140692,99.41433474115614,100.9239273071289,61028500,0.0,0.0
2023-03-20 00:00:00-04:00,99.43419347981462,101.05302545965556,99.18590594797273,100.52665710449219,32960400,0.0,0.0
2023-03-21 00:00:00-04:00,100.55645742962116,104.38008417201192,100.52666413605763,104.2013168334961,42110300,0.0,0.0
2023-03-22 00:00:00-04:00,103.55576297366062,105.8598710222932,102.62220698360557,102.66193389892578,43427400,0.0,0.0
2023-03-23 00:00:00-04:00,104.34035358194444,105.5718652382067,103.7444650002461,104.87665557861328,40797800,0.0,0.0
2023-03-24 00:00:00-04:00,104.27083604812334,104.76741114179761,103.12871181724563,104.71775817871094,30393300,0.0,0.0
2023-03-27 00:00:00-04:00,103.90336362277968,104.0424040271739,101.23178749509955,101.7581558227539,31120900,0.0,0.0
2023-03-28 00:00:00-04:00,101.73831238577425,101.74823843257612,99.05680220795338,100.33796691894531,32057900,0.0,0.0
2023-03-29 00:00:00-04:00,101.57939865477051,101.7879592821989,99.96056659779713,100.69549560546875,28779600,0.0,0.0
2023-03-30 00:00:00-04:00,100.21878845043828,100.46707599580894,99.09652389599678,100.19892120361328,33086200,0.0,0.0
2023-03-31 00:00:00-04:00,100.60611500458978,103.1783703015433,100.34789383942677,103.01947021484375,36863400,0.0,0.0
2023-04-03 00:00:00-04:00,101.68864224254398,103.81398293626825,101.23179408733668,103.64514923095703,25035400,0.0,0.0
2023-04-04 00:00:00-04:00,103.6153575922124,104.85679528719108,103.32734313772123,104.002685546875,24420100,0.0,0.0
2023-04-05 00:00:00-04:00,105.05541876730959,105.37322650348958,102.9499453565425,103.75439453125,28290500,0.0,0.0
2023-04-06 00:00:00-04:00,104.53898710670686,108.42220026038169,103.6153571623888,107.67733764648438,48711500,0.0,0.0
2023-04-10 00:00:00-04:00,106.24720898582663,106.85302362121595,104.39994905536618,105.71090698242188,27067400,0.0,0.0
2023-04-11 00:00:00-04:00,105.82014926393511,105.99891659022042,103.9629557951451,104.62836456298828,26311800,0.0,0.0
2023-04-12 00:00:00-04:00,105.84994678392115,106.01878049406454,103.62528495080397,103.92323303222656,24370300,0.0,0.0
2023-04-13 00:00:00-04:00,105.11500961516911,106.75370889955026,105.11500961516911,106.69412231445312,24843600,0.0,0.0
2023-04-14 00:00:00-04:00,106.15781182005027,108.19377252209617,106.10815128502132,108.12425231933594,26578000,0.0,0.0
2023-04-17 00:00:00-04:00,103.94310106029505,105.43282632433963,103.80405306468714,105.24412536621094,37571200,0.0,0.0
2023-04-18 00:00:00-04:00,105.76056170452979,105.81022224492733,103.35714006112804,103.78419494628906,26596400,0.0,0.0
2023-04-19 00:00:00-04:00,102.87048871639287,104.26090036560062,102.36398004606087,103.46637725830078,20905700,0.0,0.0
2023-04-20 00:00:00-04:00,103.19823452834045,105.52220221540108,103.15850761354443,104.56877899169922,27820800,0.0,0.0
2023-04-21 00:00:00-04:00,104.74755197991318,105.27392036941873,104.0622759226367,104.6879653930664,25800100,0.0,0.0
2023-04-24 00:00:00-04:00,104.76740994777748,105.89960054228061,103.98282039945786,105.24412536621094,23542800,0.0,0.0
2023-04-25 00:00:00-04:00,105.10508198445909,105.95919171793508,103.12870773434398,103.13864135742188,46664100,0.0,0.0
2023-04-26 00:00:00-04:00,104.20130635010432,105.62151129178214,101.92699171890646,102.99959564208984,53347600,0.0,0.0
2023-04-27 00:00:00-04:00,103.73453629382233,107.62769087152307,102.83077354378922,106.85302734375,50089200,0.0,0.0
2023-04-28 00:00:00-04:00,106.30679582140083,106.61466995148949,104.37014843058833,106.604736328125,36139800,0.0,0.0
2023-05-01 00:00:00-04:00,106.10815596080403,107.2502801225946,106.0882962921976,106.46569061279297,26681700,0.0,0.0
2023-05-02 00:00:00-04:00,106.4061047175776,106.46569130091618,102.99959945592909,104.59857177734375,30997200,0.0,0.0
2023-05-03 00:00:00-04:00,104.80713856675996,106.75371203414588,104.24104326031167,104.6879653930664,21795400,0.0,0.0
2023-05-04 00:00:00-04:00,104.76740834360812,104.8766554674694,103.25782343309649,103.97289276123047,23419500,0.0,0.0
2023-05-05 00:00:00-04:00,104.10200016796126,105.1547369199555,103.39686445887698,104.84686279296875,26639300,0.0,0.0
2023-05-08 00:00:00-04:00,104.45954380093602,107.22050028895592,104.43968412983689,107.03179931640625,26511400,0.0,0.0
2023-05-09 00:00:00-04:00,107.64755459464928,109.39550114980595,106.455777329895,106.61467742919922,36360100,0.0,0.0
2023-05-10 00:00:00-04:00,107.2304286612031,112.1663863838794,107.19070174381547,110.98453521728516,63153400,0.0,0.0
2023-05-11 00:00:00-04:00,114.60953101340723,117.11226610524719,113.62631446773452,115.77151489257812,78900000,0.0,0.0
2023-05-12 00:00:00-04:00,115.88076166873074,117.22151287736642,115.31466637721192,116.705078125,41102300,0.0,0.0
2023-05-15 00:00:00-04:00,115.31466773479636,117.66843638362967,115.21535423245682,115.71192932128906,36266800,0.0,0.0
2023-05-16 00:00:00-04:00,115.69205805683869,119.92287978836107,115.63247147293116,118.69137573242188,45035600,0.0,0.0
2023-05-17 00:00:00-04:00,118.79069754797297,120.83658456146485,118.07562818248286,120.01226806640625,33323600,0.0,0.0
2023-05-18 00:00:00-04:00,120.12150510967228,122.46534002102402,120.00233194352047,121.98863220214844,35234200,0.0,0.0
2023-05-19 00:00:00-04:00,122.70369499958592,125.10711636653988,121.31328337686475,121.91910552978516,41353400,0.0,0.0
2023-05-22 00:00:00-04:00,122.0978806379514,125.56397250500119,121.89924606366814,124.19342803955078,35253000,0.0,0.0
2023-05-23 00:00:00-04:00,123.30952819924319,123.77630241228727,121.37288083002176,121.7204818725586,34046300,0.0,0.0
2023-05-24 00:00:00-04:00,120.29034788119394,121.07493740233252,119.03897658115086,120.07185363769531,34182600,0.0,0.0
2023-05-25 00:00:00-04:00,123.66705529543533,124.46157845882605,121.12459329600016,122.63418579101562,42317000,0.0,0.0
2023-05-26 00:00:00-04:00,122.32630812788905,124.40199598281583,121.61123877264411,123.7564468383789,35635900,0.0,0.0
2023-05-30 00:00:00-04:00,124.7793829644057,124.79925021039784,121.16431706152757,122.8228759765625,35076700,0.0,0.0
2023-05-31 00:00:00-04:00,121.90917771682845,123.210201954541,121.66089018583695,122.02835845947266,37325800,0.0,0.0
2023-06-01 00:00:00-04:00,121.97869907015976,123.56773776803037,121.78007207435125,122.8725357055664,30772700,0.0,0.0
2023-06-02 00:00:00-04:00,123.14068238937887,125.28589030532665,122.91226210287383,123.81602478027344,26980100,0.0,0.0
2023-06-05 00:00:00-04:00,123.16055031668364,126.55712195859554,122.99170903517506,125.1468505859375,32305500,0.0,0.0
2023-06-06 00:00:00-04:00,125.14685186297365,127.41122540355373,124.50130275345192,126.43794250488281,26638300,0.0,0.0
2023-06-07 00:00:00-04:00,126.10027088310036,128.15608373390776,121.28349435723253,121.660888671875,52539000,0.0,0.0
2023-06-08 00:00:00-04:00,121.39274743989765,122.38589760029983,120.40952332556272,121.30335998535156,29389200,0.0,0.0
2023-06-09 00:00:00-04:00,121.41259801006571,122.91225676148075,121.0749306178595,121.39273834228516,23778300,0.0,0.0
2023-06-12 00:00:00-04:00,121.94890708399343,123.20027838695897,120.8266501491064,122.79308319091797,28306400,0.0,0.0
2023-06-13 00:00:00-04:00,124.1239051576865,124.30267248212147,122.33623191333673,122.98178100585938,22278300,0.0,0.0
2023-06-14 00:00:00-04:00,122.25678069993417,123.20027787907088,120.61808145375716,122.8228759765625,30592300,0.0,0.0
2023-06-15 00:00:00-04:00,122.29650693637248,124.60061494495433,121.56157795855897,124.23314666748047,35246300,0.0,0.0
2023-06-16 00:00:00-04:00,125.06739200928554,125.24615932981803,122.43554273699836,122.68383026123047,45535600,0.0,0.0
2023-06-20 00:00:00-04:00,122.08794882394656,123.7167144715317,121.30335929245436,122.25678253173828,26097500,0.0,0.0
2023-06-21 00:00:00-04:00,121.56158475873276,121.81980592970349,119.27733629111745,119.72425842285156,30306300,0.0,0.0
2023-06-22 00:00:00-04:00,119.17801777862638,122.39582213705168,118.01603392379701,122.30644226074219,26952200,0.0,0.0
2023-06-23 00:00:00-04:00,120.54856042408845,121.94890574873948,120.23075268459189,121.50198364257812,34913600,0.0,0.0
2023-06-26 00:00:00-04:00,119.93281761712151,121.16432171624635,117.45986821835962,117.52938842773438,33969900,0.0,0.0
2023-06-27 00:00:00-04:00,116.27802486079214,118.26432522024346,115.3047343507218,117.51946258544922,39535900,0.0,0.0
2023-06-28 00:00:00-04:00,116.28794321343172,119.56534162054723,116.04958930766475,119.35678100585938,27091400,0.0,0.0
2023-06-29 00:00:00-04:00,118.42322773873825,119.23761059973769,117.4896717030926,118.28418731689453,24090900,0.0,0.0
2023-06-30 00:00:00-04:00,119.3468553444313,120.25062564550082,118.87014750109746,118.88007354736328,29532200,0.0,0.0
2023-07-03 00:00:00-04:00,118.42321450872616,119.3667116396996,118.00609328979502,119.07869720458984,14467900,0.0,0.0
2023-07-05 00:00:00-04:00,118.42322188319095,121.77014061981656,118.4132958372177,120.91603088378906,27584800,0.0,0.0
2023-07-06 00:00:00-04:00,118.9793954589323,119.47597055253863,117.58898368140763,119.28726959228516,24745200,0.0,0.0
2023-07-07 00:00:00-04:00,119.27733885779142,120.22083610477635,118.58213674075813,118.66159057617188,21709500,0.0,0.0
2023-07-10 00:00:00-04:00,117.48967002628223,117.49959607260462,115.34446198765048,115.65233612060547,35315200,0.0,0.0
2023-07-11 00:00:00-04:00,115.49343222262571,116.9037036216299,114.55986865395298,116.33760833740234,23078800,0.0,0.0
2023-07-12 00:00:00-04:00,117.98623440184863,119.50575283595185,117.59890647069032,118.11534118652344,30404400,0.0,0.0
2023-07-13 00:00:00-04:00,120.1016475306422,123.97493461778386,119.62493212633821,123.68692016601562,44297900,0.0,0.0
2023-07-14 00:00:00-04:00,123.94514195311505,125.91157501012879,122.64411010204061,124.5608901977539,33283100,0.0,0.0
2023-07-17 00:00:00-04:00,125.07733004581449,126.22938025879756,123.34924336063862,123.7961654663086,25716200,0.0,0.0
2023-07-18 00:00:00-04:00,123.7465044333863,123.82595826213851,122.11773882963688,122.91226196289062,26193600,0.0,0.0
2023-07-19 00:00:00-04:00,123.74651033261091,124.32253925282353,120.96569438792449,121.1941146850586,37224000,0.0,0.0
2023-07-20 00:00:00-04:00,120.58829377086548,123.24000294908879,117.41021620638075,118.38349914550781,37906800,0.0,0.0
2023-07-21 00:00:00-04:00,119.79376445227325,120.16122512966996,117.91671142173931,119.19786834716797,72937900,0.0,0.0
2023-07-24 00:00:00-04:00,120.8266470185418,122.15746453991983,120.15130463507315,120.6975326538086,29686100,0.0,0.0
2023-07-25 00:00:00-04:00,120.52870291550938,122.3064425948192,120.19102792410442,121.37287902832031,52509600,0.0,0.0
2023-07-26 00:00:00-04:00,129.17902926561317,130.08278425880596,127.44101674554521,128.38450622558594,61682100,0.0,0.0
2023-07-27 00:00:00-04:00,130.76808123057597,132.32733427349476,127.90780388799678,128.5136260986328,44952100,0.0,0.0
2023-07-28 00:00:00-04:00,129.8841712389039,132.82390225649658,129.67561820048323,131.67184448242188,36591200,0.0,0.0
2023-07-31 00:00:00-04:00,131.82080861382926,132.61533172518926,130.87731904908145,131.81088256835938,28055500,0.0,0.0
2023-08-01 00:00:00-04:00,129.88418063298246,131.72151454614948,129.78485955227697,130.64891052246094,23166800,0.0,0.0
2023-08-02 00:00:00-04:00,128.5632807351884,129.19889620943687,126.68622760387115,127.50061798095703,26273300,0.0,0.0
2023-08-03 00:00:00-04:00,127.09341398106743,128.5036852432117,126.54717841897386,127.57012176513672,20089500,0.0,0.0
2023-08-04 00:00:00-04:00,128.39444382141764,130.6091643030469,127.03383303266261,127.23246002197266,26147200,0.0,0.0
2023-08-07 00:00:00-04:00,128.2752674889027,130.70848214492673,128.13622708439468,130.6290283203125,22746300,0.0,0.0
2023-08-08 00:00:00-04:00,129.7252678010533,130.60917082877378,128.6526638200663,130.4999237060547,23535200,0.0,0.0
2023-08-09 00:00:00-04:00,130.75815086279874,131.1355376104998,128.11636785754888,128.7718505859375,24912900,0.0,0.0
2023-08-10 00:00:00-04:00,130.42049066551243,131.14548606346665,128.56328949903425,128.80165100097656,20857800,0.0,0.0
2023-08-11 00:00:00-04:00,127.77868690101995,129.0399765320376,127.2920379292445,128.67251586914062,19591100,0.0,0.0
2023-08-14 00:00:00-04:00,128.5036910412777,130.4701239992725,128.07664377163357,130.43040466308594,24695600,0.0,0.0
2023-08-15 00:00:00-04:00,130.20200257868774,130.51980277539664,128.39446186710262,128.8910369873047,19770700,0.0,0.0
2023-08-16 00:00:00-04:00,127.81842803955078,129.38760717811937,126.99411913004235,127.81842803955078,25216100,0.0,0.0
2023-08-17 00:00:00-04:00,128.91088665122683,131.08588780571418,128.40437039897924,129.03005981445312,33446300,0.0,0.0
2023-08-18 00:00:00-04:00,127.6297171477929,128.3646536960574,125.51431010865518,126.5869140625,30504800,0.0,0.0
2023-08-21 00:00:00-04:00,126.30882582321787,127.84820388077635,125.69307005391427,127.49066925048828,25248700,0.0,0.0
2023-08-22 00:00:00-04:00,127.62971321202188,129.38759312280365,127.4410274236173,128.19581604003906,22054900,0.0,0.0
2023-08-23 00:00:00-04:00,129.28828598704578,132.49617204970477,128.98041184919285,131.46328735351562,27819700,0.0,0.0
2023-08-24 00:00:00-04:00,133.03247167127745,133.3304197742527,128.68248392321104,128.8910369873047,28500700,0.0,0.0
2023-08-25 00:00:00-04:00,128.6526586317479,129.86430297876237,126.37835154683795,128.99034118652344,26762900,0.0,0.0
2023-08-28 00:00:00-04:00,130.41054267784654,131.63211310890395,129.24855883060624,130.1125946044922,20543300,0.0,0.0
2023-08-29 00:00:00-04:00,131.33418219305656,135.6345241905877,131.33418219305656,133.64822387695312,43075600,0.0,0.0
2023-08-30 00:00:00-04:00,133.85674775386124,135.3464726644511,133.1516197825707,134.94921875,28315800,0.0,0.0
2023-08-31 00:00:00-04:00,135.07835124446333,137.05472556870842,134.8598569913601,135.2372589111328,30053800,0.0,0.0
2023-09-01 00:00:00-04:00,136.51843204322375,136.51843204322375,133.9263094362553,134.7307586669922,21543700,0.0,0.0
2023-09-05 00:00:00-04:00,134.51227020074484,135.48555318747054,133.65816039280637,134.8400115966797,19403100,0.0,0.0
2023-09-06 00:00:00-04:00,135.08826726403294,135.59476830857517,132.75435870196637,133.53895568847656,18684500,0.0,0.0
2023-09-07 00:00:00-04:00,132.6749068695992,134.65128085502647,132.03929146615658,134.33346557617188,18844300,0.0,0.0
2023-09-08 00:00:00-04:00,133.98589926905944,135.72391214694886,133.9263126807864,135.44583129882812,23558300,0.0,0.0
2023-09-11 00:00:00-04:00,135.6046995764689,136.53826303725594,134.85983704766224,135.9821014404297,20763400,0.0,0.0
2023-09-12 00:00:00-04:00,135.32662963976946,135.9324518179946,134.26396689359834,134.41293334960938,18405500,0.0,0.0
2023-09-13 00:00:00-04:00,134.1646460710429,135.96224536352338,133.231082533579,135.7735595703125,20749500,0.0,0.0
2023-09-14 00:00:00-04:00,136.65744721261478,137.74990312925547,135.30676259506888,137.15402221679688,24751000,0.0,0.0
2023-09-15 00:00:00-04:00,137.0348453999781,137.5711549358485,135.5451202625324,136.4588165283203,38919600,0.0,0.0
2023-09-18 00:00:00-04:00,135.6742440861328,138.2067800272706,135.6742440861328,137.26329040527344,21861300,0.0,0.0
2023-09-19 00:00:00-04:00,136.47870360736692,137.46192779650633,135.68418038774342,137.09445190429688,20353700,0.0,0.0
2023-09-20 00:00:00-04:00,137.1341818172231,137.1341818172231,132.70472524498294,132.82391357421875,29927500,0.0,0.0
2023-09-21 00:00:00-04:00,130.53965894518316,131.32424090064023,129.17904808066385,129.5465087890625,31503900,0.0,0.0
2023-09-22 00:00:00-04:00,129.86430445123077,131.12560934891957,128.71226182736228,129.35780334472656,26397300,0.0,0.0
2023-09-25 00:00:00-04:00,128.94068310930032,130.27150064557682,128.0766473461499,130.2119140625,20094600,0.0,0.0
2023-09-26 00:00:00-04:00,128.88109288658347,129.46704780931566,126.34855709746034,127.68931579589844,25718700,0.0,0.0
2023-09-27 00:00:00-04:00,127.68932114866523,130.0033476459015,127.68932114866523,129.64581298828125,22746500,0.0,0.0
2023-09-28 00:00:00-04:00,128.9506045787111,132.38691057211608,128.9009440431534,131.4036865234375,22513100,0.0,0.0
2023-09-29 00:00:00-04:00,132.36702893595208,133.13175866844873,129.46703279503262,129.96360778808594,30859800,0.0,0.0
2023-10-02 00:00:00-04:00,130.31123025855513,133.49923356795875,130.27149576847927,133.25094604492188,22288000,0.0,0.0
2023-10-03 00:00:00-04:00,133.0225394165618,133.34033959843973,130.9369179473362,131.5228729248047,22989400,0.0,0.0
2023-10-04 00:00:00-04:00,131.88041418877737,134.64138580810248,131.62220058096094,134.3136444091797,26752300,0.0,0.0
2023-10-05 00:00:00-04:00,134.14479064941406,134.56191187093788,132.53587719008763,134.14479064941406,19832600,0.0,0.0
2023-10-06 00:00:00-04:00,133.0920354756824,137.2136173603073,133.0920354756824,136.63758850097656,27597600,0.0,0.0
2023-10-09 00:00:00-04:00,136.00198949560956,137.98828987637378,134.68109792388904,137.4718475341797,19278100,0.0,0.0
2023-10-10 00:00:00-04:00,137.55129206777264,138.76293643045838,136.3893082421022,137.1143035888672,27786600,0.0,0.0
2023-10-11 00:00:00-04:00,137.63074284413509,140.1434113878539,137.63074284413509,139.58724975585938,25884300,0.0,0.0
2023-10-12 00:00:00-04:00,140.08383585702484,140.25266956903684,137.3129383696769,138.01808166503906,24765500,0.0,0.0
2023-10-13 00:00:00-04:00,138.42528082227236,139.04102910178543,135.68417654981894,136.4191131591797,23420500,0.0,0.0
2023-10-16 00:00:00-04:00,137.22354879733518,138.67355462493762,137.04478905169177,138.14718627929688,28501900,0.0,0.0
2023-10-17 00:00:00-04:00,137.6804094322447,138.9416992051521,136.24032959877303,138.762939453125,23515800,0.0,0.0
2023-10-18 00:00:00-04:00,138.4947833931161,139.75608830865576,136.4389704924277,137.01499938964844,23375000,0.0,0.0
2023-10-19 00:00:00-04:00,137.55130492277888,138.70336281042037,136.43898153017037,136.8064422607422,26066000,0.0,0.0
2023-10-20 00:00:00-04:00,136.38930324394852,136.92559762296315,134.15471554856344,134.67115783691406,26335700,0.0,0.0
2023-10-23 00:00:00-04:00,134.11499648001524,136.7170603116326,133.0324663979107,135.56500244140625,26317900,0.0,0.0
2023-10-24 00:00:00-04:00,136.88589368436072,138.40541227579737,136.47869846593147,137.8591766357422,44814300,0.0,0.0
2023-10-25 00:00:00-04:00,127.28211608218771,127.43108253036509,124.21327843846119,124.74958038330078,84366200,0.0,0.0
2023-10-26 00:00:00-04:00,122.42561458962273,123.47835889189942,120.43931430693331,121.44239807128906,57061100,0.0,0.0
2023-10-27 00:00:00-04:00,122.0382807989468,122.46533564236815,119.38657186700053,121.33314514160156,44566500,0.0,0.0
2023-10-30 00:00:00-04:00,122.36602995491228,124.54103122378429,121.90918179187298,123.60746765136719,28940100,0.0,0.0
2023-10-31 00:00:00-04:00,124.20335492205861,124.51123661998803,121.84959392373723,123.23007202148438,26292300,0.0,0.0
2023-11-01 00:00:00-04:00,123.22013718892472,125.62355870184368,122.87253615641731,125.58383178710938,30082400,0.0,0.0
2023-11-02 00:00:00-04:00,127.54034444912548,128.09650612590542,126.06055280075913,126.61671447753906,27124600,0.0,0.0
2023-11-03 00:00:00-04:00,127.1430941962939,128.64274555866953,126.9841865255831,128.2156982421875,26393100,0.0,0.0
2023-11-06 00:00:00-05:00,128.16602622960193,129.44718321865057,127.78862433400963,129.35780334472656,19052700,0.0,0.0
2023-11-07 00:00:00-05:00,129.8146623938561,131.00643953950896,128.99034595326017,130.0728759765625,29757300,0.0,0.0
2023-11-08 00:00:00-05:00,130.0728843319122,131.30439604894627,129.88418336716097,130.93692016601562,26425800,0.0,0.0
2023-11-09 00:00:00-05:00,131.05610465685587,131.64205962708724,129.17905141944397,129.34788513183594,23747800,0.0,0.0
2023-11-10 00:00:00-05:00,129.2088437191894,131.89034615855235,128.52356767433983,131.68177795410156,26913300,0.0,0.0
2023-11-13 00:00:00-05:00,130.87733703282254,131.6817863001911,130.3509686195006,131.18521118164062,18324800,0.0,0.0
2023-11-14 00:00:00-05:00,133.27081474682353,134.7704659468235,132.40677900657556,132.7047119140625,32395200,0.0,0.0
2023-11-15 00:00:00-05:00,133.94616352823743,134.1050711983341,132.6550803829433,133.6978759765625,23861500,0.0,0.0
2023-11-16 00:00:00-05:00,134.26397851452822,136.28007221647312,133.3999426863431,135.99205017089844,28013200,0.0,0.0
2023-11-17 00:00:00-05:00,135.06842424103002,135.12801082704152,132.73451526045164,134.38314819335938,37240600,0.0,0.0
2023-11-20 00:00:00-05:00,132.774249400923,135.72390663480266,132.70472161458173,135.31671142578125,27815500,0.0,0.0
2023-11-21 00:00:00-05:00,135.35641885860446,136.240321830969,135.02869266524024,136.03176879882812,22635300,0.0,0.0
2023-11-22 00:00:00-05:00,136.52834920416745,138.46498892143381,136.52834920416745,137.54136657714844,17813900,0.0,0.0
2023-11-24 00:00:00-05:00,137.0845409704119,137.18386206666574,135.0585209335691,135.75372314453125,12514300,0.0,0.0
2023-11-27 00:00:00-05:00,135.098214546326,137.47184281366268,135.06842125397912,135.47561645507812,23436500,0.0,0.0
2023-11-28 00:00:00-05:00,135.14786959064773,136.30985340774254,134.49238687712713,136.26019287109375,18730000,0.0,0.0
2023-11-29 00:00:00-05:00,136.62768277470195,137.34273698978822,133.91637176828155,134.0653533935547,23967200,0.0,0.0
2023-11-30 00:00:00-05:00,134.12493508416668,134.6215101750712,130.3807546555512,131.6221923828125,38988300,0.0,0.0
2023-12-01 00:00:00-05:00,130.95677185058594,131.20505937380074,129.77492081540063,130.95677185058594,31442300,0.0,0.0
2023-12-04 00:00:00-05:00,128.9903283387517,129.13929477876522,127.02388798210762,128.38450622558594,36669900,0.0,0.0
2023-12-05 00:00:00-05:00,128.06672315933784,131.23487491745817,127.37152100730603,130.09275817871094,27384800,0.0,0.0
2023-12-06 00:00:00-05:00,130.53966601076132,130.93692003300382,128.99035410803816,129.12939453125,23576200,0.0,0.0
2023-12-07 00:00:00-05:00,134.11499689135425,137.61088985291832,133.77732945899103,135.99205017089844,56767100,0.0,0.0
2023-12-08 00:00:00-05:00,133.280756234884,135.46568368379624,133.11192251632352,134.0653533935547,32260100,0.0,0.0
2023-12-11 00:00:00-05:00,131.47322847678203,132.4266441834892,130.46021102841993,132.37698364257812,31138000,0.0,0.0
2023-12-12 00:00:00-05:00,130.9071004769167,132.0889514142532,130.36086494021498,131.61224365234375,29032800,0.0,0.0
2023-12-13 00:00:00-05:00,132.4663908404248,132.5855640261378,130.6687912359897,131.6619415283203,30104800,0.0,0.0
2023-12-14 00:00:00-05:00,132.46636290932295,132.80403030049175,128.8016366786629,131.03622436523438,38722400,0.0,0.0
2023-12-15 00:00:00-05:00,130.71841340115773,132.59546651397721,130.28142492549298,131.69171142578125,50847100,0.0,0.0
2023-12-18 00:00:00-05:00,131.72151251769395,136.21054039619156,131.52287035934194,134.8697967529297,32258000,0.0,0.0
2023-12-19 00:00:00-05:00,135.9026749689795,136.52836446846126,135.1478862434252,135.71397399902344,25476800,0.0,0.0
2023-12-20 00:00:00-05:00,138.01808449484534,140.72938029742406,137.12425537662756,137.39239501953125,49107200,0.0,0.0
2023-12-21 00:00:00-05:00,138.5345379146942,139.72631521899663,138.22664859852475,139.45816040039062,27488300,0.0,0.0
2023-12-22 00:00:00-05:00,139.8057437045314,141.01738803787043,139.74615712326357,140.52081298828125,26532200,0.0,0.0
2023-12-26 00:00:00-05:00,140.62012603356706,141.7026560595198,140.22287203546634,140.5506134033203,16780300,0.0,0.0
2023-12-27 00:00:00-05:00,140.62012214444914,141.10677115979163,138.9317699678128,139.40847778320312,19628600,0.0,0.0
2023-12-28 00:00:00-05:00,139.8156753043673,140.1732099604458,138.7927318739171,139.26943969726562,16045700,0.0,0.0
2023-12-29 00:00:00-05:00,138.6735677093716,139.3985631144452,137.8293839750218,138.733154296875,18733000,0.0,0.0
2024-01-02 00:00:00-05:00,137.60094312997316,138.49477211762903,135.5451152423906,137.22354125976562,23711200,0.0,0.0
2024-01-03 00:00:00-05:00,136.30987048262347,138.67357290392897,136.14103676028307,137.9684295654297,24212100,0.0,0.0
2024-01-04 00:00:00-05:00,137.47182763523583,138.20676412527402,135.4160149189422,135.4557342529297,27137700,0.0,0.0
2024-01-05 00:00:00-05:00,135.81327982358127,136.22047501254474,134.22423355918488,134.80026245117188,22513900,0.0,0.0
2024-01-08 00:00:00-05:00,135.35642590429612,138.05779549726947,135.32663261243945,137.8889617919922,21404000,0.0,0.0
2024-01-09 00:00:00-05:00,137.55129746260243,140.52082190307192,137.2036888441302,139.98451232910156,24759600,0.0,0.0
2024-01-10 00:00:00-05:00,140.03417366063587,142.02047399624772,139.94479378255787,141.30540466308594,21320200,0.0,0.0
2024-01-11 00:00:00-05:00,142.50714182290835,144.22528759654676,139.67665740976778,141.10679626464844,24008700,0.0,0.0
2024-01-12 00:00:00-05:00,141.6927340680432,142.21910245000933,140.8485655093565,141.67286682128906,18785500,0.0,0.0
2024-01-16 00:00:00-05:00,141.0273279986293,143.36123702369463,140.48109235933,141.51397705078125,22670500,0.0,0.0
2024-01-17 00:00:00-05:00,140.3817881279767,140.86842203173782,137.94855799209301,140.50096130371094,20968600,0.0,0.0
2024-01-18 00:00:00-05:00,141.076979705048,143.22218763363355,141.017393121632,142.49717712402344,25746400,0.0,0.0
2024-01-19 00:00:00-05:00,143.74855374619364,145.44683196408025,143.39101909701728,145.3773193359375,34271900,0.0,0.0
2024-01-22 00:00:00-05:00,146.09238746431797,147.37354444028344,144.84100862508816,144.989990234375,32200400,0.0,0.0
2024-01-23 00:00:00-05:00,144.89067452886135,146.17183155228614,144.5033465771963,146.0327911376953,21636100,0.0,0.0
2024-01-24 00:00:00-05:00,147.5225193379935,148.8235587881105,147.08554599350785,147.68142700195312,25233500,0.0,0.0
2024-01-25 00:00:00-05:00,149.0420537261972,152.00163699834405,148.5156701926149,150.8297119140625,29149100,0.0,0.0
2024-01-26 00:00:00-05:00,150.06500710843747,151.49513072238005,149.97561206972168,151.1475372314453,26115500,0.0,0.0
2024-01-29 00:00:00-05:00,151.01840096976417,152.72662034492586,150.3927115607608,152.45846557617188,27784300,0.0,0.0
2024-01-30 00:00:00-05:00,151.75333332236926,152.56770849737956,150.15436110776048,150.42251586914062,36331800,0.0,0.0
2024-01-31 00:00:00-05:00,142.636243808546,143.01364577871772,138.9119301163919,139.14036560058594,71910000,0.0,0.0
2024-02-01 00:00:00-05:00,141.14650041457003,142.08006401958028,139.8256088409139,140.19308471679688,40466500,0.0,0.0
2024-02-02 00:00:00-05:00,138.30607040372718,141.64305517539495,135.5649817233193,141.4047088623047,62499600,0.0,0.0
2024-02-05 00:00:00-05:00,141.84172140070675,144.47356341654853,141.801986905598,142.69581604003906,38505400,0.0,0.0
2024-02-06 00:00:00-05:00,143.659181343745,144.36432470749597,142.20919042735767,143.1129608154297,29128200,0.0,0.0
2024-02-07 00:00:00-05:00,143.7684044294837,144.62251413002522,142.94408801989272,144.54306030273438,25208900,0.0,0.0
2024-02-08 00:00:00-05:00,144.83106864115135,145.32764364911486,144.10607337271927,144.9105224609375,22563800,0.0,0.0
2024-02-09 00:00:00-05:00,145.6752695511064,148.41637390512574,145.17869443239508,147.97938537597656,26829500,0.0,0.0
2024-02-12 00:00:00-05:00,147.40332736941176,148.31702358925634,146.36051679478177,146.51942443847656,21564100,0.0,0.0
2024-02-13 00:00:00-05:00,143.92731874169158,145.6653315141202,142.70574829340842,144.14581298828125,27837700,0.0,0.0
2024-02-14 00:00:00-05:00,145.0793785522992,145.5163670514816,143.10300425982211,144.94033813476562,22704200,0.0,0.0
2024-02-15 00:00:00-05:00,142.15951393413914,142.53691584599866,139.49787876744466,141.79205322265625,37590700,0.0,0.0
2024-02-16 00:00:00-05:00,142.01053117792068,142.2091581571692,139.18004747226115,139.5574493408203,31468900,0.0,0.0
2024-02-20 00:00:00-05:00,138.70334492917732,141.1067663236611,138.5345112327269,140.15333557128906,25144700,0.0,0.0
2024-02-21 00:00:00-05:00,140.4810913513108,141.71260304250615,139.71636146177912,141.5735626220703,23223300,0.0,0.0
2024-02-22 00:00:00-05:00,143.937223940295,144.00675171517096,141.821824720001,143.1029815673828,27191900,0.0,0.0
2024-02-23 00:00:00-05:00,142.68587020226934,143.6889463277241,142.44750872748762,142.97389221191406,19493800,0.0,0.0
2024-02-26 00:00:00-05:00,141.16634272399637,141.46429075976772,136.4488801461274,136.62765502929688,53641800,0.0,0.0
2024-02-27 00:00:00-05:00,137.07460112024197,138.29617167895017,136.15096351175276,137.9287109375,33099200,0.0,0.0
2024-02-28 00:00:00-05:00,136.95540871597794,137.06465584590177,134.48247437702784,135.44583129882812,37328600,0.0,0.0
2024-02-29 00:00:00-05:00,136.3396411924551,137.9088201307194,135.4656642763921,137.51156616210938,42133000,0.0,0.0
2024-03-01 00:00:00-05:00,137.48177969327108,137.9187682211517,135.98212829465342,136.20062255859375,31151100,0.0,0.0
2024-03-04 00:00:00-05:00,134.73075899682425,134.73075899682425,131.0064457681699,132.43658447265625,55999400,0.0,0.0
2024-03-05 00:00:00-05:00,130.97664850689333,132.32733333640527,129.77493014030705,131.76123046875,40194800,0.0,0.0
2024-03-06 00:00:00-05:00,132.20814317715227,132.6649989142327,129.95370324672783,130.4999237060547,35318600,0.0,0.0
2024-03-07 00:00:00-05:00,131.88039821915834,134.01568007704142,130.70848834758843,133.4595184326172,37738200,0.0,0.0
2024-03-08 00:00:00-05:00,133.29069048269943,137.1441028229162,133.08212227990484,134.4824676513672,39370400,0.0,0.0
2024-03-11 00:00:00-04:00,135.1975450664785,138.147202448987,135.1975450664785,136.72698974609375,32437800,0.0,0.0
2024-03-12 00:00:00-04:00,136.09136807062538,138.42527705734926,136.09136807062538,137.55130004882812,27563400,0.0,0.0
2024-03-13 00:00:00-04:00,138.04787651328522,140.1235567749136,138.0379504669147,138.83245849609375,23347200,0.0,0.0
2024-03-14 00:00:00-04:00,140.22286121787153,142.60641533113196,139.49786590784714,142.11978149414062,42753400,0.0,0.0
2024-03-15 00:00:00-04:00,141.52390192482534,142.19923677925948,139.07081974578682,140.2129364013672,49475400,0.0,0.0
2024-03-18 00:00:00-04:00,147.59204880216603,151.10779377020597,146.16191011880434,146.6684112548828,69273700,0.0,0.0
2024-03-19 00:00:00-04:00,147.14513750194737,147.77081182403458,145.07938326416507,146.0228729248047,24070400,0.0,0.0
2024-03-20 00:00:00-04:00,146.98622431157722,147.84033405901792,145.73486056013707,147.72116088867188,21311500,0.0,0.0
2024-03-21 00:00:00-04:00,148.44616000360566,149.33998911224745,145.89375674311398,146.58897399902344,24755600,0.0,0.0
2024-03-22 00:00:00-04:00,148.09853690756384,150.54169280238673,147.959496500819,149.73724365234375,29211800,0.0,0.0
2024-03-25 00:00:00-04:00,148.91292360567456,149.34991206023355,146.8074503110912,149.0420379638672,19229300,0.0,0.0
2024-03-26 00:00:00-04:00,149.1910096788579,151.2170292210166,148.95264819861129,149.63792419433594,22149100,0.0,0.0
2024-03-27 00:00:00-04:00,150.1444219519495,150.60127765702768,147.88004097990625,149.8365478515625,22879200,0.0,0.0
2024-03-28 00:00:00-04:00,149.8167100033746,150.39272376928287,149.14136000396124,149.89614868164062,24485400,0.0,0.0
2024-04-01 00:00:00-04:00,149.6578028686982,154.67321430251357,149.57834903588156,154.4249267578125,31730800,0.0,0.0
2024-04-02 00:00:00-04:00,152.44852987054117,153.6403068777637,151.10777126599905,153.5012664794922,24586000,0.0,0.0
2024-04-03 00:00:00-04:00,152.54786018366337,154.01771807653932,151.68380929877364,153.8588104248047,24705000,0.0,0.0
2024-04-04 00:00:00-04:00,152.4485431723482,153.7098480658943,149.41943228041532,149.49888610839844,34724700,0.0,0.0
2024-04-05 00:00:00-04:00,149.00230145399445,152.36907953234603,148.57525420463722,151.45538330078125,23459200,0.0,0.0
2024-04-08 00:00:00-04:00,151.73349361287455,154.2064431848851,151.56465988929844,153.78932189941406,20702000,0.0,0.0
2024-04-09 00:00:00-04:00,155.02081218686513,157.4738944107065,154.12698306219647,155.52732849121094,31079500,0.0,0.0
2024-04-10 00:00:00-04:00,155.13999287301036,155.5372468745642,153.6204591891085,155.07046508789062,22838600,0.0,0.0
2024-04-11 00:00:00-04:00,155.835209096074,158.58622437276043,155.38829451519794,158.31808471679688,27166400,0.0,0.0
2024-04-12 00:00:00-04:00,156.87800209265978,159.12251594365648,156.06361170739086,156.64956665039062,25353700,0.0,0.0
2024-04-15 00:00:00-04:00,157.77182524735122,158.1492271341313,153.53107008373672,153.79922485351562,27136500,0.0,0.0
2024-04-16 00:00:00-04:00,153.13380842636792,154.58379901101057,152.3790046906613,153.3423614501953,20779500,0.0,0.0
2024-04-17 00:00:00-04:00,154.55402627985885,156.0040322116408,153.5211567597512,154.40505981445312,21763100,0.0,0.0
2024-04-18 00:00:00-04:00,154.2759364510269,155.86498270934086,153.56086715021243,154.94134521484375,19883000,0.0,0.0
2024-04-19 00:00:00-04:00,155.13006297338708,155.288970647292,151.2567831361415,153.03451538085938,32615600,0.0,0.0
2024-04-22 00:00:00-04:00,153.252996179296,156.56018797481067,153.004708643485,155.20950317382812,26446200,0.0,0.0
2024-04-23 00:00:00-04:00,155.88485079460835,157.88107709681086,155.20950082719352,157.17593383789062,21151600,0.0,0.0
2024-04-24 00:00:00-04:00,156.41122759408012,158.47698179082704,156.093412261841,158.0399932861328,22779100,0.0,0.0
2024-04-25 00:00:00-04:00,150.2934323141414,155.41809134902164,149.83657652164737,154.9314422607422,57109700,0.0,0.0
2024-04-26 00:00:00-04:00,173.17559264604492,173.51327522567658,168.48792256762354,170.7721710205078,64665300,0.0,0.0
2024-04-29 00:00:00-04:00,167.90195708676399,168.3886061017505,164.07833821221814,165.0118865966797,45610000,0.0,0.0
2024-04-30 00:00:00-04:00,164.47561025657222,166.94855978571303,161.48623351871703,161.6649932861328,33562900,0.0,0.0
2024-05-01 00:00:00-04:00,163.1745831231535,165.97525884524785,161.9728646968349,162.7375946044922,33493200,0.0,0.0
2024-05-02 00:00:00-04:00,163.6611865828327,165.5879000634434,162.76735761859345,165.47865295410156,24294500,0.0,0.0
2024-05-03 00:00:00-04:00,166.41222152550228,166.80949064181576,161.93312021322197,166.09442138671875,34662400,0.0,0.0
2024-05-06 00:00:00-04:00,166.31294707001013,166.9882819640809,164.89273433624226,166.9485626220703,21871300,0.0,0.0
2024-05-07 00:00:00-04:00,167.34577235757868,170.58343585091947,167.23652525313307,170.07693481445312,28039700,0.0,0.0
2024-05-08 00:00:00-04:00,167.84237044353367,168.98448702093918,167.58415686761862,168.2197723388672,19569100,0.0,0.0
2024-05-09 00:00:00-04:00,168.22970402279228,169.5208022541753,167.02798566826758,168.79580688476562,15346700,0.0,0.0
2024-05-10 00:00:00-04:00,166.87901799355728,168.68655853520565,165.05162536004164,167.49476623535156,29799900,0.0,0.0
2024-05-13 00:00:00-04:00,163.13483724153954,168.12045520894833,162.87662365956714,167.98141479492188,31327600,0.0,0.0
2024-05-14 00:00:00-04:00,168.60709956951226,170.0769574991566,167.64374274389093,169.17318725585938,25127100,0.0,0.0
2024-05-15 00:00:00-04:00,169.46121142592096,171.46736377620064,169.3420231054926,171.3283233642578,26948400,0.0,0.0
2024-05-16 00:00:00-04:00,172.102989637879,173.920456302831,171.50710861685377,172.9868927001953,27867900,0.0,0.0
2024-05-17 00:00:00-04:00,172.9868768718215,175.06257209479978,172.50024302231847,174.85400390625,24479300,0.0,0.0
2024-05-20 00:00:00-04:00,174.98314968278012,177.5454792152712,174.87390254616835,175.70814514160156,22554400,0.0,0.0
2024-05-21 00:00:00-04:00,175.68825488082155,176.92969256413505,174.60572485799662,176.6317596435547,16989400,0.0,0.0
2024-05-22 00:00:00-04:00,175.4300275271668,175.93652860666225,174.00983020298898,175.17181396484375,17880000,0.0,0.0
2024-05-23 00:00:00-04:00,175.85711428242732,177.02902425167093,171.76532512806048,172.36122131347656,21024900,0.0,0.0
2024-05-24 00:00:00-04:00,173.78142537597992,174.5660225547883,172.46053373352476,173.79136657714844,16579400,0.0,0.0
2024-05-28 00:00:00-04:00,173.2550411409201,176.0557318461207,173.1755873101766,175.19168090820312,20572200,0.0,0.0
2024-05-29 00:00:00-04:00,174.22830189331825,175.62864706785572,173.52317386081788,174.69508361816406,23388700,0.0,0.0
2024-05-30 00:00:00-04:00,173.99992196516303,174.01978921349524,170.61327595235952,170.93109130859375,22931500,0.0,0.0
2024-05-31 00:00:00-04:00,170.68278964567202,171.87456682456684,168.2793680411912,171.3184051513672,37638900,0.0,0.0
2024-06-03 00:00:00-04:00,171.35813618142186,173.33451061963038,169.9875991516087,171.98382568359375,27459100,0.0,0.0
2024-06-04 00:00:00-04:00,172.09306246094846,172.6591653391861,170.71258431304562,172.5995635986328,26879600,0.0,0.0
2024-06-05 00:00:00-04:00,173.99989738382425,175.43996202192773,172.73859249264606,174.20846557617188,22068500,0.0,0.0
2024-06-06 00:00:00-04:00,174.69510798291464,175.93654568931473,174.54614151985416,175.51942443847656,23251000,0.0,0.0
2024-06-07 00:00:00-04:00,175.83722393107305,176.65159911291653,173.10606122293635,173.2649688720703,19661400,0.0,0.0
2024-06-10 00:00:00-04:00,173.97090097400908,176.04896317552084,171.77351367054146,174.0106658935547,23726700,0.2,0.0
2024-06-11 00:00:00-04:00,175.213770813787,175.83022570889565,172.77776354554194,175.61148071289062,21540600,0.0,0.0
2024-06-12 00:00:00-04:00,177.23217556405126,179.379845400023,175.10439577424404,176.77479553222656,27864700,0.0,0.0
2024-06-13 00:00:00-04:00,175.10440825817855,175.7308157979112,173.8814358359176,174.1598358154297,20913300,0.0,0.0
2024-06-14 00:00:00-04:00,173.2251852008677,176.04896483669535,173.1555776264317,175.78050231933594,18063600,0.0,0.0
2024-06-17 00:00:00-04:00,174.45811620425826,177.34155090633004,173.81181865264895,176.2279510498047,19618500,0.0,0.0
2024-06-18 00:00:00-04:00,176.1285226693017,176.3770951589655,173.10588787052086,174.09022521972656,21869900,0.0,0.0
2024-06-20 00:00:00-04:00,174.36863734568504,176.27767237873894,173.99081745179618,175.2933349609375,20160100,0.0,0.0
2024-06-21 00:00:00-04:00,175.9893366865349,179.81735940064124,175.60156417866833,178.6043243408203,57759000,0.0,0.0
2024-06-24 00:00:00-04:00,179.1312749634446,179.85710235428542,177.6497775263464,178.19664001464844,18298000,0.0,0.0
2024-06-25 00:00:00-04:00,178.59434958875684,183.23768166890378,178.39549464018754,182.9791717529297,23130200,0.0,0.0
2024-06-26 00:00:00-04:00,181.58718512405983,183.45643998230676,181.4380325230597,182.83004760742188,19839000,0.0,0.0
2024-06-27 00:00:00-04:00,183.128330697181,184.98766337259178,182.9692558226232,184.351318359375,18848900,0.0,0.0
2024-06-28 00:00:00-04:00,183.2675316089203,184.07290404421764,180.92100671054675,181.1099090576172,29156600,0.0,0.0
2024-07-01 00:00:00-04:00,181.98490958043197,182.8300622052628,180.26479201418334,181.9451446533203,16006100,0.0,0.0
2024-07-02 00:00:00-04:00,181.01047903209437,184.51038372241194,180.52327152009687,184.18226623535156,17372500,0.0,0.0
2024-07-03 00:00:00-04:00,183.79450966944947,185.027419540138,182.94935711411654,184.75897216796875,10242100,0.0,0.0
2024-07-05 00:00:00-04:00,184.7987479676004,189.77019818175984,184.7390929924964,189.51168823242188,20967500,0.0,0.0
2024-07-08 00:00:00-04:00,188.8156499349587,189.0841124617017,186.7077601573061,187.95062255859375,21035900,0.0,0.0
2024-07-09 00:00:00-04:00,189.22333223651012,190.26733979712682,187.64241473790693,187.9009246826172,15121400,0.0,0.0
2024-07-10 00:00:00-04:00,188.06994097173066,190.65510095160317,187.9506310307602,190.08834838867188,15952500,0.0,0.0
2024-07-11 00:00:00-04:00,188.76595095990965,189.77017833635344,184.02318370351583,184.51039123535156,25625800,0.0,0.0
2024-07-12 00:00:00-04:00,184.02319732602172,186.0416048375752,183.43656985987124,184.0132598876953,22898400,0.0,0.0
2024-07-15 00:00:00-04:00,183.86409734476058,187.16514729008762,183.86409734476058,185.46490478515625,16474000,0.0,0.0
2024-07-16 00:00:00-04:00,186.29017198367765,187.6026268731147,182.32294948626117,182.86981201171875,18290700,0.0,0.0
2024-07-17 00:00:00-04:00,181.92523630082098,182.5019263017259,178.8727588226684,179.9863739013672,20734100,0.0,0.0
2024-07-18 00:00:00-04:00,180.89117984347467,181.4579324491382,175.46236471674348,176.67539978027344,25315700,0.0,0.0
2024-07-19 00:00:00-04:00,177.85860388752832,179.2605412872754,176.11859635003367,176.64556884765625,18881900,0.0,0.0
2024-07-22 00:00:00-04:00,179.5588097386944,181.6567620385204,179.20086476715244,180.6326446533203,24100300,0.0,0.0
2024-07-23 00:00:00-04:00,181.01047820725972,182.56156801417904,180.50338065154088,180.751953125,36352700,0.0,0.0
2024-07-24 00:00:00-04:00,172.60873427607675,175.18394149926314,170.83889945173814,171.64427185058594,49585200,0.0,0.0
2024-07-25 00:00:00-04:00,171.5348983988805,172.4297532433613,166.23533139265734,166.32481384277344,44852000,0.0,0.0
2024-07-26 00:00:00-04:00,166.19553938370566,167.13017425343986,163.1231874434032,166.04640197753906,41336900,0.0,0.0
2024-07-29 00:00:00-04:00,167.86598124081036,169.45683612568504,167.03078128837655,168.56198120117188,20293800,0.0,0.0
2024-07-30 00:00:00-04:00,169.26793984783785,170.25227726580664,167.47821476290122,169.31764221191406,18959700,0.0,0.0
2024-07-31 00:00:00-04:00,172.25080624759823,173.25503369271337,169.03923860189312,170.5605010986328,25729100,0.0,0.0
2024-08-01 00:00:00-04:00,169.2778754387371,173.0561805386624,167.91570297002085,169.7849578857422,24531400,0.0,0.0
2024-08-02 00:00:00-04:00,165.4896290110481,167.54780140914312,163.729731473792,165.7083740234375,29130100,0.0,0.0
2024-08-05 00:00:00-04:00,154.61211037149235,163.49111367184287,154.0453577327485,158.3406982421875,53630700,0.0,0.0
2024-08-06 00:00:00-04:00,158.42022424958387,159.65314928592488,155.51689933013026,157.3861541748047,49004600,0.0,0.0
2024-08-07 00:00:00-04:00,160.329247442372,162.0493647327587,157.56512271570298,158.03244018554688,25138600,0.0,0.0
2024-08-08 00:00:00-04:00,159.59348752582613,162.75533771588556,159.29521265364664,161.1048126220703,25578800,0.0,0.0
2024-08-09 00:00:00-04:00,159.09633805981707,162.8547530607689,158.15176559045875,162.73544311523438,28602300,0.0,0.0
2024-08-12 00:00:00-04:00,163.41154638749342,163.95839367928275,160.91586910111624,161.36329650878906,15895300,0.0,0.0
2024-08-13 00:00:00-04:00,162.47692353255772,163.78937837052388,162.03943352934883,163.22264099121094,18551700,0.0,0.0
2024-08-14 00:00:00-04:00,161.4726921823738,162.28801727613745,156.8094847615611,159.45428466796875,40591100,0.0,0.0
2024-08-15 00:00:00-04:00,159.58353231405633,160.71702221708418,158.69861489126848,160.37896728515625,31524300,0.0,0.0
2024-08-16 00:00:00-04:00,160.5479977673965,164.11749500950546,160.20994282911744,162.0294952392578,24208600,0.0,0.0
2024-08-19 00:00:00-04:00,164.3362450435517,165.73819754258415,163.32206502598987,165.7183074951172,22416200,0.0,0.0
2024-08-20 00:00:00-04:00,165.9470028325088,167.67707297668008,165.8674729797842,166.22540283203125,18341500,0.0,0.0
2024-08-21 00:00:00-04:00,164.20696955757205,165.89727451091318,163.72971465758596,164.90298461914062,22902000,0.0,0.0
2024-08-22 00:00:00-04:00,166.30493512161505,166.63305263271135,162.3774927696954,162.8647003173828,22493300,0.0,0.0
2024-08-23 00:00:00-04:00,163.77943106089057,165.2310857967722,162.89451367016122,164.67428588867188,13955700,0.0,0.0
2024-08-26 00:00:00-04:00,165.42995714825835,166.59327450173777,163.52092237549783,165.21121215820312,14190400,0.0,0.0
2024-08-27 00:00:00-04:00,164.89304984017366,165.489629908409,163.5209399578905,163.7396697998047,11821900,0.0,0.0
2024-08-28 00:00:00-04:00,164.09763335723272,164.65444856397423,160.6076805270113,161.92015075683594,16407400,0.0,0.0
2024-08-29 00:00:00-04:00,163.37178412416296,165.0223091315335,159.33496923436493,160.85623168945312,19699800,0.0,0.0
2024-08-30 00:00:00-04:00,161.69144289011467,162.72551303705623,160.76676042707592,162.44711303710938,22123800,0.0,0.0
2024-09-03 00:00:00-04:00,160.7965764689147,160.9258390209967,155.5864915219748,156.4614715576172,38945300,0.0,0.0
2024-09-04 00:00:00-04:00,155.76547872304474,158.09211373684093,155.06947874092558,155.55667114257812,19353800,0.0,0.0
2024-09-05 00:00:00-04:00,155.40751290271373,158.5395199887869,155.0893328553914,156.34214782714844,18688700,0.0,0.0
2024-09-06 00:00:00-04:00,156.4018336644006,156.92880619659218,149.69037557951214,150.05825805664062,37912100,0.0,0.0
2024-09-09 00:00:00-04:00,151.84037111346015,152.7264627958575,146.57360452316883,148.05706787109375,39260500,0.2,0.0
2024-09-10 00:00:00-04:00,149.78941235994157,150.60581925736298,147.6886761823768,148.0072784423828,31118800,0.0,0.0
2024-09-11 00:00:00-04:00,149.26176148971257,150.83482618648793,146.8723049733769,150.49632263183594,29607700,0.0,0.0
2024-09-12 00:00:00-04:00,153.12471156382813,154.140237291496,151.97975176732055,154.01080322265625,29621500,0.0,0.0
2024-09-13 00:00:00-04:00,154.74754539538486,157.68460496841567,154.52852532698242,156.76864624023438,29591200,0.0,0.0
2024-09-16 00:00:00-04:00,156.61930555531896,157.555180781803,155.91243141908913,157.3660125732422,18379800,0.0,0.0
2024-09-17 00:00:00-04:00,158.32181279555903,159.8450939790901,157.68462338017213,158.62049865722656,20715600,0.0,0.0
2024-09-18 00:00:00-04:00,159.1581209112091,159.79531032602117,157.9036585234899,159.10833740234375,23677300,0.0,0.0
2024-09-19 00:00:00-04:00,162.99122997550924,163.07086536284316,160.6316252452358,161.42811584472656,26587700,0.0,0.0
2024-09-20 00:00:00-04:00,162.78213342108606,163.01111932448998,161.34845348503907,162.87173461914062,40896400,0.0,0.0
2024-09-23 00:00:00-04:00,163.62841256235794,164.7634066817542,160.9601714446055,161.13938903808594,24150900,0.0,0.0
2024-09-24 00:00:00-04:00,162.31419475907774,162.5033629705114,159.98447247380625,161.5774383544922,23332100,0.0,0.0
2024-09-25 00:00:00-04:00,160.7610436422212,162.09515653085376,160.59179187501798,160.7809600830078,18869200,0.0,0.0
2024-09-26 00:00:00-04:00,162.9215110711205,163.35958160947462,161.56748176702274,162.0155029296875,20319300,0.0,0.0
2024-09-27 00:00:00-04:00,162.0951694277683,164.9724800827397,161.91596702181027,163.23016357421875,21101300,0.0,0.0
2024-09-30 00:00:00-04:00,162.60293558835963,165.42049684043894,162.5431862628529,165.121826171875,20413900,0.0,0.0
2024-10-01 00:00:00-04:00,166.9537289039037,168.41727581616183,163.85738331840562,166.25680541992188,28338100,0.0,0.0
2024-10-02 00:00:00-04:00,165.6893137329917,166.78449014447432,164.00673142434744,165.13177490234375,17760200,0.0,0.0
2024-10-03 00:00:00-04:00,163.68814431760305,165.90834901528822,163.2002902448892,165.13177490234375,15073100,0.0,0.0
2024-10-04 00:00:00-04:00,167.32210163999207,167.49135340314862,164.75342774448882,166.3264923095703,19047400,0.0,0.0
2024-10-07 00:00:00-04:00,166.9835979885841,167.74025561009242,162.0354184047515,162.264404296875,22463100,0.0,0.0
2024-10-08 00:00:00-04:00,163.2202088485495,164.00673359681912,162.15489948946927,163.6582794189453,23072700,0.0,0.0
2024-10-09 00:00:00-04:00,162.7323530653501,164.11624952090352,159.0386507061608,161.1493377685547,31181800,0.0,0.0
2024-10-10 00:00:00-04:00,160.16366845010265,162.35402113493024,159.695730848507,161.3683624267578,14144100,0.0,0.0
2024-10-11 00:00:00-04:00,161.41814270869355,163.18036025385564,160.53205102817606,162.5232696533203,15344300,0.0,0.0
2024-10-14 00:00:00-04:00,162.92152133437537,165.5001460300089,162.68256960973142,164.23573303222656,19016100,0.0,0.0
2024-10-15 00:00:00-04:00,165.06205820613152,166.94375916455598,163.9071629705859,164.7335205078125,20247200,0.0,0.0
2024-10-16 00:00:00-04:00,163.8075910141305,165.07201903329403,163.0210663798458,164.43482971191406,16406000,0.0,0.0
2024-10-17 00:00:00-04:00,165.00232392781157,165.6395132678631,162.04536311131514,162.21461486816406,21453400,0.0,0.0
2024-10-18 00:00:00-04:00,162.47349822564962,163.98682874694387,162.36398058545478,162.70248413085938,19757700,0.0,0.0
2024-10-21 00:00:00-04:00,162.234547045473,163.77774463817317,161.90599412379152,163.34963989257812,20946500,0.0,0.0
2024-10-22 00:00:00-04:00,162.26441234616763,165.0421710211609,162.26441234616763,164.41493225097656,16568100,0.0,0.0
2024-10-23 00:00:00-04:00,164.0365946612512,165.09195335667494,161.21901831548328,162.06529235839844,18280500,0.0,0.0
2024-10-24 00:00:00-04:00,162.11507183508752,162.61287650871054,160.3030555310391,162.00555419921875,22412500,0.0,0.0
2024-10-25 00:00:00-04:00,162.95137630402328,164.86294438388538,162.70247397291948,164.5443572998047,19828900,0.0,0.0
2024-10-28 00:00:00-04:00,168.0090925340481,168.0090925340481,163.23016419694298,165.98800659179688,32138600,0.0,0.0
2024-10-29 00:00:00-04:00,166.99356224559247,169.63193629969666,166.35637283025375,168.93499755859375,42169000,0.0,0.0
2024-10-30 00:00:00-04:00,179.88667593834245,181.22080390832798,173.29574742034202,173.69400024414062,68890800,0.0,0.0
2024-10-31 00:00:00-04:00,172.3698540409386,176.04365502457762,170.2492012343648,170.3587188720703,44769000,0.0,0.0
2024-11-01 00:00:00-04:00,169.3232735157594,171.56339434249736,168.13849607004246,170.53790283203125,31796500,0.0,0.0
2024-11-04 00:00:00-05:00,169.18389067835992,169.98038120201446,167.27232253666486,168.49693298339844,21492700,0.0,0.0
2024-11-05 00:00:00-05:00,168.6860840596654,169.78126041606683,168.09867819204692,168.99473571777344,18242100,0.0,0.0
2024-11-06 00:00:00-05:00,173.03692280821232,176.1631358258417,172.73823693941065,175.73501586914062,33695500,0.0,0.0
2024-11-07 00:00:00-05:00,176.63105879108298,180.28494329004707,176.41202351829116,179.95639038085938,25352900,0.0,0.0
2024-11-08 00:00:00-05:00,179.85681428948374,180.10571661492824,177.2981062836462,177.56692504882812,22006200,0.0,0.0
2024-11-11 00:00:00-05:00,177.79590334371593,179.7572547998241,177.68638571752442,179.55813598632812,17450400,0.0,0.0
2024-11-12 00:00:00-05:00,179.03048606955645,181.68876129211964,178.60236613626623,180.82257080078125,25134900,0.0,0.0
2024-11-13 00:00:00-05:00,179.66765368671196,180.16545831655327,177.75607053934468,178.09458923339844,23184000,0.0,0.0
2024-11-14 00:00:00-05:00,177.49722409234613,178.0348616196407,173.5546197872164,174.80908203125,31007500,0.0,0.0
2024-11-15 00:00:00-05:00,172.96721191394371,173.37541540242353,170.46823785970153,171.732666015625,32504600,0.0,0.0
2024-11-18 00:00:00-05:00,172.6585688053745,174.6697039128958,172.1408476982141,174.5303192138672,20135300,0.0,0.0
2024-11-19 00:00:00-05:00,172.95724636134872,178.08462810700078,172.7979452295751,177.33792114257812,23434900,0.0,0.0
2024-11-20 00:00:00-05:00,176.56135042889815,176.89985394642653,173.01698373526585,175.2073211669922,18997100,0.0,0.0
2024-11-21 00:00:00-05:00,173.1364567662256,173.36545785068716,162.98124461770655,166.8939971923828,59734400,0.0,0.0
2024-11-22 00:00:00-05:00,165.12181631038618,165.7291386198519,163.18036592990532,164.03659057617188,38604600,0.0,0.0
2024-11-25 00:00:00-05:00,165.36074656125817,167.88960271467622,164.88285834642193,166.9138946533203,33135300,0.0,0.0
2024-11-26 00:00:00-05:00,166.8939932592079,169.07438007569232,166.84420975542025,168.37744140625,20486700,0.0,0.0
2024-11-27 00:00:00-05:00,168.2579983313883,168.73588661732524,167.28230531666028,168.4869842529297,19266500,0.0,0.0
2024-11-29 00:00:00-05:00,167.76018498222638,168.6860944381384,166.42607202365048,168.2082061767578,14257200,0.0,0.0
2024-12-02 00:00:00-05:00,168.02900177825322,171.3244664436512,167.82988293769444,170.737060546875,23789100,0.0,0.0
2024-12-03 00:00:00-05:00,170.73705804160417,171.92182044267236,170.0998686460895,170.58770751953125,22248700,0.0,0.0
2024-12-04 00:00:00-05:00,170.39853725449947,174.14203820088363,170.3089360574109,173.60440063476562,31615100,0.0,0.0
2024-12-05 00:00:00-05:00,174.5900470301335,175.2869705000764,171.57335207382965,171.88198852539062,21356200,0.0,0.0
2024-12-06 00:00:00-05:00,171.2746759024565,174.3112874696141,171.10542413534188,173.9429168701172,21462400,0.0,0.0
2024-12-09 00:00:00-05:00,173.3947185178427,175.68723243233256,173.08571309629525,174.8001251220703,25389600,0.2,0.0
2024-12-10 00:00:00-05:00,182.2558148271153,185.75440321939527,180.46166108394456,184.56826782226562,54813000,0.0,0.0
2024-12-11 00:00:00-05:00,184.70782161706586,194.97435419169267,184.2493249317854,194.76502990722656,67894100,0.0,0.0
2024-12-12 00:00:00-05:00,194.36632666128313,194.54573443162946,191.08702455991943,191.33621215820312,34817500,0.0,0.0
2024-12-13 00:00:00-05:00,190.38927563816205,192.10368742772263,189.02373254884577,189.20315551757812,25143500,0.0,0.0
2024-12-16 00:00:00-05:00,192.2432425689094,198.3533273175459,191.99405497177682,196.02093505859375,44934900,0.0,0.0
2024-12-17 00:00:00-05:00,196.60901291047233,200.76546017959686,194.34638528405358,194.7849578857422,43504000,0.0,0.0
2024-12-18 00:00:00-05:00,194.58561039475242,196.35982485436523,187.12992181114345,187.7877655029297,34166100,0.0,0.0
2024-12-19 00:00:00-05:00,191.00728679661606,192.40273129322728,187.7678479495074,187.8974151611328,32265200,0.0,0.0
2024-12-20 00:00:00-05:00,185.17627005377298,192.2631653156739,184.6180923176282,190.78797912597656,63462900,0.0,0.0
2024-12-23 00:00:00-05:00,191.99406521325346,194.46601725929617,189.5320904055188,193.99754333496094,25675000,0.0,0.0
2024-12-24 00:00:00-05:00,194.20685520618696,195.4727325439453,193.15030215624884,195.4727325439453,10403300,0.0,0.0
2024-12-26 00:00:00-05:00,194.51583613513964,196.11064287242172,193.7483492712215,194.96438598632812,12046600,0.0,0.0
2024-12-27 00:00:00-05:00,194.31647638353087,194.68528435280825,190.0304468655215,192.1335906982422,18891400,0.0,0.0
2024-12-30 00:00:00-05:00,189.18322257123907,191.92428607864605,188.50542441334892,190.61854553222656,14264700,0.0,0.0
2024-12-31 00:00:00-05:00,190.45907478557154,191.33622003458325,187.89741886934635,188.6848602294922,17466900,0.0,0.0
2025-01-02 00:00:00-05:00,190.03045932269364,191.37607845803336,186.89070161917323,188.81442260742188,20370800,0.0,0.0
2025-01-03 00:00:00-05:00,190.74811471378376,192.58214696582633,189.36263229859958,191.166748046875,18596200,0.0,0.0
2025-01-06 00:00:00-05:00,193.34963191613974,197.57585894718454,193.22006471069886,196.23023986816406,29563600,0.0,0.0
2025-01-07 00:00:00-05:00,196.4694824542812,200.34684110917007,193.96764429186354,194.85475158691406,26487200,0.0,0.0
2025-01-08 00:00:00-05:00,191.94422748738302,195.65212489905696,191.7548424821935,193.31973266601562,24864800,0.0,0.0
2025-01-10 00:00:00-05:00,193.66860495961419,195.88139205518456,189.69156540477465,191.4159393310547,26665200,0.0,0.0
2025-01-13 00:00:00-05:00,189.4523648405139,190.55874323630746,186.75116443597017,190.38929748535156,21823700,0.0,0.0
2025-01-14 00:00:00-05:00,190.61855338184407,191.3561389494114,187.69806677944703,189.04368591308594,17174900,0.0,0.0
2025-01-15 00:00:00-05:00,192.462522950062,195.72190087885951,191.23652426846428,194.91453552246094,21776000,0.0,0.0
2025-01-16 00:00:00-05:00,193.50912558690098,194.84476749712078,192.18344570554987,192.2831268310547,17815400,0.0,0.0
2025-01-17 00:00:00-05:00,195.89134409308565,196.58906629276984,193.1203793506233,195.36306762695312,27735100,0.0,0.0
2025-01-21 00:00:00-05:00,198.4231075033933,201.63262976778796,197.22699486763423,197.4064178466797,29971300,0.0,0.0
2025-01-22 00:00:00-05:00,198.41313252508547,199.82851627036754,196.88810562725033,197.72537231445312,26200600,0.0,0.0
2025-01-23 00:00:00-05:00,197.49612311807823,199.64910762651434,194.5656745164631,197.33663940429688,26951400,0.0,0.0
2025-01-24 00:00:00-05:00,197.45625853253006,200.24714745985025,197.35657740975262,199.5594024658203,23877500,0.0,0.0
2025-01-27 00:00:00-05:00,191.78474760627742,196.24022309921364,190.11019902992624,191.1866912841797,41728900,0.0,0.0
2025-01-28 00:00:00-05:00,192.1236428916819,194.84476727172617,190.06036222791346,194.6653594970703,24157900,0.0,0.0
2025-01-29 00:00:00-05:00,194.92450036864417,196.15049906796548,192.80141720875304,194.77499389648438,18218300,0.0,0.0
2025-01-30 00:00:00-05:00,197.35657072172015,200.74551585245214,197.02764127874622,200.2172393798828,24354700,0.0,0.0
2025-01-31 00:00:00-05:00,201.34358503753182,204.8122722439576,201.14423799517712,203.35702514648438,32001100,0.0,0.0
2025-02-03 00:00:00-05:00,200.03784179405181,203.08789560873984,199.4497627036024,200.57608032226562,27838300,0.0,0.0
2025-02-04 00:00:00-05:00,202.7290614411804,206.37717152288226,202.1509443892273,205.7093505859375,43856400,0.0,0.0
2025-02-05 00:00:00-05:00,190.4491175677977,192.12365103908184,187.41898765422886,190.70826721191406,70373900,0.0,0.0
2025-02-06 00:00:00-05:00,188.88418941826902,191.47574638578936,188.10672536985356,190.9773712158203,29297400,0.0,0.0
2025-02-07 00:00:00-05:00,190.42916818748597,190.5587353980611,182.64454994685505,184.7377166748047,49315000,0.0,0.0
2025-02-10 00:00:00-05:00,186.74118938897723,187.58841808469597,185.2560258505473,185.86404418945312,23105600,0.0,0.0
2025-02-11 00:00:00-05:00,184.42873780232077,186.332534845636,183.6811749516247,184.71780395507812,21239500,0.0,0.0
2025-02-12 00:00:00-05:00,182.62461937179498,184.5084771212101,181.23913684930665,183.0133514404297,22072600,0.0,0.0
2025-02-13 00:00:00-05:00,183.72104784589166,185.6746701852319,182.54487442146038,185.53512573242188,21402500,0.0,0.0
2025-02-14 00:00:00-05:00,184.45862127858567,185.79426312591357,183.7210357377169,184.62806701660156,20448400,0.0,0.0
2025-02-18 00:00:00-05:00,184.9968606492489,185.35569136345538,181.1494039060581,183.1728057861328,29916700,0.0,0.0
2025-02-19 00:00:00-05:00,183.47185603605197,184.85733850337527,182.99340488662492,184.66795349121094,19549400,0.0,0.0
2025-02-20 00:00:00-05:00,184.1994764251086,184.7078136523139,182.12623377404523,183.9602508544922,20441500,0.0,0.0
2025-02-21 00:00:00-05:00,184.54832157311532,184.73770657345142,178.49805484578573,179.076171875,35199200,0.0,0.0
2025-02-24 00:00:00-05:00,181.3986125849473,182.52493020594952,178.30868023037235,178.66751098632812,29854200,0.0,0.0
2025-02-25 00:00:00-05:00,177.4614416125168,178.15917908775072,174.12233676466118,174.84996032714844,41913400,0.0,0.0
2025-02-26 00:00:00-05:00,174.50109332110333,175.50780571224857,171.0224290795126,172.16868591308594,35431300,0.0,0.0
2025-02-27 00:00:00-05:00,173.42461914994175,173.99275900708727,167.39427578548737,167.95245361328125,39991000,0.0,0.0
2025-02-28 00:00:00-05:00,168.13183224034952,170.05556821596952,166.22805073838262,169.7266387939453,48130600,0.0,0.0
2025-03-03 00:00:00-05:00,171.37129548555112,172.80661854958163,165.39079285822712,166.46728515625,40770500,0.0,0.0
2025-03-04 00:00:00-05:00,165.69979362882594,172.72687185175528,165.2612210149662,170.3645782470703,45388000,0.0,0.0
2025-03-05 00:00:00-05:00,169.96588759666264,173.21528852342593,168.51062527668861,172.457763671875,30954900,0.0,0.0
2025-03-06 00:00:00-05:00,169.97583927823808,174.24192964256372,169.94593798389218,171.78993225097656,28302000,0.0,0.0
2025-03-07 00:00:00-05:00,170.70347150998992,174.40142226145525,169.71669832775643,173.29502868652344,27385800,0.0,0.0
2025-03-10 00:00:00-04:00,167.906369246359,168.10596109578225,163.34598174937858,165.52139282226562,43604000,0.2,0.0
2025-03-11 00:00:00-04:00,164.56341811184632,166.39954739419704,161.03084947828359,163.6952362060547,39587400,0.0,0.0
2025-03-12 00:00:00-04:00,166.22991938080386,167.2876892617743,163.18632617734653,166.75880432128906,28372400,0.0,0.0
2025-03-13 00:00:00-04:00,165.6910282026151,165.7808506225565,161.76929516473905,162.4179229736328,31756200,0.0,0.0
2025-03-14 00:00:00-04:00,162.92686119092454,166.14009496437765,162.10857726863358,165.14219665527344,31995900,0.0,0.0
2025-03-17 00:00:00-04:00,164.68316768669845,165.95050288703504,163.326025286982,163.94471740722656,31184300,0.0,0.0
2025-03-18 00:00:00-04:00,163.336005171718,163.9048145767925,156.39064073396676,160.33233642578125,42074800,0.0,0.0
2025-03-19 00:00:00-04:00,161.42003435006743,165.52139724714462,160.66163707283374,163.54556274414062,34275600,0.0,0.0
2025-03-20 00:00:00-04:00,161.23044451155243,164.5434591319573,160.62172590598882,162.45785522460938,28138500,0.0,0.0
2025-03-21 00:00:00-04:00,160.87119904116452,163.89482981108262,160.55186426165298,163.64535522460938,36625800,0.0,0.0
2025-03-24 00:00:00-04:00,166.71888755590038,167.96626051519195,164.79293578885944,167.3275909423828,30879100,0.0,0.0
2025-03-25 00:00:00-04:00,168.62487200219408,170.27141354347242,167.96627061240434,170.20155334472656,24174400,0.0,0.0
2025-03-26 00:00:00-04:00,168.64482630346816,169.25354492463828,164.49356538620054,164.71310424804688,28901600,0.0,0.0
2025-03-27 00:00:00-04:00,164.2840090226325,165.0723420135672,161.6595315089187,161.89903259277344,24508300,0.0,0.0
2025-03-28 00:00:00-04:00,160.15270290585678,161.47990946590778,153.3071199905367,154.00564575195312,48669300,0.0,0.0
2025-03-31 00:00:00-04:00,152.78821916221315,155.2131048785596,150.34337121509955,154.31500244140625,54603500,0.0,0.0
2025-04-01 00:00:00-04:00,153.29715217046743,157.76774810671006,153.29715217046743,156.7399139404297,30672900,0.0,0.0
2025-04-02 00:00:00-04:00,154.8239184605045,158.07707673307476,154.37486726125917,156.70994567871094,25041700,0.0,0.0
2025-04-03 00:00:00-04:00,150.7924084767401,152.4588967636163,150.07392050283045,150.40322875976562,46883400,0.0,0.0
2025-04-04 00:00:00-04:00,147.6989298070746,150.75251155896433,145.0744674917677,145.29400634765625,62259500,0.0,0.0
2025-04-07 00:00:00-04:00,141.25252075073843,152.5287756510523,140.2346601251265,146.44158935546875,76794100,0.0,0.0
2025-04-08 00:00:00-04:00,150.9021908364876,151.92005142460044,142.72940085243894,144.39588928222656,52200200,0.0,0.0
2025-04-09 00:00:00-04:00,144.11648790346825,159.21469586163823,143.60756519119073,158.37646484375,70406200,0.0,0.0
2025-04-10 00:00:00-04:00,156.21099272991097,157.38852063839548,149.6148843769422,152.4988250732422,48022000,0.0,0.0
2025-04-11 00:00:00-04:00,152.57864388809023,157.3386230397259,152.49882542365125,156.8097381591797,33636200,0.0,0.0
2025-04-14 00:00:00-04:00,159.66372535063462,161.3801116162915,157.22885110276232,158.73568725585938,30333000,0.0,0.0
2025-04-15 00:00:00-04:00,158.79557178865275,159.3144679755199,154.8838120227522,155.9814910888672,27551500,0.0,0.0
2025-04-16 00:00:00-04:00,152.7782543502781,155.56238424519245,151.1915842885331,153.0077667236328,28187400,0.0,0.0
2025-04-17 00:00:00-04:00,153.96572710201332,154.3549068428226,148.1879024535801,150.84231567382812,33046600,0.0,0.0
2025-04-21 00:00:00-04:00,148.5671133790027,148.63695834662283,145.7929571438361,147.35964965820312,26049100,0.0,0.0
2025-04-22 00:00:00-04:00,148.57709265560683,151.8701604317821,148.22782212376958,151.15167236328125,26971800,0.0,0.0
2025-04-23 00:00:00-04:00,155.28296188170384,157.19892487451833,153.48674181759014,155.0235137939453,31128800,0.0,0.0
2025-04-24 00:00:00-04:00,155.82182468811348,159.25459752387056,155.4625806651454,158.94525146484375,45894000,0.0,0.0
2025-04-25 00:00:00-04:00,164.72307793649614,165.75091195641818,160.70153382171975,161.61961364746094,56034000,0.0,0.0
2025-04-28 00:00:00-04:00,162.0886126566934,162.80710064682614,158.26667558851017,160.27244567871094,29745800,0.0,0.0
2025-04-29 00:00:00-04:00,159.98307743122987,160.4021929284458,157.1889588897359,159.8234100341797,26809000,0.0,0.0
2025-04-30 00:00:00-04:00,157.6479788523033,158.93527626532435,155.07339925298186,158.4662628173828,34981100,0.0,0.0
2025-05-01 00:00:00-04:00,160.11279406942978,161.60964165853642,158.5760372443709,160.9610137939453,30203200,0.0,0.0
2025-05-02 00:00:00-04:00,163.0665800855699,164.62329914267073,161.5298080330937,163.68527221679688,25715000,0.0,0.0
2025-05-05 00:00:00-04:00,162.6574198030844,165.04239608560687,162.3780095025418,163.86488342285156,21341800,0.0,0.0
2025-05-06 00:00:00-04:00,161.82917778967573,164.45365539079762,160.8512416447926,162.88694763183594,21277200,0.0,0.0
2025-05-07 00:00:00-04:00,163.73516530126716,164.6532299684301,147.52929039730043,151.06185913085938,127490100,0.0,0.0
2025-05-08 00:00:00-04:00,154.6742375105505,155.60227562678833,152.57864497617126,153.95574951171875,57498700,0.0,0.0
2025-05-09 00:00:00-04:00,153.84599954293776,154.7241550362692,151.880138412371,152.42898559570312,32435300,0.0,0.0
2025-05-12 00:00:00-04:00,157.15902099799507,158.7656379952877,155.92162152792991,158.12698364257812,44138800,0.0,0.0
2025-05-13 00:00:00-04:00,158.45628235850566,160.23255554287942,155.83181988552568,159.19473266601562,42382100,0.0,0.0
2025-05-14 00:00:00-04:00,159.6238271640479,166.64902486582008,159.27455664998826,165.02244567871094,48755900,0.0,0.0
2025-05-15 00:00:00-04:00,165.49145599350894,165.8606887311189,162.02874755770196,163.61541748046875,33146700,0.0,0.0
2025-05-16 00:00:00-04:00,167.3774855147182,168.99409119137468,165.27191939302787,165.84072875976562,42846900,0.0,0.0
2025-05-19 00:00:00-04:00,164.16425471766837,166.2897831099107,163.87487089127026,166.1899871826172,30426100,0.0,0.0
2025-05-20 00:00:00-04:00,166.08020853353494,168.1458653454169,162.55762871505934,163.63536071777344,46607700,0.0,0.0
2025-05-21 00:00:00-04:00,163.34598924433868,172.77612594690945,163.21625758160502,168.20574951171875,73416000,0.0,0.0
2025-05-22 00:00:00-04:00,171.48883082455436,176.3984886871392,170.3512273591593,170.51087951660156,74864400,0.0,0.0
2025-05-23 00:00:00-04:00,168.70469265151235,169.60281030274047,167.5371534089642,168.11593627929688,35211400,0.0,0.0
2025-05-27 00:00:00-04:00,169.80238932071725,172.80605791558804,169.6427219280191,172.53662109375,37995700,0.0,0.0
2025-05-28 00:00:00-04:00,172.79607866823434,174.90164475593082,171.5487057543554,171.9977569580078,34784000,0.0,0.0
2025-05-29 00:00:00-04:00,173.63431165912297,174.0534271359213,170.27139911620654,171.49880981445312,29317300,0.0,0.0
2025-05-30 00:00:00-04:00,170.98987911151661,171.84807225515158,167.08809311971586,171.37905883789062,52639900,0.0,0.0
2025-06-02 00:00:00-04:00,167.4872574240746,169.5129898808019,167.03820620651766,168.6747589111328,38612300,0.0,0.0
2025-06-03 00:00:00-04:00,167.1379938326745,168.12590341689224,164.93263186241904,165.8307342529297,45084900,0.0,0.0
2025-06-04 00:00:00-04:00,166.38957869951685,167.86646401479533,166.01037244863588,167.6968231201172,26900800,0.0,0.0
2025-06-05 00:00:00-04:00,169.98200425737,170.57076063975376,167.23778374687686,167.8564910888672,36379100,0.0,0.0
2025-06-06 00:00:00-04:00,170.47098587242346,174.13327118123485,170.47098587242346,173.3149871826172,35731800,0.0,0.0
2025-06-09 00:00:00-04:00,174.38402968862113,176.31231302715454,174.21418342483807,175.93264770507812,28935900,0.21,0.0
2025-06-10 00:00:00-04:00,176.04254985052344,180.94816607880887,174.7537092641778,178.44041442871094,61766100,0.0,0.0
2025-06-11 00:00:00-04:00,179.60936400867158,180.20881870896204,176.59205837486806,177.1915283203125,31646800,0.0,0.0
2025-06-12 00:00:00-04:00,176.02256609234394,176.56209210971562,174.59385119423692,175.54299926757812,20941900,0.0,0.0
2025-06-13 00:00:00-04:00,172.28591297451578,176.9717245091389,172.2359546046385,174.513916015625,27663100,0.0,0.0
2025-06-16 00:00:00-04:00,174.57385966373928,176.78189154925582,174.49392932110277,176.61204528808594,27389200,0.0,0.0
2025-06-17 00:00:00-04:00,175.5429937823964,177.20151408744945,174.4239994778565,175.7927703857422,24973000,0.0,0.0
2025-06-18 00:00:00-04:00,175.85271405711507,176.4022256326498,173.04522747911062,173.16513061523438,28707500,0.0,0.0
2025-06-20 00:00:00-04:00,173.79455416726213,174.18420505107113,165.312150640077,166.4910888671875,75659900,0.0,0.0
2025-06-23 00:00:00-04:00,166.1214256591391,167.19046158134836,161.85523705575486,165.04238891601562,57671000,0.0,0.0
2025-06-24 00:00:00-04:00,166.77084680791774,168.06968824197463,165.98155942026995,166.62098693847656,40524300,0.0,0.0
2025-06-25 00:00:00-04:00,167.48021861146748,172.2059878377665,167.40028826627824,170.52748107910156,35479000,0.0,0.0
2025-06-26 00:00:00-04:00,172.275909497391,173.53479332021178,169.78814431449064,173.38491821289062,31796700,0.0,0.0
2025-06-27 00:00:00-04:00,173.3849216100962,178.52032800475203,171.57654142712704,178.37046813964844,108140200,0.0,0.0
2025-06-30 00:00:00-04:00,180.6184624108643,181.0680572633364,174.4240054836315,176.07252502441406,63378900,0.0,0.0
2025-07-01 00:00:00-04:00,175.5829598377131,175.9326379218849,173.37492804100808,175.682861328125,35904500,0.0,0.0
2025-07-02 00:00:00-04:00,175.38312608280393,178.70016656024188,174.91356011283625,178.48036193847656,29128900,0.0,0.0
2025-07-03 00:00:00-04:00,178.34048951535135,179.50944215502514,176.89178830781478,179.36956787109375,21689700,0.0,0.0
2025-07-07 00:00:00-04:00,178.89999490759814,179.13978593904164,175.52301029591823,176.63201904296875,34175600,0.0,0.0
2025-07-08 00:00:00-04:00,177.691079951528,177.7909814447806,172.6555751408571,174.20419311523438,40442500,0.0,0.0
2025-07-09 00:00:00-04:00,175.09340252603724,179.27966092294577,172.61562283881983,176.46217346191406,43025600,0.0,0.0
2025-07-10 00:00:00-04:00,175.47306122205768,178.27054693495992,174.22417822695712,177.46127319335938,29252400,0.0,0.0
2025-07-11 00:00:00-04:00,176.6320206592132,181.26787392679407,176.32230010231936,180.02899169921875,34282900,0.0,0.0
2025-07-14 00:00:00-04:00,180.84823929966979,183.5058659137902,179.5194259926096,181.3977508544922,32536600,0.0,0.0
2025-07-15 00:00:00-04:00,182.6466456022175,184.05538933948807,181.4377353487915,181.83737182617188,33448300,0.0,0.0
2025-07-16 00:00:00-04:00,183.07626629854497,184.1652886399438,181.86734081977315,182.80650329589844,33104200,0.0,0.0
2025-07-17 00:00:00-04:00,181.9772389358081,183.89552139280437,180.31871865434178,183.41595458984375,31992600,0.0,0.0
2025-07-18 00:00:00-04:00,185.2343153104504,186.25340807875182,183.54583834733725,184.89462280273438,34014500,0.0,0.0
2025-07-21 00:00:00-04:00,186.08356432217508,190.11994741222205,185.98364758555138,189.9301300048828,45803100,0.0,0.0
2025-07-22 00:00:00-04:00,191.328882294876,191.47874216205827,187.29249900550474,191.1690216064453,44660200,0.0,0.0
2025-07-23 00:00:00-04:00,191.32888225818212,192.35796066638142,189.01094801184496,190.0600128173828,58681900,0.0,0.0
2025-07-24 00:00:00-04:00,196.85393348830104,197.7731095502254,190.8293230940032,191.99827575683594,74881700,0.0,0.0
2025-07-25 00:00:00-04:00,191.80844534575607,194.1563515198352,191.08908750710862,193.0073699951172,39785900,0.0,0.0
2025-07-28 00:00:00-04:00,193.47694913334269,193.87660084223495,190.6694625759226,192.4079132080078,38139500,0.0,0.0
2025-07-29 00:00:00-04:00,192.2580327538162,195.7449194968108,191.90835466905762,195.5750732421875,41389200,0.0,0.0
2025-07-30 00:00:00-04:00,195.42522371418744,197.42343657324804,194.51603320447785,196.35438537597656,32445400,0.0,0.0
2025-07-31 00:00:00-04:00,195.53512388567077,195.8148724632573,190.91924186518514,191.728515625,51329200,0.0,0.0
2025-08-01 00:00:00-04:00,188.86108179697592,190.65947636814528,187.65217158882444,188.96099853515625,34832200,0.0,0.0
2025-08-04 00:00:00-04:00,190.11995195242244,195.0955128481526,189.95010569222902,194.86570739746094,31547400,0.0,0.0
2025-08-05 00:00:00-04:00,194.5360207683401,197.68319994217242,193.71674617353807,194.4960479736328,31602300,0.0,0.0
2025-08-06 00:00:00-04:00,194.32618893507828,196.45429038129967,193.49692881868756,195.91476440429688,21562900,0.0,0.0
2025-08-07 00:00:00-04:00,196.88390160867925,197.36346840439734,194.15634544876863,196.34439086914062,26321800,0.0,0.0
2025-08-08 00:00:00-04:00,197.04376174071106,202.42894452614235,196.99380337261508,201.24000549316406,39161800,0.0,0.0
2025-08-11 00:00:00-04:00,200.76044484845534,201.29995560301907,198.8921207366326,200.8203887939453,25832400,0.0,0.0
2025-08-12 00:00:00-04:00,201.19005382143942,204.31726177746063,200.41075203769518,203.15829467773438,30397900,0.0,0.0
2025-08-13 00:00:00-04:00,203.94760013613634,204.3472366094903,197.33350521250262,201.779541015625,28342900,0.0,0.0
2025-08-14 00:00:00-04:00,201.31993610316366,204.2573113073674,201.05017311120625,202.75865173339844,25230400,0.0,0.0
2025-08-15 00:00:00-04:00,203.66784557245273,206.25552748751167,201.10013480886678,203.71778869628906,34931400,0.0,0.0
2025-08-18 00:00:00-04:00,204.01753247133055,205.08658368227987,202.30906899226142,203.3181610107422,18526600,0.0,0.0
2025-08-19 00:00:00-04:00,202.84857944432244,203.2582167438639,199.7813305987235,201.389892578125,24240200,0.0,0.0
2025-08-20 00:00:00-04:00,200.55061989251405,201.10013145192505,196.4243208994537,199.1418914794922,28955500,0.0,0.0
2025-08-21 00:00:00-04:00,199.57150268554688,202.29905887913935,199.25178132101763,199.57150268554688,19774600,0.0,0.0
2025-08-22 00:00:00-04:00,202.54883983863883,208.353645687597,201.12012497867053,205.9058380126953,42827000,0.0,0.0
2025-08-25 00:00:00-04:00,206.2455237198617,210.3318804204715,205.0965574752735,208.30369567871094,29928900,0.0,0.0
2025-08-26 00:00:00-04:00,207.32455950181813,207.66426725745978,205.5161793925774,206.95489501953125,28464100,0.0,0.0
2025-08-27 00:00:00-04:00,205.51617805576655,208.72331622375268,205.46621968804243,207.29458618164062,23022900,0.0,0.0
2025-08-28 00:00:00-04:00,207.0648053873533,212.0303655105851,206.71511204255788,211.4508819580078,32339300,0.0,0.0
2025-08-29 00:00:00-04:00,210.3218773757616,214.45817715575657,210.01215683893824,212.71974182128906,39728400,0.0,0.0
2025-09-02 00:00:00-04:00,208.25374472878948,211.4908397743193,206.01574085860813,211.16114807128906,47523000,0.0,0.0
2025-09-03 00:00:00-04:00,226.00786746880672,231.1033010071871,224.5891229524102,230.45388793945312,103336100,0.0,0.0
2025-09-04 00:00:00-04:00,229.4447813472723,232.16235200669,225.90795135774627,232.09242248535156,51684200,0.0,0.0
2025-09-05 00:00:00-04:00,231.9925075217388,235.54932393536487,231.69277254690593,234.79000854492188,46588900,0.0,0.0
2025-09-08 00:00:00-04:00,235.47000122070312,238.1300048828125,233.6699981689453,234.0399932861328,32474700,0.21,0.0
2025-09-09 00:00:00-04:00,234.1699981689453,240.47000122070312,233.22999572753906,239.6300048828125,38061000,0.0,0.0
2025-09-10 00:00:00-04:00,238.89999389648438,241.66000366210938,237.85000610351562,239.1699981689453,35141100,0.0,0.0
2025-09-11 00:00:00-04:00,239.8800048828125,242.25,236.25,240.3699951171875,30599300,0.0,0.0
2025-09-12 00:00:00-04:00,240.3699951171875,242.0800018310547,238.0,240.8000030517578,26771600,0.0,0.0
2025-09-15 00:00:00-04:00,244.66000366210938,252.41000366210938,244.66000366210938,251.61000061035156,58383800,0.0,0.0
2025-09-16 00:00:00-04:00,252.0800018310547,253.0399932861328,249.47000122070312,251.16000366210938,34109700,0.0,0.0
2025-09-17 00:00:00-04:00,251.22000122070312,251.60000610351562,246.27999877929688,249.52999877929688,34108000,0.0,0.0
2025-09-18 00:00:00-04:00,251.67999267578125,253.99000549316406,249.8000030517578,252.02999877929688,31239500,0.0,0.0
2025-09-19 00:00:00-04:00,253.25,256.0,251.80999755859375,254.72000122070312,55571400,0.0,0.0
2025-09-22 00:00:00-04:00,254.42999267578125,255.77999877929688,250.3000030517578,252.52999877929688,32290500,0.0,0.0
2025-09-23 00:00:00-04:00,253.0399932861328,254.36000061035156,250.47999572753906,251.66000366210938,26628000,0.0,0.0
2025-09-24 00:00:00-04:00,251.66000366210938,252.35000610351562,246.44000244140625,247.13999938964844,28201000,0.0,0.0
2025-09-25 00:00:00-04:00,244.39999389648438,246.49000549316406,240.74000549316406,245.7899932861328,31020400,0.0,0.0
2025-09-26 00:00:00-04:00,247.07000732421875,249.4199981689453,245.97000122070312,246.5399932861328,18479400,0.0,0.0
