Date,Open,High,Low,Close,Volume,Dividends,Stock Splits,MA_5,MA_10
2020-09-28 00:00:00-04:00,202.19711725030345,203.81753461508967,199.49322243628995,200.81640625,32004900,0.0,0.0,,
2020-09-29 00:00:00-04:00,200.73010675192677,201.4204622220947,198.29468200146903,198.7261505126953,24221900,0.0,0.0,,
2020-09-30 00:00:00-04:00,199.1768020632968,203.25181013232543,198.0357974630864,201.6697540283203,33829100,0.0,0.0,,
2020-10-01 00:00:00-04:00,204.6996097199135,205.1790223492004,202.6189606644697,203.71202087402344,27158400,0.0,0.0,,
2020-10-02 00:00:00-04:00,199.43566680293185,202.3025597802088,197.07695007543285,197.7001953125,33154800,0.0,0.0,200.5249053955078,
2020-10-05 00:00:00-04:00,198.68777523679577,201.74643021386964,198.4576519031385,201.71766662597656,21331600,0.0,0.0,200.7051574707031,
2020-10-06 00:00:00-04:00,200.22190199510823,201.5258903306347,196.3866008750534,197.4317169189453,28554300,0.0,0.0,200.44627075195314,
2020-10-07 00:00:00-04:00,198.5343876446166,201.4588080799235,198.20839051556985,201.1903381347656,25681100,0.0,0.0,200.3503875732422,
2020-10-08 00:00:00-04:00,201.84232954510333,202.4943384245125,199.7425142102119,201.90945434570312,19925800,0.0,0.0,199.98987426757813,
2020-10-09 00:00:00-04:00,202.5326658550179,206.9720317159505,202.5326658550179,206.9240875244141,26458000,0.0,0.0,201.83465270996095,201.17977905273438
2020-10-12 00:00:00-04:00,209.78140069312863,214.64265244429112,207.882930516998,212.283935546875,40461400,0.0,0.0,203.94790649414062,202.32653198242187
2020-10-13 00:00:00-04:00,213.5496334128117,215.9371143635421,211.35391465113807,213.68386840820312,28950800,0.0,0.0,207.19833679199218,203.82230377197266
2020-10-14 00:00:00-04:00,213.81807545397243,214.9878436739825,210.107425642433,211.7661895751953,23421700,0.0,0.0,209.31350708007812,204.83194732666016
2020-10-15 00:00:00-04:00,208.16097962773364,211.2867448559503,207.1158489257923,210.61557006835935,22733100,0.0,0.0,211.0547302246094,205.52230224609374
2020-10-16 00:00:00-04:00,211.08538510441647,213.1372706724877,210.2895729758885,210.61557006835935,26057900,0.0,0.0,211.79302673339845,206.8138397216797
2020-10-19 00:00:00-04:00,211.3442965658429,213.14689303076904,204.92016920089208,205.3995819091797,27625800,0.0,0.0,210.41615600585936,207.18203125
2020-10-20 00:00:00-04:00,206.91451708098484,208.41986529898944,204.3160938995377,205.81185913085935,22753500,0.0,0.0,208.8417541503906,208.0200454711914
2020-10-21 00:00:00-04:00,204.34483913835183,207.9883781310668,204.34483913835183,205.95567321777344,22724900,0.0,0.0,207.67965087890624,208.4965789794922
2020-10-22 00:00:00-04:00,205.12151335460692,207.16381616381312,202.9833367825152,206.0419921875,22351500,0.0,0.0,206.7649353027344,208.9098327636719
2020-10-23 00:00:00-04:00,206.17621001281267,207.37474167806437,204.38321132336048,207.3267974853516,18879600,0.0,0.0,206.1071807861328,208.95010375976562
2020-10-26 00:00:00-04:00,205.04482977945148,207.4322958032438,199.5315834031052,201.4300537109375,37111600,0.0,0.0,205.3132751464844,207.86471557617188
2020-10-27 00:00:00-04:00,202.87785929223529,205.8310432277493,201.6697445765535,204.46951293945312,36700300,0.0,0.0,205.04480590820313,206.9432800292969
2020-10-28 00:00:00-04:00,199.11929187560776,200.2411159664744,193.7786413935924,194.33474731445312,51195600,0.0,0.0,202.72062072753906,205.20013580322265
2020-10-29 00:00:00-04:00,195.66749508625168,198.8220240324159,194.9963056406513,196.2907257080078,31432600,0.0,0.0,200.77036743164064,203.7676513671875
2020-10-30 00:00:00-04:00,195.1209967251671,195.8784624617589,191.4007489608777,194.13340759277344,36953700,0.0,0.0,198.131689453125,202.11943511962892
2020-11-02 00:00:00-05:00,195.87843510424747,196.8276775200225,191.88013493015848,193.9991455078125,30842200,0.0,0.0,196.6455078125,200.9793914794922
2020-11-03 00:00:00-05:00,195.49491819127329,199.55074570208876,194.7566185066281,197.93032836914065,27512000,0.0,0.0,195.33767089843752,200.1912384033203
2020-11-04 00:00:00-05:00,205.20785840222203,209.3308113961436,203.67373159454783,207.4802703857422,42311800,0.0,0.0,197.9667755126953,200.34369812011718
2020-11-05 00:00:00-05:00,212.8975985469608,214.8919572579799,212.04424447339872,214.09613037109372,36080100,0.0,0.0,201.5278564453125,201.14911193847655
2020-11-06 00:00:00-05:00,213.1085464685072,215.12208583391663,209.05271877417096,214.5084381103516,25231900,0.0,0.0,205.6028625488281,201.86727600097657
2020-11-09 00:00:00-05:00,215.1987693658837,218.72723972094147,208.9088772508579,209.3978729248047,44395000,0.0,0.0,208.68260803222657,202.66405792236327
2020-11-10 00:00:00-05:00,205.6680838349031,207.5857349662309,201.0848988014711,202.32177734375,44045100,0.0,0.0,209.56089782714844,202.44928436279298
2020-11-11 00:00:00-05:00,203.6449493616537,209.06230763770108,203.46277017398023,207.6336669921875,29440800,0.0,0.0,209.5915771484375,203.7791763305664
2020-11-12 00:00:00-05:00,208.26646090512637,210.08822321961955,205.62969119016765,206.5693359375,21593900,0.0,0.0,208.08621826171876,204.80703735351562
2020-11-13 00:00:00-05:00,207.45150367006715,208.46785644690453,205.34209031410987,207.59532165527344,18621100,0.0,0.0,206.70359497070314,206.15322875976562
2020-11-16 00:00:00-05:00,206.0228159261353,208.77465486518045,205.68723580318888,208.28564453125,24953300,0.0,0.0,206.48114929199218,207.58187866210938
2020-11-17 00:00:00-05:00,207.20218813788108,208.71711949260344,205.26535660858767,205.6297149658203,24154100,0.0,0.0,207.14273681640626,208.35181732177733
2020-11-18 00:00:00-05:00,205.3893721380284,206.850606549854,202.77453778794847,202.9187469482422,28372800,0.56,0.0,206.1997528076172,207.89566497802736
2020-11-19 00:00:00-05:00,203.20714178040055,204.7933397930536,201.81319330215703,204.20692443847656,24792700,0.0,0.0,205.7272705078125,206.90674438476563
2020-11-20 00:00:00-05:00,203.9954629162187,205.04331546439388,201.88052699574175,202.2554473876953,22843100,0.0,0.0,204.65929565429687,205.6814453125
2020-11-23 00:00:00-05:00,202.793739688208,204.08192585772957,200.11161984755836,201.98622131347656,25683500,0.0,0.0,203.3994110107422,204.94028015136718
2020-11-24 00:00:00-05:00,201.48634012873157,205.966167884209,200.7845691949016,205.59124755859372,33979700,0.0,0.0,203.39171752929687,205.26722717285156
2020-11-25 00:00:00-05:00,206.79296818121367,206.9660016039745,204.2454338873119,205.6009063720703,21012900,0.0,0.0,203.9281494140625,205.06395111083984
2020-11-27 00:00:00-05:00,206.54299705815237,207.9080920979437,205.76430275885053,206.9082946777344,14512200,0.0,0.0,204.46842346191406,205.09784698486328
2020-11-30 00:00:00-05:00,205.82196023272223,206.45643058783557,202.6879967520564,205.79312133789065,33064800,0.0,0.0,205.17595825195312,204.917626953125
2020-12-01 00:00:00-05:00,206.21610523136007,208.91747073268837,205.10096702441447,207.8503875732422,30904500,0.0,0.0,206.34879150390626,204.8741012573242
2020-12-02 00:00:00-05:00,206.57180161644624,207.13898610870103,204.5722217772667,207.0428466796875,23724500,0.0,0.0,206.639111328125,205.01541442871093
2020-12-03 00:00:00-05:00,206.31223244455936,208.01380055345115,205.389343819908,205.95654296875,25120900,0.0,0.0,206.71023864746093,205.3191940307617
2020-12-04 00:00:00-05:00,205.93729776824557,207.0524505000857,204.93750060562468,206.07188415527344,24666000,0.0,0.0,206.54295654296874,205.5056900024414
2020-12-07 00:00:00-05:00,206.08151676587187,207.2062777061225,204.7548835554524,206.00460815429688,24620000,0.0,0.0,206.58525390625,205.88060607910157
2020-12-08 00:00:00-05:00,205.69699327130184,208.5617694437516,204.6587489935617,207.6581115722656,23284100,0.0,0.0,206.5467987060547,206.44779510498046
2020-12-09 00:00:00-05:00,206.84097386421712,206.90825972929352,203.04370112937295,203.6108856201172,32440600,0.0,0.0,205.86040649414062,206.2497589111328
2020-12-10 00:00:00-05:00,203.58205592220745,204.84140328420904,202.2265691271052,202.38038635253903,26733300,0.0,0.0,205.14517517089843,205.92770690917968
2020-12-11 00:00:00-05:00,201.9285556018802,205.07212727508465,201.0248977466188,205.01443481445312,30979400,0.0,0.0,204.93368530273438,205.73832092285156
2020-12-14 00:00:00-05:00,204.8606607801778,207.85041564557133,204.64916573487125,205.91812133789065,28798400,0.0,0.0,204.91638793945313,205.75082092285157
2020-12-15 00:00:00-05:00,206.850597476952,207.0909313980809,204.0338909623543,205.85081481933597,27000600,0.0,0.0,204.5549285888672,205.55086364746094
2020-12-16 00:00:00-05:00,206.44686205659363,211.59962250655173,206.418023156238,210.8017120361328,35023300,0.0,0.0,205.99309387207032,205.92675018310547
2020-12-17 00:00:00-05:00,211.3688774317272,212.34944396119255,209.49427573482183,210.936279296875,32515800,0.0,0.0,207.7042724609375,206.42472381591796
2020-12-18 00:00:00-05:00,210.1383819580078,211.19585717009116,207.6677566626054,210.1383819580078,63354900,0.0,0.0,208.72906188964845,206.8313735961914
2020-12-21 00:00:00-05:00,209.1386081094544,215.33922114159796,208.87904333384435,213.98373413085935,37181900,0.0,0.0,210.3421844482422,207.62928619384766
2020-12-22 00:00:00-05:00,214.07985500164784,216.9061843808769,213.27233651295927,215.28152465820312,22612200,0.0,0.0,212.22832641601562,208.3916275024414
2020-12-23 00:00:00-05:00,214.48361441637115,214.91621255931088,212.262931236304,212.47442626953125,18699600,0.0,0.0,212.5628692626953,209.27798156738282
2020-12-24 00:00:00-05:00,212.85893405514415,214.9642614379952,212.64743904242195,214.13751220703125,10550600,0.0,0.0,213.20311584472657,210.45369415283204
2020-12-28 00:00:00-05:00,215.77174869458827,217.2906605353665,214.3970459791994,216.2620391845703,17933500,0.0,0.0,214.42784729003907,211.57845458984374
2020-12-29 00:00:00-05:00,217.5598563272588,218.39621360154015,214.93541425812904,215.48336791992188,17403200,0.0,0.0,214.72777404785157,212.53497924804688
2020-12-30 00:00:00-05:00,216.52163131999487,216.90617439367813,212.90701444028235,213.10888671875,20272300,0.0,0.0,214.29324645996093,213.2607864379883
2020-12-31 00:00:00-05:00,213.12810390410456,214.37784314318708,211.18620184549383,213.8202667236328,20942100,0.0,0.0,214.56241455078126,213.5626419067383
2021-01-04 00:00:00-05:00,213.9260239305633,214.377852865714,206.50451143811924,209.27316284179688,37130100,0.0,0.0,213.58954467773438,213.39633026123047
2021-01-05 00:00:00-05:00,208.8597823790593,210.07107471127767,207.3601010809016,209.47503662109372,23823000,0.0,0.0,212.23214416503907,213.32999572753906
2021-01-06 00:00:00-05:00,203.96656368510168,208.1195403388213,203.745460613917,204.04347229003903,35930700,0.0,0.0,209.9441650390625,212.33596954345703
2021-01-07 00:00:00-05:00,205.76426870218955,210.8593503984707,205.44704085761092,209.84994506835935,27694500,0.0,0.0,209.29237670898436,211.79281158447264
2021-01-08 00:00:00-05:00,210.22488214133165,212.05142875790764,208.638684116638,211.1285400390625,22956200,0.0,0.0,208.7540313720703,211.6582229614258
2021-01-11 00:00:00-05:00,210.0230222852734,210.4460123619004,208.3502928010175,209.08091735839844,23031300,0.0,0.0,208.71558227539063,211.1525634765625
2021-01-12 00:00:00-05:00,208.1291617526828,208.70596899227263,205.072121521782,206.61985778808597,23249300,0.0,0.0,208.14454650878906,210.18834533691407
2021-01-13 00:00:00-05:00,205.74506591051468,208.37911628016133,205.65853455119367,207.9753570556641,20087100,0.0,0.0,208.93092346191406,209.4375442504883
2021-01-14 00:00:00-05:00,207.5619967995437,209.0520700847617,204.5145643571503,204.7837371826172,29480800,0.0,0.0,207.9176818847656,208.605029296875
2021-01-15 00:00:00-05:00,205.26439629941865,206.21610922436776,203.8320008708064,204.4280242919922,31746500,0.0,0.0,206.57757873535155,207.66580505371093
2021-01-19 00:00:00-05:00,205.4854771494631,208.5905869191197,204.4087860099995,208.07147216796875,30480900,0.0,0.0,206.3756896972656,207.54563598632814
2021-01-20 00:00:00-05:00,209.28277771906545,217.05997996557417,208.88862656387892,215.66604614257807,37777300,0.0,0.0,208.18492736816407,208.16473693847655
2021-01-21 00:00:00-05:00,216.01211800602644,217.55026091629355,213.82027389362747,216.2716827392578,30709400,0.0,0.0,209.8441925048828,209.38755798339844
2021-01-22 00:00:00-05:00,218.30010489062968,221.17450381399632,217.06959641111916,217.2137908935547,30172700,0.0,0.0,212.3302032470703,210.12394256591796
2021-01-25 00:00:00-05:00,220.2612290947195,220.89571417206457,215.55069007064063,220.65538024902344,33152100,0.0,0.0,215.57567443847657,211.07662658691407
2021-01-26 00:00:00-05:00,222.8953084733589,225.12559979449424,221.1841320050196,223.34713745117188,49169600,0.0,0.0,218.63080749511718,212.5032485961914
2021-01-27 00:00:00-05:00,228.79788295270225,231.1435442677996,221.2417842146544,223.8950653076172,69870600,0.0,0.0,220.276611328125,214.23076934814452
2021-01-28 00:00:00-05:00,226.5002982458668,233.2584868459005,226.0003995892036,229.69192504882807,49111200,0.0,0.0,222.96065979003907,216.40242614746094
2021-01-29 00:00:00-05:00,226.8656060692636,228.8171162716666,222.40500922536845,222.99142456054688,42503100,0.0,0.0,224.1161865234375,218.22319488525392
2021-02-01 00:00:00-05:00,225.97153697036592,233.12387596555695,223.44321972463564,230.38406372070312,33314200,0.0,0.0,226.06192321777343,220.818798828125
2021-02-02 00:00:00-05:00,231.9703108623903,232.9412546533433,229.46122406057864,230.24951171875,25916300,0.0,0.0,227.44239807128906,223.03660278320314
2021-02-03 00:00:00-05:00,230.307164078084,235.61372573695,230.00913773665357,233.6045379638672,27158100,0.0,0.0,229.38429260253906,224.83045196533203
2021-02-04 00:00:00-05:00,233.2777089960579,233.83528542530067,231.0762421746668,232.65283203125,25296100,0.0,0.0,229.97647399902343,226.46856689453125
2021-02-05 00:00:00-05:00,232.8643338915451,233.8737392729773,231.1243186859083,232.8354949951172,18054800,0.0,0.0,231.9452880859375,228.0307373046875
2021-02-08 00:00:00-05:00,233.7487634737288,234.258270207897,231.4992415150819,233.09506225585935,22211900,0.0,0.0,232.48748779296875,229.2747055053711
2021-02-09 00:00:00-05:00,232.518256262877,235.29651579174603,232.04721116764924,234.3448028564453,23565000,0.0,0.0,233.30654602050782,230.37447204589844
2021-02-10 00:00:00-05:00,235.5272385275049,236.4116655813092,231.5761483474949,233.43153381347656,22186700,0.0,0.0,233.27194519042968,231.32811889648437
2021-02-11 00:00:00-05:00,235.31572239258884,235.67141186361135,232.7874051200119,235.0369415283203,15751100,0.0,0.0,233.74876708984374,231.86262054443358
2021-02-12 00:00:00-05:00,234.4986261859304,235.81566615917376,233.34502620134745,235.5176544189453,16561100,0.0,0.0,234.2851989746094,233.11524353027343
2021-02-16 00:00:00-05:00,235.5560591780429,236.6135341978641,233.5276404900709,234.2774810791016,26728500,0.0,0.0,234.5216827392578,233.50458526611328
2021-02-17 00:00:00-05:00,232.5238602901919,235.4048649745353,232.157706636956,235.2988739013672,21653500,0.56,0.0,234.71249694824218,234.009521484375
2021-02-18 00:00:00-05:00,232.98633869109636,235.0386897154469,232.08059954957508,234.9037933349609,16925600,0.0,0.0,235.00694885253907,234.1394470214844
2021-02-19 00:00:00-05:00,234.8652670367225,234.97125810430992,231.4253871453351,232.1865997314453,25262600,0.0,0.0,234.43688049316407,234.09282379150392
2021-02-22 00:00:00-05:00,228.76600020057143,229.2574053237831,223.92897590919952,225.96206665039065,36446900,0.0,0.0,232.52576293945313,233.40548095703124
2021-02-23 00:00:00-05:00,221.9344340967485,226.2704083315245,220.3927484877867,224.76727294921875,30228700,0.0,0.0,230.62372131347655,232.57270202636718
2021-02-24 00:00:00-05:00,221.62607102742007,226.62689654449295,220.65289108022145,226.00059509277344,26339700,0.0,0.0,228.76406555175782,231.73828125
2021-02-25 00:00:00-05:00,223.6206609287914,226.0391658672517,219.57375431876596,220.64329528808597,39542200,0.0,0.0,225.9119659423828,230.45945739746094
2021-02-26 00:00:00-05:00,223.09067530726543,226.79070286617392,221.17320598719547,223.90969848632807,37819200,0.0,0.0,224.25658569335937,229.34673309326172
2021-03-01 00:00:00-05:00,227.30139726551224,228.8141775442121,224.65163525341808,228.30349731445312,25324000,0.0,0.0,224.72487182617186,228.6253173828125
2021-03-02 00:00:00-05:00,228.37092841618,228.65036608626744,224.94069354651947,225.3453826904297,22812500,0.0,0.0,224.84049377441406,227.73210754394532
2021-03-03 00:00:00-05:00,223.6976844984276,225.06592320179783,218.97628251373823,219.26535034179688,34029500,0.0,0.0,223.49344482421876,226.12875518798828
2021-03-04 00:00:00-05:00,218.4752668550213,224.01567769555223,216.08565298488423,218.4656219482422,44727800,0.0,0.0,223.05791015625,224.4849380493164
2021-03-05 00:00:00-05:00,221.15395671882015,224.7672685097658,218.20549664982508,223.15814208984372,41872800,0.0,0.0,222.90759887695313,223.58209228515625
2021-03-08 00:00:00-05:00,222.93653271094007,224.86363248546377,218.8510905986167,219.1016082763672,35267400,0.0,0.0,221.06722106933594,222.89604644775392
2021-03-09 00:00:00-05:00,224.3914780689188,226.80035252533503,223.22557636286808,225.2586669921875,33080500,0.0,0.0,221.0498779296875,222.94518585205077
2021-03-10 00:00:00-05:00,228.36131758416903,228.36131758416903,223.5821037934305,223.94825744628903,29746800,0.0,0.0,221.98645935058593,222.73995208740234
2021-03-11 00:00:00-05:00,226.39567093202945,230.45220741847595,225.7693547309097,228.486572265625,29907600,0.0,0.0,223.9906494140625,223.52427978515624
2021-03-12 00:00:00-05:00,225.48030873585375,227.22434641996816,224.7287409836298,227.15689086914065,22653700,0.0,0.0,224.79039916992187,223.8489990234375
2021-03-15 00:00:00-04:00,226.3956399067722,226.6172522170555,223.3604495848346,226.2510986328125,26034900,0.0,0.0,226.22029724121094,223.64375915527344
2021-03-16 00:00:00-04:00,227.6675415798213,231.30975858381365,227.33993818218457,229.04542541503903,28092200,0.0,0.0,226.97764892578124,224.01376342773438
2021-03-17 00:00:00-04:00,227.54231296573224,229.85484164853725,224.7287488988673,228.39987182617188,29562100,0.0,0.0,227.86797180175782,224.92721557617188
2021-03-18 00:00:00-04:00,224.0831392862076,225.65373016609632,221.93442734749215,222.31021118164065,34833000,0.0,0.0,226.63269958496093,225.31167449951172
2021-03-19 00:00:00-04:00,222.59928144301023,223.99642572837092,220.99015502303172,221.9537048339844,46430700,0.0,0.0,225.5920623779297,225.19123077392578
2021-03-22 00:00:00-04:00,221.87657186044143,228.26489574959223,221.75130570684627,227.38807678222656,30127000,0.0,0.0,225.8194580078125,226.0198776245117
2021-03-23 00:00:00-04:00,228.8334348081925,232.26366955659853,228.42874567858755,228.92015075683597,31638400,0.0,0.0,225.79440307617188,226.38602600097656
2021-03-24 00:00:00-04:00,229.18034024396192,229.3248668420224,226.74256027264792,226.87745666503903,25620100,0.0,0.0,225.48992004394532,226.67894592285157
2021-03-25 00:00:00-04:00,226.72325318085583,228.3034741413882,223.12921682416132,223.8711395263672,34061900,0.0,0.0,225.80210571289064,226.21740264892577
2021-03-26 00:00:00-04:00,223.10999627964145,228.08191760412024,223.10999627964145,227.86029052734372,25479900,0.0,0.0,226.9834228515625,226.2877426147461
2021-03-29 00:00:00-04:00,227.96624975182988,228.16860168438848,223.42793830588067,226.66546630859372,25227500,0.0,0.0,226.83890075683593,226.3291793823242
2021-03-30 00:00:00-04:00,225.0178046093241,225.3261476313384,222.6763854341465,223.3990478515625,24792000,0.0,0.0,225.73468017578125,225.76454162597656
2021-03-31 00:00:00-04:00,224.42037928624904,230.38475468378888,223.91932929173933,227.17613220214844,43623500,0.0,0.0,225.79441528320314,225.6421676635742
2021-04-01 00:00:00-04:00,229.7777335288069,233.98844166156687,229.3730443567832,233.5163116455078,30338000,0.0,0.0,227.72344970703125,226.76277770996094
2021-04-05 00:00:00-04:00,233.91135174004893,240.84892228709435,233.85354110259084,239.99136352539065,36910600,0.0,0.0,230.14966430664063,228.56654357910156
2021-04-06 00:00:00-04:00,238.58456726121224,240.30931493909185,237.88118002189185,238.8254547119141,22931900,0.0,0.0,232.5816619873047,229.7102813720703
2021-04-07 00:00:00-04:00,238.7772460799706,241.78351640483447,238.17984997761985,240.7910614013672,22719800,0.0,0.0,236.06006469726563,230.89737243652343
2021-04-08 00:00:00-04:00,243.5564669257725,244.87652533779865,242.8145295243861,244.0189666748047,23625200,0.0,0.0,239.4286315917969,232.6115234375
2021-04-09 00:00:00-04:00,243.6528267842257,246.6591120785743,243.2385074384209,246.5242156982422,24326800,0.0,0.0,242.03021240234375,234.8768310546875
2021-04-12 00:00:00-04:00,245.42578962524595,248.277903660416,245.3390589644621,246.58204650878903,27148700,0.0,0.0,243.34834899902344,236.74900665283204
2021-04-13 00:00:00-04:00,247.88281528674037,249.74245922592584,247.46846655097832,249.0679626464844,23837500,0.0,0.0,245.3968505859375,238.9892562866211
2021-04-14 00:00:00-04:00,248.0948048163931,249.39557347884997,245.8593622976913,246.273681640625,23070900,0.0,0.0,246.49337463378907,241.27671966552734
2021-04-15 00:00:00-04:00,248.52838799920875,250.45548756154315,248.33569568609872,250.04116821289065,25627500,0.0,0.0,247.69781494140625,243.56322326660157
2021-04-16 00:00:00-04:00,250.012264271122,251.48649426821012,248.2104308752593,251.2359619140625,24878600,0.0,0.0,248.64016418457032,245.33518829345704
2021-04-19 00:00:00-04:00,250.7059967060625,251.94898404216053,248.4223886409264,249.308837890625,23209300,0.0,0.0,249.1855224609375,246.26693572998047
2021-04-20 00:00:00-04:00,248.4224102579436,250.71566342921685,247.47812089177063,248.84637451171875,19722900,0.0,0.0,249.14120483398438,247.26902770996094
2021-04-21 00:00:00-04:00,249.50164142213325,251.17820902637308,247.873239556208,251.08184814453125,24030400,0.0,0.0,250.10283813476562,248.29810638427733
2021-04-22 00:00:00-04:00,250.7252668068392,252.2380469389633,246.32185218965756,247.7960968017578,25606200,0.0,0.0,249.65382385253906,248.67581939697266
2021-04-23 00:00:00-04:00,248.48016965517937,251.97785932499409,247.89238912242615,251.63096618652344,21462600,0.0,0.0,249.73282470703126,249.18649444580078
2021-04-26 00:00:00-04:00,252.1224089521308,252.87397651486,250.68672936049217,252.0164031982422,19763300,0.0,0.0,250.2743377685547,249.72993011474608
2021-04-27 00:00:00-04:00,252.0453592772576,253.596689841561,250.63858471602703,252.4211578369141,31014200,0.0,0.0,250.98929443359376,250.06524963378905
2021-04-28 00:00:00-04:00,246.74583520127024,247.18908930860349,243.72993413735392,245.28125,46903100,0.0,0.0,249.8291748046875,249.96600646972655
2021-04-29 00:00:00-04:00,246.1484222060443,246.765093449427,239.92388443782957,243.30593872070312,40589000,0.0,0.0,248.93114318847657,249.2924835205078
2021-04-30 00:00:00-04:00,240.63692696496827,243.8551796963924,240.50203058408832,242.98797607421875,30945100,0.0,0.0,247.20254516601562,248.46768493652343
2021-05-03 00:00:00-04:00,244.16353258039425,245.07891672423915,241.96664004037493,242.6796722412109,19626600,0.0,0.0,245.33519897460937,247.80476837158204
2021-05-04 00:00:00-04:00,241.822060668799,242.0533178814,236.8019604436024,238.75796508789065,32756100,0.0,0.0,242.6025604248047,246.79592742919922
2021-05-05 00:00:00-04:00,239.9817203126705,240.40568459382968,236.85982824705025,237.4861297607422,21901300,0.0,0.0,241.0435363769531,245.4363555908203
2021-05-06 00:00:00-04:00,237.4668315740508,240.75253973117884,235.77098931679225,240.6272735595703,26491100,0.0,0.0,240.50780334472657,244.71947326660157
2021-05-07 00:00:00-04:00,242.9590692028245,245.03071003481767,242.0147945427054,243.25778198242188,27032900,0.0,0.0,240.5617645263672,243.8821548461914
2021-05-10 00:00:00-04:00,241.7257280837489,242.55438148087032,238.11241641652208,238.17022705078125,29299900,0.0,0.0,239.65987548828124,242.4975372314453
2021-05-11 00:00:00-04:00,235.6361109168277,237.6113909841177,233.7282863940429,237.2548675537109,33641600,0.0,0.0,239.3592559814453,240.980908203125
2021-05-12 00:00:00-04:00,233.34285752909457,235.47230909481863,229.39231209908556,230.2884063720703,36684400,0.0,0.0,237.91971130371093,239.48162384033202
2021-05-13 00:00:00-04:00,232.9863314597455,236.64782343406685,232.62017785153265,234.17149353027344,29624300,0.0,0.0,236.62855529785156,238.56817932128905
2021-05-14 00:00:00-04:00,236.6285734518454,240.09734408331312,236.54185749414455,239.1048889160156,23901100,0.0,0.0,235.7979766845703,238.17987060546875
2021-05-17 00:00:00-04:00,237.5632221163097,237.60175764175744,234.6436672020592,236.2431488037109,24970200,0.0,0.0,235.41256103515624,237.53621826171874
2021-05-18 00:00:00-04:00,237.29339145802265,237.4282878294661,234.04621893400108,234.21966552734372,20168000,0.0,0.0,234.80552062988278,237.08238830566407
2021-05-19 00:00:00-04:00,231.1195341620732,234.90536910405467,230.4338423981237,234.79913330078125,25739800,0.56,0.0,235.70766601562497,236.81368865966797
2021-05-20 00:00:00-04:00,235.6104322512315,239.46386436275736,235.51384887433105,238.04417419433597,21800700,0.0,0.0,236.4822021484375,236.55537872314454
2021-05-21 00:00:00-04:00,239.0968753298311,239.83085887580376,236.36373086578163,236.7790069580078,21863100,0.0,0.0,236.01702575683595,235.90750122070312
2021-05-24 00:00:00-04:00,239.3092890013529,242.56395952418904,239.03887328397,242.19696044921875,21411500,0.0,0.0,237.2077880859375,236.31017456054687
2021-05-25 00:00:00-04:00,243.1531043051673,244.09955940034632,242.23562127253584,243.1048126220703,17704300,0.0,0.0,238.9848175048828,236.89516906738282
2021-05-26 00:00:00-04:00,242.8247163124464,244.28304548417623,242.16799661550857,242.88267517089844,17771600,0.0,0.0,240.60152587890624,238.15459594726562
2021-05-27 00:00:00-04:00,242.5736395787644,242.87302739019412,240.71935384710488,240.7772979736328,24426200,0.0,0.0,241.1481506347656,238.81517639160157
2021-05-28 00:00:00-04:00,242.4094733566428,243.4525119028188,241.0187552950748,241.1346435546875,18270200,0.0,0.0,242.01927795410157,239.01815185546874
2021-06-01 00:00:00-04:00,242.6315664633061,242.6895105857164,238.50771922855196,238.93264770507807,23213300,0.0,0.0,241.36641540527344,239.28710174560547
2021-06-02 00:00:00-04:00,239.6376848701333,240.73866745632935,237.42605251919264,238.83609008789065,19406700,0.0,0.0,240.5126708984375,239.74874420166014
2021-06-03 00:00:00-04:00,236.8272869148477,237.9089499261885,234.6832657769733,237.30052185058597,25307700,0.0,0.0,239.396240234375,239.99888305664064
2021-06-04 00:00:00-04:00,239.2803081623008,243.03717074440968,239.03886451374223,242.20660400390625,25281100,0.0,0.0,239.68210144042968,240.41512603759764
2021-06-07 00:00:00-04:00,241.42435686469864,245.39369149557496,241.2601769330751,245.12327575683597,23079200,0.0,0.0,240.47982788085938,241.24955291748046
2021-06-08 00:00:00-04:00,246.42708853723312,247.24800296865635,243.8677766099774,243.9257354736328,22455000,0.0,0.0,241.47844543457032,241.42243041992188
2021-06-09 00:00:00-04:00,245.12329927133203,246.78443310382477,244.54384323411264,244.91082763671875,17937600,0.0,0.0,242.69339294433593,241.60303192138673
2021-06-10 00:00:00-04:00,245.58683497315403,248.6483389164334,244.98805939193187,248.4358673095703,24563600,0.0,0.0,244.92046203613282,242.1583511352539
2021-06-11 00:00:00-04:00,249.16021356263963,249.64310092841745,247.827439717396,249.06365966796875,18999700,0.0,0.0,246.2918731689453,242.9869873046875
2021-06-14 00:00:00-04:00,249.0732969857195,251.05315286618904,248.0109388880415,250.9952087402344,19150500,0.0,0.0,247.466259765625,243.9730438232422
2021-06-15 00:00:00-04:00,250.87932421133056,251.09179585898025,248.8608582952137,249.517578125,18038900,0.0,0.0,248.58462829589843,245.0315368652344
2021-06-16 00:00:00-04:00,250.5219449324532,251.661551976009,245.7123911746522,248.5710906982422,27220000,0.0,0.0,249.31668090820312,246.00503692626953
2021-06-17 00:00:00-04:00,247.30594774837823,252.79154126464425,247.2480036211231,251.9706268310547,27565500,0.0,0.0,250.0236328125,247.4720474243164
2021-06-18 00:00:00-04:00,250.74407003411417,253.32267177206157,249.89418365035087,250.5509033203125,37202200,0.0,0.0,250.32108154296876,248.30647735595704
2021-06-21 00:00:00-04:00,250.92765424419585,254.50100387051003,249.0926877362926,253.6414794921875,26696100,0.0,0.0,250.85033569335937,249.15829772949218
2021-06-22 00:00:00-04:00,253.72833188091008,256.69326730119366,253.41927690151596,256.4228515625,24694100,0.0,0.0,252.23139038085938,250.40800933837892
2021-06-23 00:00:00-04:00,256.8864295914861,257.6976768866212,255.37982326150552,256.1910705566406,19518700,0.0,0.0,253.75538635253906,251.5360336303711
2021-06-24 00:00:00-04:00,257.05057958881,258.6827410747314,256.3841927348846,257.5624389648437,21446900,0.0,0.0,254.87374877929688,252.44869079589844
2021-06-25 00:00:00-04:00,257.1182241550708,258.1033037968489,255.6985340834192,255.9496154785156,25611100,0.0,0.0,255.9534912109375,253.1372863769531
2021-06-28 00:00:00-04:00,257.0795406829496,259.69678157154965,256.8091249764496,259.52294921875,19590000,0.0,0.0,257.12978515625,253.99006042480468
2021-06-29 00:00:00-04:00,259.66788832997133,262.35274132840755,258.8083640092798,262.1112976074219,19937800,0.0,0.0,258.26747436523436,255.2494323730469
2021-06-30 00:00:00-04:00,261.4255829956221,262.07263560674545,260.3728920002913,261.6283874511719,21656500,0.0,0.0,259.3549377441406,256.55516204833987
2021-07-01 00:00:00-04:00,260.38259204053463,262.5362809706454,260.37295433193987,262.30450439453125,16725300,0.0,0.0,260.3033508300781,257.5885498046875
2021-07-02 00:00:00-04:00,263.4826600464124,268.48536590593466,263.17360506966617,268.1473388671875,26458000,0.0,0.0,262.7428955078125,259.348193359375
2021-07-06 00:00:00-04:00,268.51434487101903,269.80847946217114,264.911994546403,268.1570129394531,31565600,0.0,0.0,264.46970825195314,260.79974670410155
2021-07-07 00:00:00-04:00,269.8374143282879,271.08327180082625,267.66442150258445,270.3492736816406,23260000,0.0,0.0,266.1173034667969,262.1923889160156
2021-07-08 00:00:00-04:00,267.4230406840095,269.1904251024168,265.46251898624683,267.9252624511719,24618600,0.0,0.0,267.3766784667969,263.3658081054688
2021-07-09 00:00:00-04:00,266.283347584945,268.53358921248014,265.8970436777281,268.4273681640625,23916700,0.0,0.0,268.60125122070315,264.4523010253906
2021-07-12 00:00:00-04:00,269.6056656896285,270.1947741027663,267.1139504873323,267.8286437988281,18931700,0.0,0.0,268.5375122070312,265.64020385742185
2021-07-13 00:00:00-04:00,268.0217712803497,273.16936668942884,267.8962453327776,271.3633728027344,26120100,0.0,0.0,269.1787841796875,266.8242462158203
2021-07-14 00:00:00-04:00,272.68644543825303,273.95160771933604,270.94803359403,272.8409729003906,23113700,0.0,0.0,269.6771240234375,267.8972137451172
2021-07-15 00:00:00-04:00,272.3484848336769,272.8410393972171,270.25274061696695,271.41168212890625,22604200,0.0,0.0,270.37440795898436,268.87554321289065
2021-07-16 00:00:00-04:00,272.4161262963488,274.3766481153408,269.89543854443895,271.14129638671875,26186800,0.0,0.0,270.9171936035156,269.75922241210935
2021-07-19 00:00:00-04:00,269.3835680560332,270.77428617836256,265.05691565154973,267.529296875,32935600,0.0,0.0,270.85732421875,269.6974182128906
2021-07-20 00:00:00-04:00,268.51439602462887,271.3537766070522,266.8049850507663,269.76025390625,26259700,0.0,0.0,270.5367004394531,269.8577423095703
2021-07-21 00:00:00-04:00,269.3545150504272,271.8848396458678,267.7996321780763,271.7689514160156,24364300,0.0,0.0,270.3222961425781,269.9997100830078
2021-07-22 00:00:00-04:00,274.1254718714831,276.61718696207936,273.7198630252672,276.3467712402344,23384100,0.0,0.0,271.30931396484374,270.84186096191405
2021-07-23 00:00:00-04:00,277.53474241361965,280.06506806462244,276.6945229235811,279.75604248046875,22768100,0.0,0.0,273.0322631835937,271.9747283935547
2021-07-26 00:00:00-04:00,279.108949606138,279.7753366533579,276.8297349605999,279.1572265625,23176100,0.0,0.0,275.35784912109375,273.1075866699219
2021-07-27 00:00:00-04:00,279.52419766900096,279.66905799664846,273.2659957297597,276.7331237792969,33604100,0.0,0.0,276.75242309570314,273.6445617675781
2021-07-28 00:00:00-04:00,279.099165488324,280.219467453785,274.1157654929005,276.4239807128906,33566900,0.0,0.0,277.6834289550781,274.00286254882815
2021-07-29 00:00:00-04:00,276.443316658676,278.74186496050413,276.2887891833402,276.6944274902344,18168300,0.0,0.0,277.7529602050781,274.53113708496096
2021-07-30 00:00:00-04:00,275.409954820777,276.8489495390509,274.193069397049,275.1588439941406,20944800,0.0,0.0,276.8335205078125,274.9328918457031
2021-08-02 00:00:00-04:00,276.55920160196104,276.95517272658464,274.02887685382683,275.0719299316406,16267400,0.0,0.0,276.01646118164064,275.68715515136716
2021-08-03 00:00:00-04:00,275.6514440057943,277.399493957448,274.2800308832114,277.2932434082031,17879000,0.0,0.0,276.12848510742185,276.4404541015625
2021-08-04 00:00:00-04:00,276.424079637782,277.7471864708533,274.9078060448436,276.70416259765625,16191300,0.0,0.0,276.184521484375,276.93397521972656
2021-08-05 00:00:00-04:00,277.0614540709244,279.71733452870075,276.30815097455206,279.611083984375,13900200,0.0,0.0,276.7678527832031,277.2604064941406
2021-08-06 00:00:00-04:00,278.6357236746368,279.591831386844,277.77616987319374,279.5531921386719,16589300,0.0,0.0,277.6467224121094,277.24012145996096
2021-08-09 00:00:00-04:00,279.8332049639728,281.5715875455172,277.9595997842777,278.4617919921875,16117600,0.0,0.0,278.32469482421874,277.1705780029297
2021-08-10 00:00:00-04:00,278.91575002193525,279.3503604705102,275.43898432576697,276.63653564453125,18616600,0.0,0.0,278.1933532714844,277.1609191894531
2021-08-11 00:00:00-04:00,277.3801707605832,278.78055600328867,276.0763688920484,277.12908935546875,13955900,0.0,0.0,278.27833862304686,277.23143005371094
2021-08-12 00:00:00-04:00,276.82001772470846,280.0457018111786,276.5399347983644,279.89117431640625,14561300,0.0,0.0,278.3343566894531,277.5511047363281
2021-08-13 00:00:00-04:00,279.5724318322928,282.8753643413786,279.3985700109456,282.8270874023437,18249000,0.0,0.0,278.9891357421875,278.31792907714845
2021-08-16 00:00:00-04:00,283.1554661488876,284.7296835116026,280.09394760339165,284.5172119140625,22507600,0.0,0.0,280.2002197265625,279.2624572753906
2021-08-17 00:00:00-04:00,282.3828370065338,283.38722132567307,281.1176452209921,283.0491943359375,20075300,0.0,0.0,281.4827514648438,279.8380523681641
2021-08-18 00:00:00-04:00,282.58478416986804,285.2747764039946,280.87207162165635,281.31719970703125,21813000,0.56,0.0,282.32037353515625,280.2993560791016
2021-08-19 00:00:00-04:00,279.34329542686044,287.83903054796286,279.2949260524418,287.16168212890625,29850500,0.0,0.0,283.77447509765625,281.0544158935547
2021-08-20 00:00:00-04:00,290.01619207467786,295.93804471105017,288.40993310312365,294.5059509277344,40817600,0.0,0.0,286.11024780273436,282.54969177246096
2021-08-23 00:00:00-04:00,293.4318623806957,295.5122472550652,292.0771952203758,294.7865295410156,22830200,0.0,0.0,288.164111328125,284.1821655273437
2021-08-24 00:00:00-04:00,295.1445872496961,295.7541949403405,292.2223741389388,292.8222961425781,18175800,0.0,0.0,290.1187316894531,285.8007415771484
2021-08-25 00:00:00-04:00,294.4478620221924,294.7284811462343,290.693507101477,292.2320251464844,20006100,0.0,0.0,292.30169677734375,287.31103515625
2021-08-26 00:00:00-04:00,291.24500350131405,292.63838377872025,289.2710727162614,289.4065246582031,17666100,0.0,0.0,292.75066528320315,288.2625701904297
2021-08-27 00:00:00-04:00,289.30982883345143,291.1289662916191,287.2197578940376,290.0162048339844,22605700,0.0,0.0,291.85271606445315,288.9814819335937
2021-08-30 00:00:00-04:00,291.3708023601306,294.37044130921845,291.31274730875384,293.7608337402344,16348100,0.0,0.0,291.6475769042969,289.9058441162109
2021-08-31 00:00:00-04:00,294.5639424758335,294.64133935853647,291.7384690200288,292.1061706542969,26285300,0.0,0.0,291.5043518066406,290.81154174804686
2021-09-01 00:00:00-04:00,293.06416766628405,295.3090616023399,291.72884231587955,292.0578308105469,18983800,0.0,0.0,291.4695129394531,291.88560485839844
2021-09-02 00:00:00-04:00,292.41589443055443,293.538311938404,290.4612756544539,291.3998718261719,16285600,0.0,0.0,291.86818237304686,292.309423828125
2021-09-03 00:00:00-04:00,291.24496957921906,292.8028586720251,290.53862336734346,291.39013671875,14747900,0.0,0.0,292.14296875,291.9978424072266
2021-09-07 00:00:00-04:00,291.264417395407,291.341814297884,288.5453971793564,290.4612731933594,17180400,0.0,0.0,291.483056640625,291.56531677246096
2021-09-08 00:00:00-04:00,290.0741938428301,290.87730841628627,287.83898574917305,290.4902648925781,15046800,0.0,0.0,291.1598754882813,291.3321136474609
2021-09-09 00:00:00-04:00,291.08055265822435,292.3578229597053,287.38422323857367,287.6261291503906,19927000,0.0,0.0,290.27353515625,290.87152404785155
2021-09-10 00:00:00-04:00,288.7582677272122,290.20970322785337,285.81668351097755,286.135986328125,19633400,0.0,0.0,289.22075805664065,290.5444702148437
2021-09-13 00:00:00-04:00,287.9163785501458,288.8743459549039,284.5587236147856,287.37451171875,23652900,0.0,0.0,288.4176330566406,290.2803009033203
2021-09-14 00:00:00-04:00,289.86138974773536,291.6321578784851,288.4486672359254,290.0839538574219,21853400,0.0,0.0,288.3421691894531,289.91261291503906
2021-09-15 00:00:00-04:00,293.4415592642238,295.4348616325164,292.0481788377142,294.9510498046875,28356300,0.0,0.0,289.234326171875,290.1971008300781
2021-09-16 00:00:00-04:00,293.9254426701784,295.42524788987544,291.0225709962839,295.3381652832031,19550800,0.0,0.0,290.7767333984375,290.52513427734374
2021-09-17 00:00:00-04:00,294.32208461521674,294.641387411537,289.83229691858133,290.1612854003906,41372500,0.0,0.0,291.5817932128906,290.4012756347656
2021-09-20 00:00:00-04:00,286.73588112231,289.0485156418267,280.14636693580707,284.7716064453125,38278700,0.0,0.0,291.06121215820315,289.7394226074219
2021-09-21 00:00:00-04:00,286.1166313271891,287.90674093489395,284.5490857833115,285.25543212890625,22364100,0.0,0.0,290.0955078125,289.2188385009766
2021-09-22 00:00:00-04:00,287.1229449687735,290.49994168937883,284.9748195189621,288.9130249023437,26626300,0.0,0.0,288.8879028320313,289.0611145019531
2021-09-23 00:00:00-04:00,289.1743236257224,291.1579402272472,287.8970533651699,289.861328125,18604600,0.0,0.0,287.79253540039065,289.2846343994141
2021-09-24 00:00:00-04:00,288.5744387428514,290.0935855729012,287.316510162556,289.6581726074219,14999000,0.0,0.0,287.69191284179686,289.63685302734376
2021-09-27 00:00:00-04:00,286.552124596826,286.87142745592587,283.4557166434828,284.6459045410156,23571700,0.0,0.0,287.6667724609375,289.36399230957034
2021-09-28 00:00:00-04:00,280.4172499523184,281.36553151644847,273.59551678332315,274.340576171875,43186200,0.0,0.0,285.4838012695312,287.78965454101564
2021-09-29 00:00:00-04:00,275.86950665981914,277.4854216078808,273.847176788506,274.8051147460937,26353700,0.0,0.0,282.6622192382812,285.7750610351562
2021-09-30 00:00:00-04:00,276.4596910937672,278.5110481087357,272.5021146772433,272.7924194335937,32343600,0.0,0.0,279.2484375,283.52048645019534
2021-10-01 00:00:00-04:00,272.9859966186394,280.59153434234594,272.1828819315152,279.7400207519531,30086300,0.0,0.0,277.2648071289062,282.4783599853516
2021-10-04 00:00:00-04:00,278.0950532665713,278.43372747696765,271.1765495236149,273.9439392089844,31350700,0.0,0.0,275.1244140625,281.3955932617188
2021-10-05 00:00:00-04:00,274.85345213293385,280.9978674598888,274.85345213293385,279.4109802246094,24993000,0.0,0.0,276.13849487304685,280.81114807128904
2021-10-06 00:00:00-04:00,276.5274794979248,284.1233308910271,276.26623174874106,283.6201477050781,28002600,0.0,0.0,277.90150146484376,280.2818603515625
2021-10-07 00:00:00-04:00,285.62307470902675,287.0358261668495,284.4038892769978,285.30377197265625,20430500,0.0,0.0,280.4037719726563,279.82610473632815
2021-10-08 00:00:00-04:00,286.62941133649093,287.0358261668495,284.24906598588615,285.30377197265625,17685700,0.0,0.0,281.5165222167969,279.3906646728516
2021-10-11 00:00:00-04:00,283.436333832164,288.3228214749395,283.2718248179271,284.70391845703125,19298600,0.0,0.0,283.66851806640625,279.39646606445314
2021-10-12 00:00:00-04:00,285.7779593873109,285.87472765623266,282.8847741825881,283.3976135253906,17974100,0.0,0.0,284.4658447265625,280.3021697998047
2021-10-13 00:00:00-04:00,285.3618551976884,287.6551182103089,283.9878168093257,286.7165222167969,23416300,0.0,0.0,285.0851196289062,281.493310546875
2021-10-14 00:00:00-04:00,289.5226932646757,293.4512433177529,288.1873677681999,292.9480895996094,27262900,0.0,0.0,286.6139831542969,283.5088775634766
2021-10-15 00:00:00-04:00,292.55135765925456,294.5930591035775,290.7902753674663,294.3608093261719,25384800,0.0,0.0,288.425390625,284.97095642089846
2021-10-18 00:00:00-04:00,293.7415336263761,298.231292237954,292.8900200458531,297.3410949707031,22729300,0.0,0.0,290.95282592773435,287.3106719970703
2021-10-19 00:00:00-04:00,298.36672045007583,299.2859450829905,297.2733011398646,298.2506103515625,17682100,0.0,0.0,293.9234252929688,289.19463500976565
2021-10-20 00:00:00-04:00,299.19889456122667,299.6730502203194,296.1992554003437,297.4571838378906,16537100,0.0,0.0,296.0715576171875,290.5783386230469
2021-10-21 00:00:00-04:00,297.2249651602557,300.9502925339426,296.44116284819944,300.69873046875,16918100,0.0,0.0,297.62168579101564,292.1178344726562
2021-10-22 00:00:00-04:00,300.3502952177753,301.0179577211659,297.83446849060283,299.15045166015625,17449300,0.0,0.0,298.5796142578125,293.50250244140625
2021-10-25 00:00:00-04:00,299.3439971387141,299.3827103476736,296.5378948444404,298.1538391113281,17554500,0.0,0.0,298.7421630859375,294.8474945068359
2021-10-26 00:00:00-04:00,300.9308706116033,302.2855374351402,298.6085804098941,300.0696716308594,28107300,0.0,0.0,299.10597534179686,296.5147003173828
2021-10-27 00:00:00-04:00,305.769065317171,315.5420698297333,305.769065317171,312.7069396972656,52588700,0.0,0.0,302.1559265136719,299.1137420654297
2021-10-28 00:00:00-04:00,313.82932247840694,314.3518474461919,310.95547944987885,313.84869384765625,26297900,0.0,0.0,304.7859191894531,301.20380249023435
2021-10-29 00:00:00-04:00,313.6358102058513,321.2510024364737,313.41324616991966,320.88330078125,34766000,0.0,0.0,309.1324890136719,303.8560516357422
2021-11-01 00:00:00-04:00,320.6318303561923,320.757626183613,315.8033967098977,318.7062683105469,27073200,0.0,0.0,313.24297485351565,305.99256896972656
2021-11-02 00:00:00-04:00,319.61580680645034,322.6541596345884,319.3158457985175,322.3445129394531,26487100,0.0,0.0,317.69794311523435,308.40195922851564
2021-11-03 00:00:00-04:00,323.089541540339,324.0571652224182,319.94476457358155,323.1863098144531,21500100,0.0,0.0,319.7938171386719,310.97487182617186
2021-11-04 00:00:00-04:00,322.1122803057055,325.6441010433751,318.84170734665486,325.5473327636719,23992200,0.0,0.0,322.133544921875,313.45973205566406
2021-11-05 00:00:00-04:00,327.5503164014757,327.8212498631309,323.59273891215867,325.1796264648437,22570100,0.0,0.0,322.99281005859376,316.06264953613277
2021-11-08 00:00:00-05:00,326.3794592729646,326.7181334708356,323.61206968994304,326.0794982910156,20897000,0.0,0.0,324.4674560546875,318.85521545410154
2021-11-09 00:00:00-05:00,326.19556799164343,327.7534572970053,323.6991121703383,325.0731506347656,21307400,0.0,0.0,325.01318359375,321.3555633544922
2021-11-10 00:00:00-05:00,323.73780326397525,323.7958583119328,319.238359870115,320.08984375,25500900,0.0,0.0,324.3938903808594,322.09385375976564
2021-11-11 00:00:00-05:00,320.52535587776663,322.96375701109565,319.8093237774825,321.6671447753906,16849800,0.0,0.0,323.61785278320315,322.8756988525391
2021-11-12 00:00:00-05:00,323.1088423630964,326.3116736890881,322.9830465871682,325.81817626953125,23831000,0.0,0.0,323.7455627441406,323.3691864013672
2021-11-15 00:00:00-05:00,326.6116778913146,326.9406663714479,323.21530960920296,325.18927001953125,16723000,0.0,0.0,323.56751708984376,324.0174865722656
2021-11-16 00:00:00-05:00,324.81195906070167,329.64042203603583,324.64747954670213,328.5179748535156,20886800,0.0,0.0,324.25648193359376,324.63483276367185
2021-11-17 00:00:00-05:00,328.5664219326353,331.7169525976184,327.6551891582324,328.74090576171875,19053400,0.62,0.0,325.9866943359375,325.19029235839844
2021-11-18 00:00:00-05:00,327.82958890843764,331.968919377058,326.8020338448508,330.82501220703125,22463500,0.0,0.0,327.8182678222656,325.7180603027344
2021-11-19 00:00:00-05:00,332.1532083396236,334.5379095401843,331.72667256930407,332.6087951660156,21963400,0.0,0.0,329.1763916015625,326.4609771728516
2021-11-22 00:00:00-05:00,334.07245071718984,338.9679066311666,329.15761757937406,329.4290466308594,31031100,0.0,0.0,330.02434692382815,326.7959320068359
2021-11-23 00:00:00-05:00,326.7342172669437,329.06078640134734,323.35104186627217,327.3449401855469,30427600,0.0,0.0,329.78973999023435,327.0231109619141
2021-11-24 00:00:00-05:00,325.98778479533405,327.8102500902584,323.6903259484439,327.5679016113281,21661300,0.0,0.0,329.5551391601563,327.7709167480469
2021-11-26 00:00:00-05:00,324.1168963200216,327.58731389288937,318.07756092876355,319.5898132324219,24217200,0.0,0.0,327.3080993652344,327.56318359375
2021-11-29 00:00:00-05:00,324.6887789094433,328.6535962110915,324.4948883057692,326.3270568847656,28563500,0.0,0.0,326.0517517089844,327.61407165527345
2021-11-30 00:00:00-05:00,325.0571366420449,327.4418371105094,318.92085731132687,320.4718933105469,42885600,0.0,0.0,324.26032104492185,327.142333984375
2021-12-01 00:00:00-05:00,324.8729652307251,328.8959437859032,319.30865400622315,319.9775085449219,33337600,0.0,0.0,322.7868347167969,326.2882873535156
2021-12-02 00:00:00-05:00,320.1907852858541,323.2831541157853,317.76730059678897,319.40557861328125,30766000,0.0,0.0,321.1543701171875,325.35475463867186
2021-12-03 00:00:00-05:00,321.8290387733516,322.5173296727446,308.29630958443755,313.1239013671875,41779300,0.0,0.0,319.86118774414064,323.5846435546875
2021-12-06 00:00:00-05:00,314.0351104815673,317.42798853456475,309.45957089532595,316.20654296875,30032600,0.0,0.0,317.8370849609375,321.9444183349609
2021-12-07 00:00:00-05:00,321.4897621950075,325.5224142210023,319.9968875145801,324.6693725585937,31021900,0.0,0.0,318.67658081054685,321.46845092773435
2021-12-08 00:00:00-05:00,325.04751645227583,325.23170368841147,320.675539821201,324.7179260253906,24761000,0.0,0.0,319.6246643066406,321.20574951171875
2021-12-09 00:00:00-05:00,324.1749632436444,326.19128920048627,321.9550433018123,322.9050598144531,22214200,0.0,0.0,320.324560546875,320.7394653320313
2021-12-10 00:00:00-05:00,324.727537763227,332.5020651973553,324.54335057908673,332.05615234375,38095700,0.0,0.0,324.1110107421875,321.98609924316406
2021-12-13 00:00:00-05:00,330.253091015941,333.26792128473744,328.70205493313443,329.01226806640625,28899400,0.0,0.0,326.6721557617187,322.25462036132814
2021-12-14 00:00:00-05:00,323.0214181808544,324.3979704573752,314.19022487037,318.290771484375,44438700,0.0,0.0,325.396435546875,322.03650817871096
2021-12-15 00:00:00-05:00,318.5525065300073,324.9311347836117,314.5683119105372,324.4076538085937,35381100,0.0,0.0,325.33438110351557,322.4795227050781
2021-12-16 00:00:00-05:00,325.4351997973671,326.453081085924,313.1335895234271,314.9560546875,35034800,0.0,0.0,323.744580078125,322.0345703125
2021-12-17 00:00:00-05:00,311.0591867906164,314.9755472789226,307.5402814374892,313.8898010253906,47750300,0.0,0.0,320.11130981445314,322.1111602783203
2021-12-20 00:00:00-05:00,310.2544436318181,312.9202763221146,307.85036617549423,310.1187438964844,28326500,0.0,0.0,316.3326049804688,321.50238037109375
2021-12-21 00:00:00-05:00,313.3954337685812,317.6995460339769,310.0122281683137,317.27301025390625,24740600,0.0,0.0,316.129052734375,320.762744140625
2021-12-22 00:00:00-05:00,318.2519309785469,323.39940901494424,315.77998894607936,323.0019836425781,24831500,0.0,0.0,315.84791870117186,320.5911499023438
2021-12-23 00:00:00-05:00,322.5658454879959,326.09445376045846,322.5464682585577,324.44647216796875,19617800,0.0,0.0,317.7460021972656,320.7452911376953
2021-12-27 00:00:00-05:00,325.1928799261171,331.99804425764506,325.1637992915189,331.9689636230469,19947000,0.0,0.0,321.36183471679686,320.736572265625
2021-12-28 00:00:00-05:00,332.64753721927053,333.2873407939797,329.9041652817156,330.8056945800781,15661500,0.0,0.0,325.4992248535156,320.91591491699216
2021-12-29 00:00:00-05:00,330.8540927739974,333.762274179864,329.28367954819765,331.4842224121094,15042000,0.0,0.0,328.3414672851562,322.2352600097656
2021-12-30 00:00:00-05:00,331.4454801313024,332.62814190201897,328.4500564559301,328.93475341796875,15994500,0.0,0.0,329.52802124023435,322.68796997070314
2021-12-31 00:00:00-05:00,328.14949449804215,328.973455535573,325.57090352022,326.0265197753906,18000800,0.0,0.0,329.8440307617187,323.7950164794922
2022-01-03 00:00:00-05:00,325.08625041123946,327.6551383305522,319.68671928603504,324.5046081542969,28865100,0.0,0.0,328.3511596679688,324.8564971923828
2022-01-04 00:00:00-05:00,324.5820957134117,324.9407962504497,316.1386844494537,318.94024658203125,32674300,0.0,0.0,325.9780700683594,325.7386474609375
2022-01-05 00:00:00-05:00,315.8866419326383,316.0902359259385,306.3090562672879,306.6968078613281,40054300,0.0,0.0,321.0205871582031,324.6810272216797
2022-01-06 00:00:00-05:00,303.56567778767305,308.9458313978056,301.9564804488897,304.2733459472656,39646100,0.0,0.0,316.0883056640625,322.80816345214845
2022-01-07 00:00:00-05:00,304.53511645338995,306.8131982496803,300.59937921535504,304.4284973144531,32720000,0.0,0.0,311.768701171875,320.8063659667969
2022-01-10 00:00:00-05:00,300.01772629144193,305.08766733673764,295.3646471311674,304.65142822265625,44289500,0.0,0.0,307.7980651855469,318.0746124267578
2022-01-11 00:00:00-05:00,303.78865505675424,306.9197783166064,300.4054799245104,305.3396911621094,29386800,0.0,0.0,305.0779541015625,315.52801208496095
2022-01-12 00:00:00-05:00,309.8861975033797,313.51172164936673,307.375440973336,308.5290222167969,34372200,0.0,0.0,305.44439697265625,313.2324920654297
2022-01-13 00:00:00-05:00,310.6615717943923,311.0590267250478,294.69565783305563,295.4711608886719,45366000,0.0,0.0,303.6839599609375,309.8861328125
2022-01-14 00:00:00-05:00,294.9381181604768,301.3070437036342,294.45342117089507,300.7060241699219,39846400,0.0,0.0,302.93946533203126,307.3540832519531
2022-01-18 00:00:00-05:00,294.7636681033481,300.3182773066438,292.50496330641784,293.3871154785156,42333200,0.0,0.0,300.6866027832031,304.242333984375
2022-01-19 00:00:00-05:00,296.9156921461027,304.30246958333606,293.4355712876698,294.0462646484375,45933900,0.0,0.0,298.42791748046875,301.7529357910156
2022-01-20 00:00:00-05:00,299.6105438916935,302.1115668374072,291.9232582853758,292.3691711425781,35380700,0.0,0.0,295.195947265625,300.32017211914064
2022-01-21 00:00:00-05:00,293.4258322374997,294.80235496311,286.5625070860677,286.9696655273437,57984400,0.0,0.0,293.4956481933594,298.5898040771484
2022-01-24 00:00:00-05:00,283.2568694279383,288.01656677151595,267.6011364861104,287.2992248535156,85731500,0.0,0.0,290.8142883300781,296.8768768310547
2022-01-25 00:00:00-05:00,282.597631504359,285.9614287163641,276.4420053781098,279.6603698730469,72848600,0.0,0.0,288.0689392089844,294.3777709960938
2022-01-26 00:00:00-05:00,298.5636068216338,299.0580071592012,284.06148289400227,287.6288452148437,90428900,0.0,0.0,286.78545532226565,292.6066864013672
2022-01-27 00:00:00-05:00,293.3967840472748,297.8947567081896,288.81153989507334,290.6630859375,53481300,0.0,0.0,286.44423828125,290.8200927734375
2022-01-28 00:00:00-05:00,291.0410572774416,299.0385546450456,285.43796333535903,298.8252868652344,49743700,0.0,0.0,288.81536254882815,291.15550537109374
2022-01-31 00:00:00-05:00,299.49422892037853,302.81924258293594,296.99317632807,301.46209716796875,46444500,0.0,0.0,291.64793701171874,291.2311126708984
2022-02-01 00:00:00-05:00,300.9096139122449,301.1228817889273,295.7912144554258,299.31011962890625,40950400,0.0,0.0,295.5778869628906,291.8234130859375
2022-02-02 00:00:00-05:00,300.15347537244213,305.4754390795192,299.4264298568936,303.8662414550781,36636000,0.0,0.0,298.8253662109375,292.80541076660154
2022-02-03 00:00:00-05:00,300.0177033550017,301.7044688280811,290.77938083421395,292.0299072265625,43730000,0.0,0.0,299.09873046875,292.771484375
2022-02-04 00:00:00-05:00,291.02171760463654,299.34880717402064,290.78907254882864,296.57635498046875,35096500,0.0,0.0,298.64894409179686,293.7321533203125
2022-02-07 00:00:00-05:00,296.7993425518359,298.41821379352973,290.72122388231634,291.7391052246094,28533300,0.0,0.0,296.704345703125,294.1761413574219
2022-02-08 00:00:00-05:00,292.02989517247903,296.20798026867743,290.7696950101349,295.23858642578125,32421200,0.0,0.0,295.8900390625,295.7339630126953
2022-02-09 00:00:00-05:00,300.3861047415936,302.3830539530496,297.98202662954105,301.6850891113281,31284700,0.0,0.0,295.45380859375,297.13958740234375
2022-02-10 00:00:00-05:00,294.7345331364793,299.6590411901458,291.496761022089,293.1253356933594,45386200,0.0,0.0,295.6728942871094,297.3858123779297
2022-02-11 00:00:00-05:00,293.91050210959537,294.97684118279875,285.21503873193984,286.00994873046875,39175600,0.0,0.0,293.5596130371094,296.1042785644531
2022-02-14 00:00:00-05:00,284.7788262970872,287.6773340827328,282.4329097004765,285.97119140625,36359500,0.0,0.0,292.4060302734375,294.55518798828126
2022-02-15 00:00:00-05:00,290.82779936112746,291.5935990469963,287.9292922212691,291.2737121582031,27058300,0.0,0.0,291.61305541992186,293.7515472412109
2022-02-16 00:00:00-05:00,289.836092086114,292.26458771929816,285.2802319066826,290.93377685546875,29982100,0.62,0.0,289.46279296875,292.45830078125
2022-02-17 00:00:00-05:00,287.8835899369958,288.3110075664805,281.70551089308395,282.4146423339844,32461600,0.0,0.0,287.320654296875,291.4967742919922
2022-02-18 00:00:00-05:00,284.6682566433863,285.4550868856492,278.1210416639117,279.6947021484375,34264000,0.0,0.0,286.05760498046874,289.80860900878906
2022-02-22 00:00:00-05:00,276.8485482990099,283.20150223418443,276.3628490914678,279.4907531738281,41736100,0.0,0.0,284.7615173339844,288.5837738037109
2022-02-23 00:00:00-05:00,281.88034465353195,283.35688900587667,272.08866307378963,272.2537841796875,37811200,0.0,0.0,280.95753173828126,286.28529357910156
2022-02-24 00:00:00-05:00,264.7157823888698,286.7179497975743,263.75407783291644,286.16424560546875,56989700,0.0,0.0,280.0036254882813,284.73320922851565
2022-02-25 00:00:00-05:00,286.6984789913166,289.11725102312295,283.3082791147429,288.806396484375,32546700,0.0,0.0,281.2819763183594,284.3013153076172
2022-02-28 00:00:00-05:00,285.892234995096,290.58410544575923,284.61970557723305,290.2441101074219,34627500,0.0,0.0,283.39185791015626,284.7247314453125
2022-03-01 00:00:00-05:00,287.92245631130913,291.3903554307586,283.7940134485525,286.5139465332031,31217800,0.0,0.0,284.79649658203124,284.7790069580078
2022-03-02 00:00:00-05:00,286.91213438734763,292.8473923136002,285.29963959609745,291.60400390625,31873000,0.0,0.0,288.6665405273437,284.8120361328125
2022-03-03 00:00:00-05:00,294.2268235947487,294.4599496832263,285.6396371693534,287.4561767578125,27314500,0.0,0.0,288.9249267578125,284.4642761230469
2022-03-04 00:00:00-05:00,285.872867362706,287.20367853893225,278.9565149189969,281.5695495605469,32356500,0.0,0.0,287.47755737304686,284.3797668457031
2022-03-07 00:00:00-05:00,280.2775558269132,281.40438143444726,270.56357263581685,270.9327087402344,43157200,0.0,0.0,283.6152770996094,283.5035675048828
2022-03-08 00:00:00-05:00,269.85447528805213,275.83829324721574,262.2775792995129,267.96026611328125,48159500,0.0,0.0,279.904541015625,282.35051879882815
2022-03-09 00:00:00-05:00,275.3331699798294,281.3169877923011,272.7492466304852,280.2484436035156,35204500,0.0,0.0,277.6334289550781,283.1499847412109
2022-03-10 00:00:00-05:00,274.9250696824527,278.4026913561717,272.5548560322905,277.42156982421875,30628000,0.0,0.0,275.6265075683594,282.2757171630859
2022-03-11 00:00:00-05:00,279.7238258935915,281.2295109362962,271.43780018093685,272.0595092773437,27209300,0.0,0.0,273.72449951171876,280.6010284423828
2022-03-14 00:00:00-04:00,272.32180325678297,277.23707641662975,267.93109349369803,268.5333557128906,30660700,0.0,0.0,273.24462890625,278.42995300292966
2022-03-15 00:00:00-04:00,272.33154503092817,279.58789220242016,270.7578843795946,278.9370422363281,34245100,0.0,0.0,275.4399841308594,277.67226257324216
2022-03-16 00:00:00-04:00,280.8409290538057,286.1447847528413,275.0999915812556,285.9699401855469,37826300,0.0,0.0,276.58428344726565,277.1088562011719
2022-03-17 00:00:00-04:00,284.9013926296288,287.1550139730886,281.0934985584017,286.77618408203125,30816600,0.0,0.0,278.4552062988281,277.0408569335938
2022-03-18 00:00:00-04:00,286.92197562454123,292.39095402605926,284.3574989513332,291.8372497558594,43390600,0.0,0.0,282.41075439453124,278.067626953125
2022-03-21 00:00:00-04:00,290.3412487591332,291.5554966200923,286.4653494285398,290.603515625,28351200,0.0,0.0,286.8247863769531,280.0347076416016
2022-03-22 00:00:00-04:00,291.22520644527026,296.2764896012802,290.22466735470084,295.3633728027344,27599700,0.0,0.0,290.11005249023435,282.7750183105469
2022-03-23 00:00:00-04:00,291.9149175208854,294.5571221270399,289.20470791785544,290.924072265625,25715400,0.0,0.0,291.10087890625,283.8425811767578
2022-03-24 00:00:00-04:00,290.584124550762,295.49939796385246,289.7875707673661,295.4022521972656,24484500,0.0,0.0,292.8260925292969,285.6406494140625
2022-03-25 00:00:00-04:00,296.49991734768025,296.7621842197346,290.7298090046941,294.9942321777344,22566500,0.0,0.0,293.4574890136719,287.9341217041016
2022-03-28 00:00:00-04:00,295.6256442255647,301.9105926808704,295.6256442255647,301.8134765625,29578200,0.0,0.0,295.69948120117186,291.2621337890625
2022-03-29 00:00:00-04:00,304.9316355003431,306.7870097595386,300.21062447729247,306.38873291015625,30393400,0.0,0.0,297.90455322265626,294.00730285644534
2022-03-30 00:00:00-04:00,304.7859710341233,306.9133358986569,302.6682999951618,304.8830871582031,28163600,0.0,0.0,300.69635620117185,295.89861755371095
2022-03-31 00:00:00-04:00,304.9219344786806,306.1264885845464,299.083850585326,299.4918212890625,33422100,0.0,0.0,301.51427001953124,297.17018127441406
2022-04-01 00:00:00-04:00,300.5214806586192,301.2597528365468,296.8010382958622,300.570068359375,27110500,0.0,0.0,302.6294372558594,298.0434631347656
2022-04-04 00:00:00-04:00,301.2209356635581,306.0973451110636,300.85179951692544,305.9613647460937,24289600,0.0,0.0,303.45901489257807,299.579248046875
2022-04-05 00:00:00-04:00,304.30996906857746,305.86421245270554,301.0072204052596,301.98834228515625,23156700,0.0,0.0,302.5789367675781,300.2417449951172
2022-04-06 00:00:00-04:00,296.4610352881738,298.2192637550214,288.223567428313,290.93377685546875,40110400,0.0,0.0,299.78907470703126,300.2427154541016
2022-04-07 00:00:00-04:00,288.17496733565235,294.9650306492153,287.87383629264315,292.750244140625,31411200,0.0,0.0,298.4407592773438,299.9775146484375
2022-04-08 00:00:00-04:00,291.8468883177177,292.50743200328867,287.8058680996669,288.47613525390625,24361900,0.0,0.0,296.02197265625,299.32570495605466
2022-04-11 00:00:00-04:00,283.444334820197,284.2408589427509,276.8485316772578,277.1011047363281,34569300,0.0,0.0,290.2499206542969,296.8544677734375
2022-04-12 00:00:00-04:00,280.96718515776104,282.4242823502866,272.467451534695,273.9925537109375,30966700,0.0,0.0,284.6507629394531,293.61484985351564
2022-04-13 00:00:00-04:00,274.6434627479795,280.32611930894404,273.25434059478465,279.3935852050781,21907200,0.0,0.0,282.342724609375,291.06589965820314
2022-04-14 00:00:00-04:00,279.8500824672444,280.0637912406808,271.3309315772067,271.8263244628906,28221600,0.0,0.0,278.15794067382814,288.2993499755859
2022-04-18 00:00:00-04:00,270.9326756753933,274.381127429491,270.3789715863415,272.4966125488281,20778000,0.0,0.0,274.9620361328125,285.49200439453125
2022-04-19 00:00:00-04:00,271.38929164584124,277.9850951288017,270.44703400541835,277.13995361328125,22297700,0.0,0.0,274.9698059082031,282.60986328125
2022-04-20 00:00:00-04:00,281.12270681916686,281.4141441423702,277.2079722331008,278.1696472167969,22906700,0.0,0.0,275.805224609375,280.2279937744141
2022-04-21 00:00:00-04:00,280.32604213031544,284.91104220868584,272.0497412420752,272.7782897949219,29454600,0.0,0.0,274.48216552734374,278.4124450683594
2022-04-22 00:00:00-04:00,273.6234827807658,275.1000272597843,265.5608882550552,266.1922912597656,29405800,0.0,0.0,273.35535888671876,275.75664978027345
2022-04-25 00:00:00-04:00,265.4734657946964,273.0697784310283,263.0255229577328,272.6909484863281,35678900,0.0,0.0,273.39422607421875,274.1781311035156
2022-04-26 00:00:00-04:00,269.5630823476558,270.39847082383966,262.27759363555697,262.4913024902344,46518400,0.0,0.0,270.46449584960936,272.71715087890624
2022-04-27 00:00:00-04:00,274.031484376404,282.6477831207664,271.17557081505095,275.11944580078125,63477700,0.0,0.0,269.8544555664063,272.8298400878906
2022-04-28 00:00:00-04:00,277.03308894590896,282.6574935130097,273.4097625442166,281.3460998535156,33646600,0.0,0.0,271.568017578125,273.02509155273435
2022-04-29 00:00:00-04:00,280.35519912912395,281.5888937227041,268.5915820437607,269.5823974609375,37073900,0.0,0.0,272.24603881835935,272.8006988525391
2022-05-02 00:00:00-04:00,269.76701711906315,276.79023759197617,268.3196431194536,276.33367919921875,35151100,0.0,0.0,272.9745849609375,273.1844055175781
2022-05-03 00:00:00-04:00,275.83819124250624,276.0033419602284,272.1371669192712,273.7205505371094,25978600,0.0,0.0,275.2204345703125,272.84246520996095
2022-05-04 00:00:00-04:00,274.5074186198129,282.56031814029586,268.8150392969301,281.6860656738281,33599300,0.0,0.0,276.53375854492185,273.19410705566406
2022-05-05 00:00:00-04:00,277.3731138499693,278.15994420058433,266.4934396605179,269.4173583984375,43260400,0.0,0.0,274.14801025390625,272.85801391601564
2022-05-06 00:00:00-04:00,266.9499827611978,271.2629938805999,263.51122424281493,266.8722839355469,37780300,0.0,0.0,273.6059875488281,272.92601318359374
2022-05-09 00:00:00-04:00,262.3358470968672,264.570051538234,255.7886314279648,257.0125732421875,47726000,0.0,0.0,269.74176635742185,271.35817565917966
2022-05-10 00:00:00-04:00,263.9191734643311,265.9202513402822,257.4885222663989,261.79180908203125,39336400,0.0,0.0,267.35601806640625,271.28822631835936
2022-05-11 00:00:00-04:00,258.081086734642,263.59862182505924,251.88356099344725,253.09780883789065,48975900,0.0,0.0,261.63836669921875,269.0860626220703
2022-05-12 00:00:00-04:00,250.31965376069255,252.44701860866545,242.8690298800393,248.0465850830078,51033800,0.0,0.0,257.3642120361328,265.75611114501953
2022-05-13 00:00:00-04:00,249.98938892736297,255.5166483001496,248.0465920903829,253.65155029296875,34925100,0.0,0.0,254.72006530761718,264.1630264282227
2022-05-16 00:00:00-04:00,252.52471385764252,258.2171237637711,248.464275755339,254.0206756591797,32550900,0.0,0.0,254.12168579101564,261.9317260742188
2022-05-17 00:00:00-04:00,258.49882336445273,260.6553290764096,254.9532250048792,259.18853759765625,28828800,0.0,0.0,253.6010314941406,260.47852478027346
2022-05-18 00:00:00-04:00,256.0727779613794,256.656980355756,246.1122326211362,247.38772583007807,31356000,0.62,0.0,252.45901489257812,257.04869079589844
2022-05-19 00:00:00-04:00,247.2124958542853,250.88321645351337,245.2457115389156,246.47251892089844,32692300,0.0,0.0,252.14420166015626,254.75420684814452
2022-05-20 00:00:00-04:00,250.4644703309738,251.73024707616423,239.94894659890429,245.90774536132807,39199300,0.0,0.0,250.59544067382814,252.65775299072266
2022-05-23 00:00:00-04:00,248.76055988795133,254.61225493002613,246.75480650891276,253.78463745117188,33175400,0.0,0.0,250.54823303222656,252.3349594116211
2022-05-24 00:00:00-04:00,251.09737007756888,254.4467355207848,246.82298537784573,252.7817840576172,29043900,0.0,0.0,249.26688232421876,251.4339569091797
2022-05-25 00:00:00-04:00,251.34079861740847,257.61114646957344,250.35739175795945,255.60540771484372,28547900,0.0,0.0,250.91041870117184,251.68471679687497
2022-05-26 00:00:00-04:00,255.3620596745805,260.07457534711045,254.54418800054896,258.8964538574219,25002100,0.0,0.0,253.39520568847655,252.76970367431642
2022-05-27 00:00:00-04:00,261.40839525329903,266.14037126536493,260.51261447292734,266.0429992675781,26910800,0.0,0.0,257.42225646972656,254.00884857177735
2022-05-31 00:00:00-04:00,265.3516954247134,267.5326854408164,261.846511674719,264.7090759277344,37827700,0.0,0.0,259.6071441650391,255.07768859863282
2022-06-01 00:00:00-04:00,267.9514657945236,270.37587169394226,262.9273724680771,265.24468994140625,25292200,0.0,0.0,262.0997253417969,255.6833038330078
2022-06-02 00:00:00-04:00,257.48461904641414,267.41594170989407,254.7096797309673,267.3477783203125,44008200,0.0,0.0,264.4481994628906,257.67930908203124
2022-06-03 00:00:00-04:00,263.19026792194273,266.2475773225022,261.34031820797634,262.90789794921875,28059000,0.0,0.0,265.25048828125,259.3228469848633
2022-06-06 00:00:00-04:00,264.89417127160834,266.9583275412058,260.18165627348907,261.6713562011719,22400300,0.0,0.0,264.37615966796875,260.89920806884766
2022-06-07 00:00:00-04:00,259.6169327151611,265.9359818654596,258.9353582624585,265.32257080078125,22860700,0.0,0.0,264.4988586425781,262.0530014038086
2022-06-08 00:00:00-04:00,264.5533447009521,265.8093753438602,262.5086512555536,263.28759765625,17372300,0.0,0.0,264.10744018554686,263.10358276367185
2022-06-09 00:00:00-04:00,260.7269412254413,265.52708282107886,257.65991502014924,257.8157043457031,26439700,0.0,0.0,262.201025390625,263.3246124267578
2022-06-10 00:00:00-04:00,253.71649772787293,253.71649772787293,245.8785408055068,246.3264312744141,31422800,0.0,0.0,258.8847320556641,262.06761016845707
2022-06-13 00:00:00-04:00,238.65398260797576,242.46099963563907,235.1682754046893,235.8790435791016,46135800,0.0,0.0,253.72626953125,259.05121459960935
2022-06-14 00:00:00-04:00,237.4369276755641,239.26741476763672,235.1488188104734,238.0503387451172,28651500,0.0,0.0,248.27182312011718,256.38534088134764
2022-06-15 00:00:00-04:00,241.7696882233062,248.5755819262478,239.92947007796263,245.1288146972656,33111700,0.0,0.0,244.64006652832032,254.3737533569336
2022-06-16 00:00:00-04:00,239.50107698603435,240.90315090086327,236.61904936722783,238.51768493652344,33169200,0.0,0.0,240.78046264648438,251.4907440185547
2022-06-17 00:00:00-04:00,238.2548091511196,243.9020451029237,237.60245815862064,241.12710571289065,43084800,0.0,0.0,239.7405975341797,249.3126647949219
2022-06-21 00:00:00-04:00,243.6683964602768,248.04013969783705,242.9381507104304,247.05674743652344,29928300,0.0,0.0,241.97613830566405,247.85120391845703
2022-06-22 00:00:00-04:00,245.25539341920145,250.39633558962288,243.77542499352128,246.46273803710935,25939900,0.0,0.0,243.6586181640625,245.96522064208983
2022-06-23 00:00:00-04:00,248.8384865881136,252.53838557608867,246.94958234402384,252.04180908203125,25861400,0.0,0.0,245.0412170410156,244.84064178466798
2022-06-24 00:00:00-04:00,254.91411090888585,260.92161062965107,254.82648500967505,260.64898681640625,33923200,0.0,0.0,249.46747741699218,245.12397003173828
2022-06-27 00:00:00-04:00,261.14555619252,261.2331820993187,256.3454155551136,257.9130249023437,24615100,0.0,0.0,252.8246612548828,246.2826293945312
2022-06-28 00:00:00-04:00,257.0269890927544,259.87980811002035,249.56874378715275,249.7245330810547,27295500,0.0,0.0,253.35821838378905,247.66717834472652
2022-06-29 00:00:00-04:00,250.80526576023144,255.06990454388944,249.0234648281124,253.4049530029297,20069800,0.0,0.0,254.7466613769531,249.20263977050777
2022-06-30 00:00:00-04:00,250.2795141966665,252.69420384590512,246.2388275378218,250.0653076171875,31730900,0.0,0.0,254.3513610839844,249.69628906249994
2022-07-01 00:00:00-04:00,249.63692332426703,252.92787208687375,247.90379331703537,252.7428741455078,22837700,0.0,0.0,252.7701385498047,251.1188079833984
2022-07-05 00:00:00-04:00,249.41291980259365,256.0532926769328,248.03032343950895,255.9267120361328,22941000,0.0,0.0,252.3728759765625,252.5987686157226
2022-07-06 00:00:00-04:00,256.8030448567487,260.93135728272176,255.4885967886615,259.1982421875,23824400,0.0,0.0,254.26761779785156,253.81291809082026
2022-07-07 00:00:00-04:00,258.1369600042467,261.97318613341645,258.0395879764146,261.33056640625,20859900,0.0,0.0,255.8527404785156,255.29970092773434
2022-07-08 00:00:00-04:00,257.81570509968606,261.03852063995714,256.35521359634475,260.610107421875,19658800,0.0,0.0,257.9617004394531,256.1565307617187
2022-07-11 00:00:00-04:00,258.652987654912,259.50981391999767,255.2743834632221,257.54302978515625,19455200,0.0,0.0,258.92173156738284,255.84593505859374
2022-07-12 00:00:00-04:00,258.8769459056364,258.93536317826056,245.40146874432756,246.9885406494141,35868500,0.0,0.0,257.13409729003905,254.75348663330078
2022-07-13 00:00:00-04:00,243.6001922781404,246.8716930845245,241.57497607829453,246.0635528564453,29497400,0.0,0.0,254.5071594238281,254.38738861083985
2022-07-14 00:00:00-04:00,243.9701819365623,248.41980385084383,239.46212789733588,247.38772583007807,25102800,0.0,0.0,251.71859130859374,253.7856658935547
2022-07-15 00:00:00-04:00,248.98449976151625,253.51201578952933,248.059525125962,249.95816040039065,29774100,0.0,0.0,249.58820190429688,253.774951171875
2022-07-18 00:00:00-04:00,252.90838746077424,253.9696741447168,246.6282784047325,247.55325317382807,20975000,0.0,0.0,247.59024658203126,253.25598907470703
2022-07-19 00:00:00-04:00,250.7955329257847,252.87918127659825,246.99826179190453,252.69418334960935,25012600,0.0,0.0,248.73137512207026,252.9327362060547
2022-07-20 00:00:00-04:00,253.0544736031829,257.89356968724485,252.09055877626747,255.36204528808597,22788300,0.0,0.0,250.59107360839843,252.5491165161133
2022-07-21 00:00:00-04:00,252.94734376674188,257.9130197151892,250.26003049054867,257.86431884765625,22404700,0.0,0.0,252.68639221191407,252.2024917602539
2022-07-22 00:00:00-04:00,258.2537733938726,258.34139929761113,252.24630307646095,253.50230407714844,21881300,0.0,0.0,253.3952209472656,251.49171142578126
2022-07-25 00:00:00-04:00,254.1254914759352,254.6123219193757,250.0458499828021,252.01263427734372,21056000,0.0,0.0,254.28709716796874,250.938671875
2022-07-26 00:00:00-04:00,253.01545221960467,253.03494445018256,242.99650513009456,245.2651214599609,39348000,0.0,0.0,252.80128479003906,250.76632995605468
2022-07-27 00:00:00-04:00,254.2812252227085,262.93705316460915,252.03207144255825,261.6615600585937,45994000,0.0,0.0,254.06118774414062,252.32613067626954
2022-07-28 00:00:00-04:00,262.6449933275576,270.5219054098013,260.8145063214332,269.12957763671875,33459300,0.0,0.0,256.3142395019531,254.50031585693358
2022-07-29 00:00:00-04:00,270.38561261895575,274.5723421203902,269.3437884448539,273.34552001953125,32152800,0.0,0.0,260.2828826904297,256.8390518188477
2022-08-01 00:00:00-04:00,270.5025020357126,273.8713607245995,268.57464258808506,270.6875,21539600,0.0,0.0,264.0178558349609,259.15247650146483
2022-08-02 00:00:00-04:00,268.7303946053114,270.5706278744579,265.2057470824451,267.5814819335937,22754200,0.0,0.0,268.48112792968743,260.6412063598633
2022-08-03 00:00:00-04:00,269.4703733954384,276.0328377004394,269.3243005039463,275.02996826171875,23518900,0.0,0.0,271.1548095703125,262.6079986572266
2022-08-04 00:00:00-04:00,274.37764584701426,276.3249677613685,272.79060344638594,276.1789245605469,18098700,0.0,0.0,272.56467895507814,264.4394592285156
2022-08-05 00:00:00-04:00,271.79736988103866,276.1788428927064,271.33974817793603,275.4583435058594,16774600,0.0,0.0,272.98724365234375,266.6350631713867
2022-08-08 00:00:00-04:00,276.56831999880745,278.38909053353035,271.96292373727755,272.93658447265625,18739200,0.0,0.0,273.437060546875,268.72745819091796
2022-08-09 00:00:00-04:00,272.2745594836536,275.6239257800828,270.29799925052515,274.8644714355469,23405200,0.0,0.0,274.89365844726564,271.68739318847656
2022-08-10 00:00:00-04:00,280.579756278284,282.17654402959585,279.38214317948007,281.5436706542969,24687800,0.0,0.0,276.19639892578124,273.67560424804685
2022-08-11 00:00:00-04:00,283.189251047868,283.53975467502244,278.9635667202551,279.4601135253906,20065900,0.0,0.0,276.85263671875,274.7086578369141
2022-08-12 00:00:00-04:00,280.88163407192906,284.2212829589844,279.38218835607705,284.2212829589844,22619700,0.0,0.0,278.605224609375,275.7962341308594
2022-08-15 00:00:00-04:00,283.335291025511,286.43152521881507,282.4687186563289,285.740234375,18085700,0.0,0.0,281.16595458984375,277.3015075683594
2022-08-16 00:00:00-04:00,284.29926806185404,286.2952909554267,282.77064286260065,285.00030517578125,18102900,0.0,0.0,283.1931213378906,279.04338989257815
2022-08-17 00:00:00-04:00,282.70732652114094,286.22971890556147,282.4438907690257,284.2489929199219,18253400,0.62,0.0,283.73418579101565,279.9652923583984
2022-08-18 00:00:00-04:00,283.14639592226945,284.8246485930256,282.0633227973531,283.1268920898437,17186200,0.0,0.0,284.46754150390626,280.66008911132815
2022-08-19 00:00:00-04:00,281.88765725342205,282.22916781980774,278.6287311100717,279.20440673828125,20570000,0.0,0.0,283.46416625976565,281.0346954345703
2022-08-22 00:00:00-04:00,275.23321855533953,275.6039997944986,270.4911968802227,271.0083312988281,25061100,0.0,0.0,280.5177856445313,280.8418701171875
2022-08-23 00:00:00-04:00,269.7301025390625,272.09134632698925,268.7153376389546,269.7301025390625,17527400,0.0,0.0,277.4637451171875,280.32843322753905
2022-08-24 00:00:00-04:00,268.72513550456136,270.50096684081166,268.43239936541056,269.0959167480469,18137000,0.0,0.0,274.4331298828125,279.0836578369141
2022-08-25 00:00:00-04:00,270.5985095814994,272.2474915307141,267.8567175355643,272.0816345214844,16583400,0.0,0.0,272.2240783691406,278.34580993652344
2022-08-26 00:00:00-04:00,272.306030389581,273.5354566259213,261.47547845229536,261.5827941894531,27549300,0.0,0.0,268.699755859375,276.0819610595703
2022-08-29 00:00:00-04:00,259.3971214845829,260.90948696361846,257.4456667881059,258.79217529296875,20338500,0.0,0.0,266.25652465820315,273.3871551513672
2022-08-30 00:00:00-04:00,260.1972703784425,260.5680218228097,254.33313846551115,256.5870666503906,22767100,0.0,0.0,263.62791748046874,270.54583129882815
2022-08-31 00:00:00-04:00,258.9483235878994,260.6265462248156,254.9868427257154,255.1234588623047,24791800,0.0,0.0,260.8334259033203,267.6332778930664
2022-09-01 00:00:00-04:00,252.58662086634564,254.55760984578097,249.2106114162393,254.07948303222656,23263400,0.0,0.0,257.2329956054688,264.72853698730466
2022-09-02 00:00:00-04:00,255.3479051299607,258.314095365784,248.2933844065724,249.84478759765625,22855400,0.0,0.0,254.88539428710936,261.7925750732422
2022-09-06 00:00:00-04:00,249.9813740756381,251.5717847396317,245.8247657850576,247.10296630859372,21328200,0.0,0.0,252.54755249023438,259.40203857421875
2022-09-07 00:00:00-04:00,248.5177548263278,252.54749868622625,247.07368250686363,251.82546997070312,24126700,0.0,0.0,251.59523315429686,257.6115753173828
2022-09-08 00:00:00-04:00,251.25956125235496,254.1086684600243,248.60556676158387,252.2450256347656,20319900,0.0,0.0,251.01954650878906,255.92648620605468
2022-09-09 00:00:00-04:00,254.17699082314724,258.79219220151697,253.97209640414405,258.0408630371094,22084700,0.0,0.0,251.81182250976562,254.52240905761718
2022-09-12 00:00:00-04:00,259.32888662429224,260.9583648576095,258.72394026192035,260.1777648925781,18747700,0.0,0.0,253.87841796875,254.38190612792968
2022-09-13 00:00:00-04:00,252.55730545197807,254.07943798746075,245.4832809950445,245.8735809326172,33353300,0.0,0.0,253.63254089355468,253.09004669189454
2022-09-14 00:00:00-04:00,247.3761772518185,248.0591834837352,243.79525932523745,246.0979766845703,23913000,0.0,0.0,252.48704223632814,252.0411376953125
2022-09-15 00:00:00-04:00,243.7074697578199,245.29789551034108,238.09703645062885,239.4240264892578,31530900,0.0,0.0,249.92284240722657,250.4711944580078
2022-09-16 00:00:00-04:00,238.3312158426648,239.34598087407505,236.1846181217268,238.7995758056641,39791800,0.0,0.0,246.0745849609375,248.94320373535157
2022-09-19 00:00:00-04:00,236.58465548733813,239.1898462068976,235.00398165238357,238.58489990234372,26826900,0.0,0.0,241.75601196289062,247.8172149658203
2022-09-20 00:00:00-04:00,236.1943581935016,237.5993932582116,233.8233326754901,236.56512451171875,26660300,0.0,0.0,239.89432067871093,246.7634307861328
2022-09-21 00:00:00-04:00,238.34091615137325,241.64863116406136,233.10125032926507,233.1500396728516,28625600,0.0,0.0,237.3047332763672,244.89588775634766
2022-09-22 00:00:00-04:00,232.09628535405983,237.9408981793507,231.8035790277941,235.13079833984372,31061200,0.0,0.0,236.4460876464844,243.18446502685546
2022-09-23 00:00:00-04:00,233.72575432183237,235.27717233231257,229.49110062617245,232.14508056640625,34176000,0.0,0.0,235.1151885986328,240.59488677978516
2022-09-26 00:00:00-04:00,231.29622310665232,235.58941845298165,231.14985503831448,231.6865081787109,27694200,0.0,0.0,233.73551025390626,237.74576110839843
2022-09-27 00:00:00-04:00,234.15507704083888,235.9309082051213,228.80809460642703,230.67173767089844,27018700,0.0,0.0,232.55683288574218,236.22557678222657
2022-09-28 00:00:00-04:00,231.062019386138,236.4480391799153,229.03250446546224,235.2186279296875,29029700,0.0,0.0,232.97055053710938,235.13764190673828
2022-09-29 00:00:00-04:00,233.0915512111038,234.12582002036277,228.7202960048616,231.73529052734372,27484200,0.0,0.0,232.29144897460938,234.36876831054687
2022-09-30 00:00:00-04:00,232.50610370980215,234.701490625269,227.0810610919514,227.24693298339844,35694800,0.0,0.0,231.31181945800782,233.2135040283203
2022-10-03 00:00:00-04:00,229.696007750658,235.74551509921383,228.96421214667737,234.89663696289065,28880400,0.0,0.0,231.95384521484374,232.844677734375
2022-10-04 00:00:00-04:00,239.1410349538722,244.28312273696628,239.03370433981988,242.83905029296875,34888400,0.0,0.0,234.3873077392578,233.4720703125
2022-10-05 00:00:00-04:00,240.01921394484737,244.49779961267384,238.17508955877648,243.1512908935547,20347100,0.0,0.0,235.97384033203124,234.47219543457032
2022-10-06 00:00:00-04:00,241.91211821206613,244.2636251213658,240.10703122323224,240.7997894287109,20239900,0.0,0.0,237.7867401123047,235.03909454345703
2022-10-07 00:00:00-04:00,235.0527466163769,235.4625652643888,227.5103772800304,228.55441284179688,37769600,0.0,0.0,238.04823608398436,234.6800277709961
2022-10-10 00:00:00-04:00,227.39331464276057,228.8666579231961,221.2267092138756,223.685546875,29743600,0.0,0.0,235.80601806640624,233.879931640625
2022-10-11 00:00:00-04:00,222.0950545494162,223.50010431497287,218.6702569121852,219.93870544433597,30474000,0.0,0.0,231.2259490966797,232.80662841796874
2022-10-12 00:00:00-04:00,219.92898195872448,222.3292782623744,218.52394680485463,220.2704925537109,21903900,0.0,0.0,226.64978942871093,231.3118148803711
2022-10-13 00:00:00-04:00,214.51369484245024,230.3692665705153,213.81116985788705,228.55441284179688,42551800,0.0,0.0,224.20071411132812,230.9937271118164
2022-10-14 00:00:00-04:00,229.822825910581,231.481574406119,222.7975915879221,223.0122528076172,30198600,0.0,0.0,223.0922821044922,230.57025909423828
2022-10-17 00:00:00-04:00,230.09605601233932,233.1598396311988,229.43255359972767,231.76454162597656,28142300,0.0,0.0,224.7080810546875,230.25704956054688
2022-10-18 00:00:00-04:00,237.33595204197528,238.00919148115057,229.65696682991847,232.71099853515625,26329600,0.0,0.0,227.26253967285157,229.24424438476564
2022-10-19 00:00:00-04:00,231.2864410309145,233.7940678630011,228.603190394524,230.7400360107422,19985700,0.0,0.0,229.3564483642578,228.00311889648438
2022-10-20 00:00:00-04:00,230.04727871505503,235.45280255812088,229.1691150248596,230.4180450439453,21811000,0.0,0.0,229.7291748046875,226.9649444580078
2022-10-21 00:00:00-04:00,229.04226004699916,237.1017631804631,228.80808010624935,236.2431182861328,26299700,0.0,0.0,232.37534790039064,227.73381500244142
2022-10-24 00:00:00-04:00,237.84333234120828,241.824302366333,235.44305100550176,241.2486267089844,24911200,0.0,0.0,234.27216491699218,229.49012298583983
2022-10-25 00:00:00-04:00,241.25835405434768,244.9466024733429,239.863071004387,244.57583618164065,34775500,0.0,0.0,236.64513244628907,231.9538360595703
2022-10-26 00:00:00-04:00,225.5589389393416,232.51588122743283,224.475880748936,225.70530700683597,82543200,0.0,0.0,235.6381866455078,232.4973175048828
2022-10-27 00:00:00-04:00,225.43204924774528,228.01773575985808,220.29972854498547,221.2461853027344,40424600,0.0,0.0,233.80381469726564,231.76649475097656
2022-10-28 00:00:00-04:00,220.7485616261877,230.8570975953076,220.56317104703496,230.14480590820312,40647700,0.0,0.0,232.5841522216797,232.47975006103516
2022-10-31 00:00:00-04:00,228.0860924657461,229.2179401246865,225.5394426773415,226.49566650390625,28357300,0.0,0.0,229.63356018066406,231.95286254882814
2022-11-01 00:00:00-04:00,228.9056957108875,230.01802455406036,221.8121520514108,222.6317596435547,30592300,0.0,0.0,225.24474487304687,230.94493865966797
2022-11-02 00:00:00-04:00,223.8904394193755,225.68577445191596,214.69907323807044,214.75762939453125,38407000,0.0,0.0,223.05520935058593,229.34669799804686
2022-11-03 00:00:00-04:00,214.74785106240304,215.0600909930844,208.7861557427822,209.0496063232422,36633900,0.0,0.0,220.6158935546875,227.20985412597656
2022-11-04 00:00:00-04:00,212.26953659523167,216.21146944131505,208.2495288682356,216.01632690429688,36789100,0.0,0.0,217.79019775390626,225.18717498779296
2022-11-07 00:00:00-05:00,216.6017670874102,222.86593625575733,215.9089939667199,222.3390350341797,33498000,0.0,0.0,216.95887145996093,223.2962158203125
2022-11-08 00:00:00-05:00,223.14887115740464,226.02726423874347,220.3582899758322,223.3147430419922,28192500,0.0,0.0,217.09546813964843,221.17010650634765
2022-11-09 00:00:00-05:00,221.85112775378295,223.08055377079376,218.88492309452312,219.060546875,27852900,0.0,0.0,217.9560516357422,220.50563049316406
2022-11-10 00:00:00-05:00,229.7155294272081,237.4237859877161,229.29597372810505,237.082275390625,46268000,0.0,0.0,223.56258544921874,222.08923950195313
2022-11-11 00:00:00-05:00,237.09205238278707,241.97069033132317,236.0577686314234,241.11204528808597,34620200,0.0,0.0,228.58172912597655,223.18596343994142
2022-11-14 00:00:00-05:00,236.11628839782517,237.98968329468505,233.40376730762412,235.6869659423828,31123300,0.0,0.0,231.25131530761718,224.10509338378907
2022-11-15 00:00:00-05:00,239.69722338869775,241.0046946772889,234.20387274977523,236.09678649902344,31390100,0.0,0.0,233.80772399902344,225.45159606933595
2022-11-16 00:00:00-05:00,237.5644814544757,238.55275301784232,235.2454951838976,236.5272979736328,24093300,0.68,0.0,237.30107421875,227.6285629272461
2022-11-17 00:00:00-05:00,232.66230792106765,238.0145794109885,232.51554231290345,236.47836303710935,23123500,0.0,0.0,237.18029174804687,230.3714385986328
2022-11-18 00:00:00-05:00,238.2689807847441,238.49404129362665,233.8854070506041,236.0282745361328,27613500,0.0,0.0,236.16353759765624,232.3726333618164
2022-11-21 00:00:00-05:00,236.23375753060137,239.4040292254599,235.99893254382687,236.8404235839844,26394700,0.0,0.0,236.39422912597655,233.82277221679686
2022-11-22 00:00:00-05:00,238.34724661140663,240.03022851249497,235.52924255756517,239.7562561035156,19665700,0.0,0.0,237.126123046875,235.46692352294923
2022-11-23 00:00:00-05:00,239.8345788687071,242.93635021206475,239.01266149508876,242.2514190673828,19508500,0.0,0.0,238.270947265625,237.7860107421875
2022-11-25 00:00:00-05:00,241.9872116642194,243.3472944746052,241.4196930550139,242.1633453369141,9200800,0.0,0.0,239.40794372558594,238.29411773681642
2022-11-28 00:00:00-05:00,240.78368479357735,241.3414090653428,235.61732607964368,236.55665588378903,24778200,0.0,0.0,239.51361999511718,237.8385787963867
2022-11-29 00:00:00-05:00,236.20440308326351,237.56448586876184,233.0830731853164,235.15744018554688,17956300,0.0,0.0,239.1770233154297,237.78562622070314
2022-11-30 00:00:00-05:00,235.3922904493445,249.83460997466,234.69756499927476,249.6486968994141,47594200,0.0,0.0,241.15551147460937,239.14081726074218
2022-12-01 00:00:00-05:00,248.40600029951568,250.60757398456624,245.5194955651915,249.20835876464844,26041500,0.0,0.0,242.5468994140625,240.40892333984374
2022-12-02 00:00:00-05:00,244.44318669201743,250.5488749999924,244.31597987547545,249.53126525878903,21528500,0.0,0.0,244.0204833984375,241.7142135620117
2022-12-05 00:00:00-05:00,246.58602848762317,248.35708472300595,242.72104661691856,244.8149871826172,23435300,0.0,0.0,245.67214965820312,242.59288482666017
2022-12-06 00:00:00-05:00,245.4216931233664,246.4393029856838,238.53320430172184,239.8443603515625,22463700,0.0,0.0,246.60953369140626,242.89327850341797
2022-12-07 00:00:00-05:00,239.56057972367816,240.8619562187896,236.9969741832928,239.1104736328125,20481500,0.0,0.0,244.50188903808595,242.82870025634764
2022-12-08 00:00:00-05:00,239.57035707306187,243.38642715920767,237.8286688296212,242.07525634765625,22611800,0.0,0.0,243.0752685546875,242.811083984375
2022-12-09 00:00:00-05:00,239.4333888365886,242.9656924353559,238.9050176716509,240.1378936767578,20609700,0.0,0.0,241.19659423828125,242.60853881835936
2022-12-12 00:00:00-05:00,242.12419433216996,247.10463998852305,241.8502218945569,247.0752868652344,30665100,0.0,0.0,241.64865417480468,243.6604019165039
2022-12-13 00:00:00-05:00,256.0577219976388,258.2397370836631,247.62325261498825,251.3903961181641,42196900,0.0,0.0,243.957861328125,245.28369750976563
2022-12-14 00:00:00-05:00,251.59583956374928,256.9383165522958,248.8365267770673,251.68389892578125,35410900,0.0,0.0,246.47254638671876,245.48721771240236
2022-12-15 00:00:00-05:00,248.25925401561503,248.728918924476,242.01656425839232,243.65061950683597,35560400,0.0,0.0,246.7876190185547,244.9314437866211
2022-12-16 00:00:00-05:00,243.20053750203124,244.46276665797367,238.26900351655556,239.42361450195312,86102000,0.0,0.0,246.64476318359374,243.9206787109375
2022-12-19 00:00:00-05:00,239.58994491104272,239.93241792766776,233.57231567315543,235.2748565673828,29696400,0.0,0.0,244.28467712402343,242.96666564941407
2022-12-20 00:00:00-05:00,234.24744039254352,237.68190498867048,233.2885368978721,236.5957946777344,25150800,0.0,0.0,241.3257568359375,242.64180908203124
2022-12-21 00:00:00-05:00,236.48815622889643,240.3335644481044,234.9421604653564,239.16917419433597,23690600,0.0,0.0,238.82281188964848,242.64767913818363
2022-12-22 00:00:00-05:00,236.0673936725993,236.7816927475334,228.8364480749985,233.0634765625,28651700,0.0,0.0,236.70538330078125,241.74650115966801
2022-12-23 00:00:00-05:00,231.02825242239908,233.72884412102013,228.9049586888203,233.59185791015625,21207000,0.0,0.0,235.53903198242188,241.09189758300786
2022-12-27 00:00:00-05:00,233.56249554010836,233.78754110682124,230.75427086340844,231.8599548339844,16688600,0.0,0.0,234.85605163574218,239.57036437988285
2022-12-28 00:00:00-05:00,231.79144538011323,234.56053743355008,229.12998640756533,229.48223876953125,17457100,0.0,0.0,233.43334045410157,237.37954864501958
2022-12-29 00:00:00-05:00,230.57817587734075,236.7132328912707,230.57817587734075,235.82281494140625,19770700,0.0,0.0,232.76406860351562,235.79344024658207
2022-12-30 00:00:00-05:00,233.0830678086328,234.7954029631969,231.56642511422905,234.65841674804688,21938500,0.0,0.0,233.083056640625,234.89421997070318
2023-01-03 00:00:00-05:00,237.84825439790933,240.46078689316013,232.290495791577,234.423583984375,25740000,0.0,0.0,233.24940185546876,234.39421691894535
2023-01-04 00:00:00-05:00,227.28069416142324,227.8579921549362,221.0967257126789,224.1691436767578,50623400,0.0,0.0,231.71123962402345,233.28364562988287
2023-01-05 00:00:00-05:00,222.3100059724833,222.65247894787117,216.98708787616465,217.52525329589844,39585600,0.0,0.0,229.31984252929686,231.37659149169923
2023-01-06 00:00:00-05:00,218.20039824945533,220.9009897317778,214.62896272559448,220.0888519287109,43613600,0.0,0.0,226.1730499267578,229.46855926513672
2023-01-09 00:00:00-05:00,221.5761420882489,226.26305588050707,221.53700957259352,222.23171997070312,27369800,0.0,0.0,223.68771057128907,228.38538360595703
2023-01-10 00:00:00-05:00,222.85797845401493,226.33157576127425,222.43724039296023,223.92453002929688,27033900,0.0,0.0,221.58789978027343,227.41865081787108
2023-01-11 00:00:00-05:00,226.31199829516945,230.87170589795403,226.1358795554185,230.69558715820312,28669300,0.0,0.0,222.8931884765625,227.30221405029297
2023-01-12 00:00:00-05:00,230.19656617961184,234.73670029298543,228.53315774154956,233.37661743164065,27269500,0.0,0.0,226.06346130371094,227.6916519165039
2023-01-13 00:00:00-05:00,231.89911556681625,234.21810194476328,229.86388103095567,234.08111572265625,21333300,0.0,0.0,228.8619140625,227.5174819946289
2023-01-17 00:00:00-05:00,232.8482063221957,235.72493150416275,231.9871416608243,235.17698669433597,29831300,0.0,0.0,231.45096740722656,227.5693389892578
2023-01-18 00:00:00-05:00,236.370780294962,237.16334455855807,230.45098934917797,230.7347412109375,30028700,0.0,0.0,232.8130096435547,227.20045471191406
2023-01-19 00:00:00-05:00,228.74839063323248,230.4509462767117,225.7151054470098,226.93820190429688,28623000,0.0,0.0,232.06153259277343,227.47736053466798
2023-01-20 00:00:00-05:00,229.80515114547575,235.55860174293483,229.46267816024536,235.0497894287109,35389800,0.0,0.0,232.3961669921875,229.2298141479492
2023-01-23 00:00:00-05:00,235.9108818315434,239.8932766589855,234.49207780928063,237.3590240478516,31934000,0.0,0.0,233.05174865722657,230.9568313598633
2023-01-24 00:00:00-05:00,237.28073354657224,238.6995225755174,235.26507279685157,236.83062744140625,40234400,0.0,0.0,233.38247680664062,232.4167221069336
2023-01-25 00:00:00-05:00,229.43337116242952,238.06354879354916,225.9304203613686,235.4314422607422,66526600,0.0,0.0,234.32181701660156,233.56741333007812
2023-01-26 00:00:00-05:00,238.4059865757759,242.96569434652147,236.79150501374275,242.6623687744141,33454500,0.0,0.0,237.466650390625,234.76409149169922
2023-01-27 00:00:00-05:00,243.6310618794315,244.4529792064736,241.51754738385625,242.8189239501953,26498900,0.0,0.0,239.02047729492188,235.70832214355468
2023-01-30 00:00:00-05:00,239.24745305758037,240.31400454491248,236.9871731308744,237.4862060546875,25867400,0.0,0.0,239.04591369628906,236.0488311767578
2023-01-31 00:00:00-05:00,238.21027910171549,242.61342664492787,237.72104048580297,242.4764404296875,26541100,0.0,0.0,240.17507629394532,236.77877655029297
2023-02-01 00:00:00-05:00,242.66238273522504,249.68784293976756,240.1868362348162,247.3101501464844,31259900,0.0,0.0,242.55081787109376,238.43631744384766
2023-02-02 00:00:00-05:00,253.24952278481183,258.9931802305622,251.71330613086133,258.9051208496094,39940400,0.0,0.0,245.79936828613282,241.6330093383789
2023-02-03 00:00:00-05:00,253.9539408547348,258.51364747193384,251.56645447387092,252.78955078125,29077300,0.0,0.0,247.79349365234376,243.4069854736328
2023-02-06 00:00:00-05:00,251.8991842011105,252.74066029817823,249.29643114757204,251.24359130859372,22518000,0.0,0.0,250.544970703125,244.79544219970703
2023-02-07 00:00:00-05:00,254.92269717724312,262.985340807931,254.48237043515357,261.8013916015625,50841400,0.0,0.0,254.4099609375,247.29251861572266
2023-02-08 00:00:00-05:00,267.31997580328925,270.803352152855,260.4804000537077,260.9892272949219,54686000,0.0,0.0,257.1457763671875,249.84829711914062
2023-02-09 00:00:00-05:00,267.90699480471363,268.08314336161027,257.14374763802573,257.94610595703125,42375100,0.0,0.0,256.9539733886719,251.37667083740234
2023-02-10 00:00:00-05:00,255.90119177142455,258.4060915123102,255.04992121599025,257.4374084472656,25818500,0.0,0.0,257.883544921875,252.83851928710936
2023-02-13 00:00:00-05:00,261.879679445157,268.68987310618746,261.4002052618533,265.48046875,44630900,0.0,0.0,260.7309204101563,255.63794555664063
2023-02-14 00:00:00-05:00,266.8013417807484,269.0518269790631,263.4842903547791,266.3121032714844,37047900,0.0,0.0,261.6330627441406,258.0215118408203
2023-02-15 00:00:00-05:00,263.2026047275784,265.5666447691535,261.1034044657681,264.1835327148437,28922400,0.68,0.0,262.271923828125,259.70885009765624
2023-02-16 00:00:00-05:00,258.9846298555741,261.6527555228092,256.9050670437901,257.1502990722656,29603600,0.0,0.0,262.1127624511719,259.5333679199219
2023-02-17 00:00:00-05:00,254.44291080193668,255.12954239341835,251.11755074141652,253.1382598876953,30000100,0.0,0.0,261.2529327392578,259.56823883056643
2023-02-21 00:00:00-05:00,249.62656685950031,250.6173137728941,246.791685383644,247.85108947753903,28397400,0.0,0.0,257.7270568847656,259.22898864746094
2023-02-22 00:00:00-05:00,249.24399183598243,249.48922383589212,245.56551183733652,246.71319580078125,22491100,0.0,0.0,253.807275390625,257.7201690673828
2023-02-23 00:00:00-05:00,250.68598313263476,251.94156990467263,245.7028665827077,249.9110565185547,29219100,0.0,0.0,250.9527801513672,256.6123519897461
2023-02-24 00:00:00-05:00,245.19278056900376,246.21293914937976,243.3682538076719,244.4668884277344,24990900,0.0,0.0,248.41609802246094,255.2644302368164
2023-02-27 00:00:00-05:00,247.64508387583095,247.99821854657077,244.63362779927607,245.38894653320312,21190000,0.0,0.0,246.8662353515625,254.05958404541016
2023-02-28 00:00:00-05:00,244.3197548443397,246.6935989121677,243.98622793422533,244.6630706787109,22491000,0.0,0.0,246.22863159179687,251.97784423828125
2023-03-01 00:00:00-05:00,245.9775079191277,246.14426388843705,241.10229440260224,241.5731506347656,27565300,0.0,0.0,245.20062255859375,249.5039489746094
2023-03-02 00:00:00-05:00,241.8478319658093,246.6053243865452,240.92575713440505,246.32086181640625,24808200,0.0,0.0,244.48258361816406,247.71768188476562
2023-03-03 00:00:00-05:00,247.38025919903345,250.7448353875074,246.59551372780945,250.42112731933597,30760100,0.0,0.0,245.67343139648438,247.04476470947264
2023-03-06 00:00:00-05:00,251.53936705600407,255.15899387446288,251.09795243692287,251.97097778320312,24109800,0.0,0.0,246.98983764648438,246.92803649902345
2023-03-07 00:00:00-05:00,251.41184575322436,252.77535010372,248.5573565201222,249.3028564453125,21473200,0.0,0.0,247.91779479980468,247.07321319580078
2023-03-08 00:00:00-05:00,249.19496214929893,249.68542618790528,246.02656865087877,248.8614501953125,17340200,0.0,0.0,249.37545471191407,247.2880386352539
2023-03-09 00:00:00-05:00,250.94101481489332,254.60967605303648,246.78187459593917,247.5077667236328,26653400,0.0,0.0,249.6128356933594,247.0477096557617
2023-03-10 00:00:00-05:00,246.291423774854,247.9688024073323,242.87779825224976,243.84890747070312,28333900,0.0,0.0,248.29839172363282,246.98591156005858
2023-03-13 00:00:00-04:00,242.68160000285428,252.99116366046167,241.0434519121512,249.07725524902344,33339700,0.0,0.0,247.7196472167969,247.35474243164063
2023-03-14 00:00:00-04:00,251.85326561713225,256.09088178887293,250.9802402902376,255.81622314453125,33620300,0.0,0.0,249.02232055664064,248.47005767822264
2023-03-15 00:00:00-04:00,255.02167441477647,261.39770646973017,254.2663406895164,260.3775329589844,46028000,0.0,0.0,251.325537109375,250.35049591064453
2023-03-16 00:00:00-04:00,260.1519520817623,271.285492819686,258.2587678945706,270.932373046875,54768800,0.0,0.0,256.0104583740234,252.8116470336914
2023-03-17 00:00:00-04:00,272.9530086045327,277.9262903351464,271.0500060727353,274.1006774902344,69527400,0.0,0.0,262.06081237792966,255.17960205078126
2023-03-20 00:00:00-04:00,271.6974326351298,272.187896607002,264.7034116065448,267.0380249023437,43466600,0.0,0.0,265.65296630859376,256.6863067626953
2023-03-21 00:00:00-04:00,269.6374678468421,269.7551744059868,264.3796786992098,268.5584411621094,34558700,0.0,0.0,268.2014099121094,258.611865234375
2023-03-22 00:00:00-04:00,268.1857396626866,275.6800448026521,266.98900616938766,267.096923828125,34873300,0.0,0.0,269.5452880859375,260.43541259765624
2023-03-23 00:00:00-04:00,272.63913007748295,275.6996206406408,269.9513969431412,272.3644714355469,36610900,0.0,0.0,269.8317077636719,262.9210830688477
2023-03-24 00:00:00-04:00,271.9524869231275,275.2778474296296,270.02987629936445,275.218994140625,28172000,0.0,0.0,270.05537109375,266.05809173583987
2023-03-27 00:00:00-04:00,275.15027433577507,276.09195673229823,270.2652426456383,271.1088562011719,26840200,0.0,0.0,270.8695373535156,268.26125183105466
2023-03-28 00:00:00-04:00,270.530213427296,270.87354430568604,266.86152137573606,269.9808959960937,21878600,0.0,0.0,271.1540283203125,269.67771911621094
2023-03-29 00:00:00-04:00,273.6396997041648,275.7781457546804,273.1002012129155,275.16015625,25087000,0.0,0.0,272.7666748046875,271.1559814453125
2023-03-30 00:00:00-04:00,278.80918867586,279.034782967191,276.1116365553152,278.6325988769531,25053400,0.0,0.0,274.0203002929687,271.92600402832034
2023-03-31 00:00:00-04:00,278.31869572846455,283.7530149729274,277.60260755409064,282.801513671875,32766000,0.0,0.0,275.53680419921875,272.79608764648435
2023-04-03 00:00:00-04:00,281.0554727089369,282.7720966657289,278.53451056340606,281.751953125,24883300,0.0,0.0,277.66542358398436,274.26748046875
2023-04-04 00:00:00-04:00,281.7519757409846,284.9105652724409,280.22173037151373,281.7029113769531,25824300,0.0,0.0,280.00982666015625,275.58192749023436
2023-04-05 00:00:00-04:00,280.3983253844693,281.67352004035706,277.5242130103723,278.9171142578125,22064800,0.0,0.0,280.76121826171874,276.7639465332031
2023-04-06 00:00:00-04:00,277.8085749818448,286.5094004398076,276.65108727435404,286.03857421875,29770300,0.0,0.0,282.24241333007814,278.13135681152346
2023-04-10 00:00:00-04:00,283.69413777339656,284.0767140075397,279.279962407057,283.8707275390625,23103000,0.0,0.0,282.4562561035156,278.9965301513672
2023-04-11 00:00:00-04:00,280.300205804566,280.5258300453537,276.2686056649449,277.4358825683594,27276600,0.0,0.0,281.5930419921875,279.6292327880859
2023-04-12 00:00:00-04:00,279.35850689315987,281.5361683549692,276.58246375618245,278.0832824707031,27403400,0.0,0.0,280.8691162109375,280.43947143554686
2023-04-13 00:00:00-04:00,278.1813345252159,284.370987067152,277.76936157858967,284.3121337890625,24222700,0.0,0.0,281.9481201171875,281.35466918945315
2023-04-14 00:00:00-04:00,281.52635353888274,282.9781378461247,278.27948405144895,280.6827697753906,20987900,0.0,0.0,280.8769592285156,281.5596862792969
2023-04-17 00:00:00-04:00,284.40044560842966,286.0386085271272,280.702357854445,283.2919921875,23836200,0.0,0.0,280.76121215820314,281.6087341308594
2023-04-18 00:00:00-04:00,286.0091595266916,286.195538225493,281.53613062654506,282.87017822265625,20161800,0.0,0.0,281.8480712890625,281.720556640625
2023-04-19 00:00:00-04:00,280.5355652058813,283.5372022349438,279.11323768855965,282.9486694335937,17150300,0.0,0.0,282.8211486816406,281.8451324462891
2023-04-20 00:00:00-04:00,279.8097365276155,283.51764349522205,279.642965581356,280.6533203125,23244400,0.0,0.0,282.0893859863281,282.0187530517578
2023-04-21 00:00:00-04:00,279.57433198899173,280.81028105928004,277.6615101881032,280.3100280761719,21676400,0.0,0.0,282.01483764648435,281.4458984375
2023-04-24 00:00:00-04:00,276.7099307045575,279.5153998925392,273.4042086745048,276.3960266113281,26611000,0.0,0.0,280.63564453125,280.69842834472655
2023-04-25 00:00:00-04:00,274.179166810268,276.2293025282691,270.11811093666,270.16717529296875,45772200,0.0,0.0,278.0950439453125,279.9715576171875
2023-04-26 00:00:00-04:00,291.04140663076737,293.8566657529909,287.1471205098991,289.7367553710937,64599200,0.0,0.0,279.4526611328125,281.13690490722655
2023-04-27 00:00:00-04:00,290.325287881764,299.3792649257392,289.6190184598168,299.01629638671875,46462600,0.0,0.0,283.12525634765626,282.60732116699216
2023-04-28 00:00:00-04:00,298.2119472041732,303.038096464785,297.525285592319,301.39996337890625,36469600,0.0,0.0,287.34324340820314,284.6790405273438
2023-05-01 00:00:00-04:00,301.1154729285125,302.7143903771624,299.33017676280843,299.7323608398437,21294100,0.0,0.0,292.01051025390626,286.32307739257806
2023-05-02 00:00:00-04:00,301.8903917190822,303.28329262686395,298.1138131714134,299.585205078125,26404400,0.0,0.0,297.8941162109375,287.99458007812495
2023-05-03 00:00:00-04:00,300.7721438172862,302.7241809919645,298.29039713141395,298.594482421875,22360800,0.0,0.0,299.66566162109376,289.55916137695306
2023-05-04 00:00:00-04:00,300.39936209486564,301.8903917190822,297.6135303437571,299.585205078125,22519900,0.0,0.0,299.779443359375,291.45234985351556
2023-05-05 00:00:00-04:00,299.8893128499304,306.0201129213296,298.46695525914686,304.72528076171875,28197100,0.0,0.0,300.4445068359375,293.89387512207026
2023-05-08 00:00:00-04:00,304.2151813185298,304.2838534576183,300.2522241306685,302.7633972167969,21318600,0.0,0.0,301.05071411132815,296.5306121826171
2023-05-09 00:00:00-04:00,302.12582546569627,304.1269269773573,300.4680547428102,301.1448974609375,21340800,0.0,0.0,301.36265258789064,299.628384399414
2023-05-10 00:00:00-04:00,302.73401078657963,307.03048044641207,301.8021470979915,306.3536376953125,30078000,0.0,0.0,302.91448364257815,301.2900726318359
2023-05-11 00:00:00-04:00,304.1858287503453,305.1863646978888,300.41906820391165,304.19561767578125,31680200,0.0,0.0,303.83656616210936,301.80800476074216
2023-05-12 00:00:00-04:00,304.62718464295926,304.7252834320708,300.7525369252092,303.07733154296875,19774700,0.0,0.0,303.50697631835936,301.9757415771484
2023-05-15 00:00:00-04:00,303.2048636724934,303.9895941316236,301.7236527501709,303.5579833984375,16336500,0.0,0.0,303.6658935546875,302.3583038330078
2023-05-16 00:00:00-04:00,303.92100949030555,307.7270161775783,303.92100949030555,305.7945861816406,26730300,0.0,0.0,304.5958312988281,302.9792419433594
2023-05-17 00:00:00-04:00,307.0036472035513,309.10740625813224,305.4798671864211,308.6846923828125,24315000,0.68,0.0,305.0620422363281,303.98826293945314
2023-05-18 00:00:00-04:00,309.20581541203563,313.6394823198299,308.4095290274022,313.1282653808594,27276000,0.0,0.0,306.84857177734375,305.3425689697266
2023-05-19 00:00:00-04:00,311.378311227304,313.3542961539549,311.01457927584767,312.95123291015625,27546700,0.0,0.0,308.82335205078124,306.1651641845703
2023-05-22 00:00:00-04:00,313.20691119388795,317.129360952399,312.6269020066113,315.74322509765625,24115700,0.0,0.0,311.260400390625,307.46314697265626
2023-05-23 00:00:00-04:00,314.612676200923,317.2571435018196,309.91359107162907,309.9234313964844,30797200,0.0,0.0,312.08616943359374,308.34100036621095
2023-05-24 00:00:00-04:00,309.4024316342998,311.1424592315405,307.31829264651185,308.5373229980469,23384900,0.0,0.0,312.05669555664065,308.5593688964844
2023-05-25 00:00:00-04:00,317.76829739796784,321.36634580570205,314.5831525784272,320.4029541015625,43301700,0.0,0.0,313.5116333007812,310.1801025390625
2023-05-26 00:00:00-04:00,318.5350972767318,327.75632087129475,318.39748274598566,327.2549743652344,36630600,0.0,0.0,316.37238159179685,312.5978668212891
2023-05-30 00:00:00-04:00,329.5553637104811,330.0567102220312,324.9250712145435,325.6033935546875,29503100,0.0,0.0,318.34441528320315,314.8024078369141
2023-05-31 00:00:00-04:00,326.6651841985823,330.25339298565933,321.78912277735026,322.8312072753906,45950600,0.0,0.0,320.92597045898435,316.5060699462891
2023-06-01 00:00:00-04:00,320.41277005822946,327.8841260635335,319.2232608919035,326.9501953125,26773900,0.0,0.0,324.608544921875,318.33262023925784
2023-06-02 00:00:00-04:00,328.5919763107523,331.7869618694956,326.9207410950132,329.7225036621094,25873800,0.0,0.0,326.4724548339844,319.99204406738284
2023-06-05 00:00:00-04:00,329.54551312664034,332.82897116316303,328.99499501279143,330.2533264160156,21307100,0.0,0.0,327.07212524414064,321.7222534179688
2023-06-06 00:00:00-04:00,329.6536491257751,329.6929804213879,326.54716679509426,328.0315856933594,20396200,0.0,0.0,327.557763671875,322.9510894775391
2023-06-07 00:00:00-04:00,326.03600504343115,328.8279274839087,317.0408972156509,317.906005859375,40717100,0.0,0.0,326.5727233886719,323.7493469238281
2023-06-08 00:00:00-04:00,318.45645718009644,321.1107645064962,317.87644809786565,319.7541198730469,23277700,0.0,0.0,325.1335083007813,324.87102661132815
2023-06-09 00:00:00-04:00,319.4886914158621,324.40405344263496,318.91852262119164,321.2582397460937,22529000,0.0,0.0,323.44065551757814,324.95655517578126
2023-06-12 00:00:00-04:00,323.0179085879385,326.4783425572576,319.6558178575519,326.2325744628906,24260300,0.0,0.0,322.6365051269531,324.85431518554685
2023-06-13 00:00:00-04:00,328.80826298989484,331.27578458558565,324.79734035721447,328.6313171386719,22951300,0.0,0.0,322.75645141601564,325.1571075439453
2023-06-14 00:00:00-04:00,328.6804517282309,333.30090441787564,327.1763520230472,331.6296691894531,26003800,0.0,0.0,325.5011840820313,326.0369537353516
2023-06-15 00:00:00-04:00,331.7672951050373,343.9180559623726,331.4920360241556,342.20751953125,38899100,0.0,0.0,329.9918640136719,327.56268615722655
2023-06-16 00:00:00-04:00,345.37302870803074,345.52048357890783,336.1616444283532,336.5351867675781,46552000,0.0,0.0,333.04725341796876,328.24395446777345
2023-06-20 00:00:00-04:00,333.5662870008195,336.28938669423195,330.17467528796925,332.3276062011719,26375400,0.0,0.0,334.266259765625,328.4513824462891
2023-06-21 00:00:00-04:00,330.67606636446294,332.0130604612283,326.4488669428893,327.91363525390625,25117800,0.0,0.0,334.1227233886719,328.43958740234376
2023-06-22 00:00:00-04:00,328.4641622943436,334.3625969961484,327.69736698314864,333.95953369140625,23556800,0.0,0.0,334.5886962890625,330.04494018554686
2023-06-23 00:00:00-04:00,328.70010653848016,332.2391735369446,327.8055369647912,329.34893798828125,23146900,0.0,0.0,332.01697998046876,331.0044219970703
2023-06-26 00:00:00-04:00,328.0709235599232,330.420451002799,322.9294440913957,323.03759765625,21520600,0.0,0.0,329.3174621582031,331.18235778808594
2023-06-27 00:00:00-04:00,326.24237697831273,330.45976577699514,323.72571415230334,328.9065246582031,24354100,0.0,0.0,328.63324584960935,331.4497528076172
2023-06-28 00:00:00-04:00,328.9950582750604,332.2588662926082,328.1594406198277,330.1649169921875,20259500,0.0,0.0,329.0835021972656,331.6031127929688
2023-06-29 00:00:00-04:00,329.0442074167996,330.42050299750343,326.9895893711428,329.3784484863281,16997000,0.0,0.0,328.16728515625,331.37799072265625
2023-06-30 00:00:00-04:00,332.0327017922602,336.928413125334,331.49202397478524,334.7754821777344,26832800,0.0,0.0,329.2525939941406,330.63478698730466
2023-07-03 00:00:00-04:00,333.4483145492519,335.1293598763114,330.87266977887174,332.26861572265625,12508700,0.0,0.0,331.0987976074219,330.2081298828125
2023-07-05 00:00:00-04:00,329.4177043821665,335.86665648494886,329.06381274284894,332.4259033203125,18172400,0.0,0.0,331.80267333984375,330.21795959472655
2023-07-06 00:00:00-04:00,331.5903044472357,337.183988734617,329.8207861493633,335.4931030273437,28161200,0.0,0.0,332.86831054687497,330.9759063720703
2023-07-07 00:00:00-04:00,333.576146349244,336.0043364674082,331.295411096355,331.5116882324219,21214800,0.0,0.0,333.2949584960937,330.7311218261719
2023-07-10 00:00:00-04:00,328.93602028459145,329.5553606764984,322.0446733856095,326.212890625,32791400,0.0,0.0,331.5824401855469,330.4175170898437
2023-07-11 00:00:00-04:00,325.45596628174627,327.2254847097536,321.4646944933152,326.84210205078125,26698200,0.0,0.0,330.49713745117185,330.7979675292969
2023-07-12 00:00:00-04:00,330.9021854547732,335.8666892186245,329.9879352964464,331.4920349121094,29995300,0.0,0.0,330.31036376953125,331.0565185546875
2023-07-13 00:00:00-04:00,333.81205821506575,337.92129360338816,333.2811907244009,336.8595886230469,20567200,0.0,0.0,330.5836608886719,331.7259857177734
2023-07-14 00:00:00-04:00,341.70616139811665,345.48115613970265,338.48168484795,339.3959350585937,28352700,0.0,0.0,332.16051025390624,332.727734375
2023-07-17 00:00:00-04:00,339.82845289215857,341.116275309023,336.40738021266617,339.87762451171875,20363900,0.0,0.0,334.89345703125,333.2379486083984
2023-07-18 00:00:00-04:00,339.97589142858743,360.5712687876208,336.3778730937699,353.4046630859375,64738600,0.0,0.0,340.2059692382812,335.35155334472654
2023-07-19 00:00:00-04:00,355.6264109803811,356.3243839257748,346.47401010132427,349.0693054199219,39732900,0.0,0.0,343.72142333984374,337.0158935546875
2023-07-20 00:00:00-04:00,347.58491867049014,351.91043126765385,339.52371292046627,340.9983215332031,33778400,0.0,0.0,344.549169921875,337.56641540527346
2023-07-21 00:00:00-04:00,343.23970925517426,344.3702364714845,334.0774676394136,337.9507751464844,69405400,0.0,0.0,344.2601379394531,338.2103240966797
2023-07-24 00:00:00-04:00,339.9955908905516,341.0474855444036,336.515506241867,339.2680969238281,26678100,0.0,0.0,344.138232421875,339.5158447265625
2023-07-25 00:00:00-04:00,341.23421180313346,345.9333262001537,339.22876591095803,345.0387268066406,41637700,0.0,0.0,342.4650451660156,341.33550720214845
2023-07-26 00:00:00-04:00,335.66025722913804,338.83559201935464,327.47124698104943,332.0523681640625,58383700,0.0,0.0,339.06165771484376,341.39154052734375
2023-07-27 00:00:00-04:00,334.7165317078784,335.55211932236773,323.4799903627964,325.1217346191406,39635300,0.0,0.0,335.88634033203124,340.21775512695314
2023-07-28 00:00:00-04:00,328.021789513448,334.2544650928314,327.53025330055345,332.6422119140625,28484900,0.0,0.0,334.8246276855469,339.5423828125
2023-07-31 00:00:00-04:00,331.2167454340434,331.9835406579094,327.71698030864405,330.2336730957031,25446000,0.0,0.0,333.0177429199219,338.57798767089844
2023-08-01 00:00:00-04:00,329.5160486388289,332.8093472638062,328.0512803254377,330.6465759277344,18311900,0.0,0.0,330.1393127441406,336.30217895507815
2023-08-02 00:00:00-04:00,327.9824147290401,327.9824147290401,320.8354599405336,321.9561767578125,27761300,0.0,0.0,328.1200744628906,333.5908660888672
2023-08-03 00:00:00-04:00,320.4816007481319,324.2959264406298,320.4324591287807,321.13043212890625,18253700,0.0,0.0,327.3218139648437,331.6040771484375
2023-08-04 00:00:00-04:00,326.2620478429963,329.4668732210619,321.7005778570137,322.2314453125,23741500,0.0,0.0,325.2396606445312,330.0321441650391
2023-08-07 00:00:00-04:00,322.81155793361523,325.5051673663706,321.97594018957915,324.5220947265625,17741500,0.0,0.0,324.09734497070315,328.5575439453125
2023-08-08 00:00:00-04:00,321.42539185501937,323.1851001160052,317.5324329656872,320.5307922363281,22327600,0.0,0.0,322.0741882324219,326.10675048828125
2023-08-09 00:00:00-04:00,320.94370023666625,321.5728510752816,315.61543375482944,316.7754821777344,22373300,0.0,0.0,321.0380493164063,324.5790618896484
2023-08-10 00:00:00-04:00,320.5012521187965,322.7033546890869,315.74318531670457,317.46356201171875,20113700,0.0,0.0,320.30467529296874,323.81324462890626
2023-08-11 00:00:00-04:00,314.83880646948256,316.9524063309863,313.8065623503819,315.5761108398437,24355500,0.0,0.0,318.9736083984375,322.10663452148435
2023-08-14 00:00:00-04:00,315.9496735414383,318.57446021923187,314.6618210129477,318.5548095703125,18836100,0.0,0.0,317.7801513671875,320.9387481689453
2023-08-15 00:00:00-04:00,317.53239911449145,319.5870169204076,315.4679409838277,316.41168212890625,16966300,0.0,0.0,316.9563293457031,319.5152587890625
2023-08-16 00:00:00-04:00,316.03730499135764,319.6035867530306,315.0521512600074,315.64324951171875,20698900,0.68,0.0,316.7298828125,318.88396606445315
2023-08-17 00:00:00-04:00,315.78126532082626,317.0915068864775,311.5155317492243,312.17559814453125,21257200,0.0,0.0,315.6722900390625,317.9884826660156
2023-08-18 00:00:00-04:00,309.82101758009554,313.6532803999144,306.92466292217586,311.781494140625,24755000,0.0,0.0,314.9133666992187,316.9434875488281
2023-08-21 00:00:00-04:00,313.20991857735174,317.97805902911256,312.3331473900361,317.1012878417969,24040000,0.0,0.0,314.62266235351564,316.20140686035154
2023-08-22 00:00:00-04:00,320.66757506765094,321.23895106672995,316.68754513415576,317.6726989746094,16084600,0.0,0.0,314.87486572265624,315.9155975341797
2023-08-23 00:00:00-04:00,319.0125425262804,324.3126753088463,318.65787148938745,322.14532470703125,21166400,0.0,0.0,316.17528076171874,316.45258178710935
2023-08-24 00:00:00-04:00,327.90848314598765,328.0365579639024,315.2098348852326,315.2196960449219,23281400,0.0,0.0,316.7841003417969,316.2281951904297
2023-08-25 00:00:00-04:00,316.697405641925,320.5296384398639,314.06703166493907,318.1849975585937,21684100,0.0,0.0,318.06480102539064,316.4890838623047
2023-08-28 00:00:00-04:00,320.8251800789058,321.30789580516176,316.943671823176,318.894287109375,14808500,0.0,0.0,318.42340087890625,316.5230316162109
2023-08-29 00:00:00-04:00,317.10127977619635,324.09587710343106,317.10127977619635,323.5343322753906,19284600,0.0,0.0,319.5957275390625,317.23529663085935
2023-08-30 00:00:00-04:00,323.79050827975385,324.913567962967,321.6034656708571,323.9087219238281,15222100,0.0,0.0,319.9484069824219,318.0618438720703
2023-08-31 00:00:00-04:00,324.3126669507392,325.99727165516003,321.92858135018474,322.89404296875,26411000,0.0,0.0,321.4832763671875,319.13368835449216
2023-09-01 00:00:00-04:00,326.3913218734916,327.06121928059684,321.9285761050108,323.7806701660156,14942000,0.0,0.0,322.6024108886719,320.33360595703124
2023-09-05 00:00:00-04:00,324.1155849082222,329.8787403792181,323.78063623976607,328.5980224609375,18553900,0.0,0.0,324.54315795898435,321.4832794189453
2023-09-06 00:00:00-04:00,328.43056516101285,329.4945179929177,325.2780611047277,327.93798828125,17535800,0.0,0.0,325.42388916015625,322.5098083496094
2023-09-07 00:00:00-04:00,326.37160197842854,328.1350055862109,324.14514483010225,325.0120849609375,18381000,0.0,0.0,325.6445617675781,322.796484375
2023-09-08 00:00:00-04:00,325.18937681702226,331.1692669104406,324.568725184115,329.30731201171875,19530100,0.0,0.0,326.9272155761719,324.2052459716797
2023-09-11 00:00:00-04:00,332.2332623849475,333.395766733697,330.45013638799065,332.9228820800781,16583300,0.0,0.0,328.7556579589844,325.6790344238281
2023-09-12 00:00:00-04:00,330.8343426682216,331.7899430173362,326.5587789605408,326.8444519042969,17565500,0.0,0.0,328.4049438476562,326.4740509033203
2023-09-13 00:00:00-04:00,326.3912598162644,331.8490195630108,326.2533539360852,331.0707397460937,16544400,0.0,0.0,329.03149414062494,327.2276916503906
2023-09-14 00:00:00-04:00,334.1149015081179,335.7995060691533,331.5732179610208,333.6716003417969,20267000,0.0,0.0,330.7633972167969,328.2039794921875
2023-09-15 00:00:00-04:00,331.91801655332216,332.39087111470906,324.7559295090808,325.3174743652344,37679800,0.0,0.0,329.9654296875,328.4463226318359
2023-09-18 00:00:00-04:00,322.93340970271976,325.4948156439136,321.5147857988126,324.1747131347656,16834200,0.0,0.0,328.2157958984375,328.48572692871096
2023-09-19 00:00:00-04:00,321.32762034749874,324.49981670881084,319.69226147159173,323.7707824707031,16505900,0.0,0.0,327.60106201171874,328.0030029296875
2023-09-20 00:00:00-04:00,324.6180468666076,324.6968459443136,315.7516624314958,316.0077819824219,21436500,0.0,0.0,324.5884704589844,326.8099822998047
2023-09-21 00:00:00-04:00,314.5201521601659,320.51973405660937,310.323388147436,314.7861328125,35560400,0.0,0.0,320.811376953125,325.7873870849609
2023-09-22 00:00:00-04:00,316.5495989744166,316.6776737677098,311.4563410385971,312.3035888671875,21447900,0.0,0.0,318.20859985351564,324.08701477050784
2023-09-25 00:00:00-04:00,311.88980607113865,312.95378890256507,310.3234152969044,312.8257141113281,17836000,0.0,0.0,315.9388000488281,322.0772979736328
2023-09-26 00:00:00-04:00,310.4515206404709,311.190385987701,305.41736910779923,307.50592041015625,26297600,0.0,0.0,312.6858276367187,320.14344482421876
2023-09-27 00:00:00-04:00,307.6634944681224,309.63380190644403,305.0922576920753,308.146240234375,19410100,0.0,0.0,311.1135192871094,317.8509948730469
2023-09-28 00:00:00-04:00,306.37299129807553,310.79635260217924,304.8558759902322,308.9836730957031,19683600,0.0,0.0,309.95302734375,315.3822021484375
2023-09-29 00:00:00-04:00,313.03259381243663,314.7270594095326,310.303728837514,311.0622863769531,24147300,0.0,0.0,309.70476684570315,313.95668334960936
2023-10-02 00:00:00-04:00,311.5844231256774,317.1111512307064,310.50074800072014,317.0224609375,20570000,0.0,0.0,310.5441162109375,313.2414581298828
2023-10-03 00:00:00-04:00,316.066851138571,316.6185648747961,306.589677271056,308.7373352050781,21033500,0.0,0.0,310.7903991699219,311.7381134033203
2023-10-04 00:00:00-04:00,309.36780894776786,315.2885921855911,309.33825553994615,314.224609375,20720100,0.0,0.0,312.0060729980469,311.55979614257814
2023-10-05 00:00:00-04:00,314.35270217569223,315.22950343215035,310.22490561454885,314.6186828613281,16965600,0.0,0.0,313.13307495117186,311.5430511474609
2023-10-06 00:00:00-04:00,311.8504393547701,324.3027984562463,311.6041508921413,322.4014587402344,25673600,0.0,0.0,315.4009094238281,312.55283813476564
2023-10-09 00:00:00-04:00,319.9286944478217,325.3962859760922,318.3819957765028,324.9234313964844,19891200,0.0,0.0,316.981103515625,313.7626098632812
2023-10-10 00:00:00-04:00,326.0465321921805,326.18446817162754,322.80539744931383,323.51470947265625,20557100,0.0,0.0,319.93657836914065,315.3634887695313
2023-10-11 00:00:00-04:00,326.2928358564572,327.8789493713541,324.25359000089406,327.4848937988281,20063200,0.0,0.0,322.58863525390626,317.29735412597654
2023-10-12 00:00:00-04:00,325.66232361261683,328.67689206438564,323.8397829313096,326.2435607910156,19313100,0.0,0.0,324.9136108398437,319.0233428955078
2023-10-13 00:00:00-04:00,327.44536877291046,328.8738234995549,321.51472467136387,322.8644104003906,21072400,0.0,0.0,325.006201171875,320.20355529785155
2023-10-16 00:00:00-04:00,326.1351476327568,331.14960684186315,325.69184646938805,327.7015686035156,22158000,0.0,0.0,325.56182861328125,321.27146606445314
2023-10-17 00:00:00-04:00,324.6968264635894,328.5093667316264,322.5491984669727,327.1301574707031,18338500,0.0,0.0,326.2849182128906,323.1107482910156
2023-10-18 00:00:00-04:00,327.5538387745364,330.60782214021685,323.42604117320155,325.20916748046875,23153600,0.0,0.0,325.82977294921875,324.2092041015625
2023-10-19 00:00:00-04:00,327.2188485573751,331.87863713798964,325.9972673917256,326.40118408203125,25052100,0.0,0.0,325.8612976074219,325.3874542236328
2023-10-20 00:00:00-04:00,326.7952048674921,326.9922476443287,320.6183016458001,321.8201904296875,25027700,0.0,0.0,325.65245361328124,325.32932739257814
2023-10-23 00:00:00-04:00,320.63799913570296,327.79022513571806,319.57404629112153,324.43084716796875,24374700,0.0,0.0,324.99830932617186,325.2800689697266
2023-10-24 00:00:00-04:00,326.38142132445483,326.9134127609565,322.73637053310733,325.62286376953125,31153600,0.0,0.0,324.6968505859375,325.4908843994141
2023-10-25 00:00:00-04:00,339.8977607961559,341.0602651549816,332.607628527267,335.61236572265625,55053800,0.0,0.0,326.777490234375,326.3036315917969
2023-10-26 00:00:00-04:00,335.48431600999555,336.558130148408,322.08621701756,323.0221252441406,37828500,0.0,0.0,326.1016784667969,325.9814880371094
2023-10-27 00:00:00-04:00,325.5243647678988,331.7209906231655,323.5245037451174,324.91357421875,29856500,0.0,0.0,326.72035522460936,326.1864044189453
2023-10-30 00:00:00-04:00,328.46012188812404,334.41045907381,326.9035620962308,332.3022155761719,22828100,0.0,0.0,328.29462890625,326.64646911621094
2023-10-31 00:00:00-04:00,333.81936627648764,333.9671333314319,329.7211229204908,333.09033203125,20265300,0.0,0.0,329.7881225585937,327.24248657226565
2023-11-01 00:00:00-04:00,334.7453951862708,342.26212297561244,334.6074592327571,340.9321594238281,28158800,0.0,0.0,330.8520812988281,328.8147857666016
2023-11-02 00:00:00-04:00,342.0847902707167,343.6511811792391,339.6514592221173,343.1487731933594,24348100,0.0,0.0,334.8774108886719,330.4895446777344
2023-11-03 00:00:00-04:00,344.43930484102884,349.12864623567805,342.1734332140444,347.5622253417969,23637700,0.0,0.0,339.4071411132812,333.0637481689453
2023-11-06 00:00:00-05:00,348.2026170147718,352.2318923839863,348.10409562346064,351.23687744140625,23828300,0.0,0.0,343.19407348632814,335.7443511962891
2023-11-07 00:00:00-05:00,354.064322499224,357.0788911715452,352.32061083645385,355.17755126953125,25833900,0.0,0.0,347.61151733398435,338.69981994628904
2023-11-08 00:00:00-05:00,356.31040835628005,358.4678975179717,355.1971797857397,357.807861328125,26767800,0.0,0.0,350.9866577148438,340.91936950683595
2023-11-09 00:00:00-05:00,356.9211660005945,359.3742191060245,355.0099654575065,355.3350830078125,24847300,0.0,0.0,353.4239196777344,344.1506652832031
2023-11-10 00:00:00-05:00,356.12327252342453,364.60546320817616,355.7095247229065,364.1818542480469,28042100,0.0,0.0,356.7478454589844,348.07749328613284
2023-11-13 00:00:00-05:00,362.7533207541214,362.9996091955093,360.4677568025591,361.2361755371094,19986500,0.0,0.0,358.747705078125,350.97088928222655
2023-11-14 00:00:00-05:00,365.5019224424188,366.4279694233388,361.8962559120404,364.77288818359375,27683900,0.0,0.0,360.6667724609375,354.13914489746094
2023-11-15 00:00:00-05:00,366.5102924140752,368.33653212587393,362.3938497137021,364.9209899902344,26860100,0.75,0.0,362.0893981933594,356.53802795410155
2023-11-16 00:00:00-05:00,366.1944031837435,371.5151742717362,365.4244247654556,371.3374938964844,27182300,0.0,0.0,365.2898803710938,359.3569000244141
2023-11-17 00:00:00-05:00,368.8103393472648,369.5605855145444,362.2852703283084,365.0986633300781,40157000,0.0,0.0,365.4732421875,361.1105438232422
2023-11-20 00:00:00-05:00,366.45106107636286,374.0027780403626,366.2338861383217,372.5911560058594,52465100,0.0,0.0,367.74423828125,363.2459716796875
2023-11-21 00:00:00-05:00,370.84388727711456,371.3868095328424,366.3523217617588,368.27728271484375,28423100,0.0,0.0,368.4451171875,364.5559448242187
2023-11-22 00:00:00-05:00,373.1439470967272,374.9109599374389,370.1528738051793,372.9958801269531,23345300,0.0,0.0,370.0600952148437,366.0747467041016
2023-11-24 00:00:00-05:00,372.4825469539782,373.1143395355948,370.32070891042537,372.5812683105469,10176600,0.0,0.0,370.30885009765626,367.799365234375
2023-11-27 00:00:00-05:00,371.9396164792958,375.7500438550152,371.3670808246685,373.74609375,22179200,0.0,0.0,372.0383361816406,368.7557891845703
2023-11-28 00:00:00-05:00,373.4894767472904,378.0797338088983,373.3019152003715,377.7835998535156,20453100,0.0,0.0,373.0768249511719,370.41053161621096
2023-11-29 00:00:00-05:00,378.8299276120449,379.3629686580248,372.5911120600972,373.9830017089844,28963400,0.0,0.0,374.21796875,371.33154296875
2023-11-30 00:00:00-05:00,373.6276491974568,375.2071005292818,370.6464570262143,374.0422668457031,30554400,0.0,0.0,374.42724609375,372.24367065429686
2023-12-01 00:00:00-05:00,371.91985572486345,373.3018642037359,366.5398586413122,369.6987609863281,33040500,0.0,0.0,373.8507446289062,372.0797973632813
2023-12-04 00:00:00-05:00,364.35833257657214,364.77292014179767,358.2379693353027,364.3978271484375,32063300,0.0,0.0,371.98109130859376,372.0097137451172
2023-12-05 00:00:00-05:00,361.7423166959654,368.287117368969,360.9229626368156,367.73431396484375,23065000,0.0,0.0,369.9712341308594,371.52402954101564
2023-12-06 00:00:00-05:00,368.74126102951465,369.3730234915096,363.3020365748813,364.0621337890625,21182100,0.0,0.0,367.987060546875,371.1025146484375
2023-12-07 00:00:00-05:00,363.4994209448242,366.6780553424716,361.61395478382457,366.1844787597656,23118900,0.0,0.0,366.4155029296875,370.42137451171874
2023-12-08 00:00:00-05:00,364.45701385787805,369.6494197796378,363.4994739427989,369.4223937988281,20154400,0.0,0.0,366.3602294921875,370.10548706054686
2023-12-11 00:00:00-05:00,363.7462797263503,366.8261933792064,361.3968499172915,366.530029296875,27708800,0.0,0.0,366.786669921875,369.3838806152344
2023-12-12 00:00:00-05:00,366.085815070236,369.6099596558735,365.7008108148424,369.5704650878906,24838300,0.0,0.0,367.1539001464844,368.56256713867185
2023-12-13 00:00:00-05:00,371.1893436660844,372.7885571910575,366.0067892509358,369.560546875,30955500,0.0,0.0,368.2535827636719,368.1203216552734
2023-12-14 00:00:00-05:00,368.5142312954152,368.95846237315817,359.452170363918,361.2290344238281,43277500,0.0,0.0,367.2624938964844,366.83899841308596
2023-12-15 00:00:00-05:00,362.1372168446584,367.6159059530904,361.5745321982381,365.9673767089844,78502300,0.0,0.0,366.5714904785156,366.4658599853516
2023-12-18 00:00:00-05:00,364.703768160994,368.2081500319999,363.9436409033798,367.8626403808594,21802900,0.0,0.0,366.8380126953125,366.8123413085938
2023-12-19 00:00:00-05:00,366.717532787326,368.4648132324219,365.0887360317226,368.4648132324219,20603700,0.0,0.0,366.61688232421875,366.88539123535156
2023-12-20 00:00:00-05:00,370.18250108115,371.1992678124317,365.7699244632415,365.8587646484375,26316700,0.0,0.0,365.87652587890625,367.06505432128904
2023-12-21 00:00:00-05:00,367.7738204038608,369.6000599811611,365.28620500497976,368.7412414550781,17708000,0.0,0.0,367.37896728515625,367.3207305908203
2023-12-22 00:00:00-05:00,368.8794513235901,370.3601813274184,367.9219113827599,369.7678833007813,17107500,0.0,0.0,368.1390686035156,367.35527954101565
2023-12-26 00:00:00-05:00,370.18249130335374,372.097571135072,368.70176133814033,369.8468627929688,12673100,0.0,0.0,368.5359130859375,367.686962890625
2023-12-27 00:00:00-05:00,368.8893727209846,370.24176811852897,368.02067287059725,369.2644958496094,14905400,0.0,0.0,368.69584960937505,367.6563659667969
2023-12-28 00:00:00-05:00,370.5477024801698,371.6236958839342,369.3532555090956,370.4588623046875,14327000,0.0,0.0,369.615869140625,367.74619750976564
2023-12-29 00:00:00-05:00,371.169642395573,372.3147438435589,368.6820269140694,371.2091369628906,18730800,0.0,0.0,370.10944824218757,368.74420776367185
2024-01-02 00:00:00-05:00,369.0571391968686,371.070940478164,362.0582255182153,366.1055603027344,25258600,0.0,0.0,369.3769836425781,368.7580261230469
2024-01-03 00:00:00-05:00,364.2694192535016,368.4648204373629,363.7758426436355,365.8389892578125,23083500,0.0,0.0,368.5754089355469,368.5556610107422
2024-01-04 00:00:00-05:00,365.90813521572943,368.3069105586838,362.4530985878348,363.2131958007813,20901500,0.0,0.0,367.3651489257812,368.03049926757814
2024-01-05 00:00:00-05:00,364.22996302547705,367.2802631804361,361.7916931110851,363.025634765625,21004600,0.0,0.0,365.8785034179688,367.7471862792969
2024-01-08 00:00:00-05:00,364.5556942050089,370.3799226566514,364.26944144422686,369.87646484375,23134000,0.0,0.0,365.6119689941406,367.86070861816404
2024-01-09 00:00:00-05:00,367.230963518503,371.1598149578628,366.4214904617033,370.96240234375,20830000,0.0,0.0,366.5833374023438,367.98016052246095
2024-01-10 00:00:00-05:00,371.5348859821227,379.2346998654404,371.4855403668981,377.8526611328125,25514200,0.0,0.0,368.98607177734374,368.78074035644534
2024-01-11 00:00:00-05:00,381.0411769503781,385.66104720244766,375.49338017859446,379.6887817382813,27850800,0.0,0.0,372.28118896484375,369.8231689453125
2024-01-12 00:00:00-05:00,380.53776413601776,383.6867859715864,379.7085588741406,383.4794921875,21661200,0.0,0.0,376.37196044921876,371.12523193359374
2024-01-16 00:00:00-05:00,388.6027813692521,388.9680232792621,382.6403668536405,385.2563171386719,27202300,0.0,0.0,379.44793090820315,372.5299499511719
2024-01-17 00:00:00-05:00,382.99573452754953,385.0983456761598,379.8664454228588,384.4665832519531,22234100,0.0,0.0,382.1487670898438,374.3660522460938
2024-01-18 00:00:00-05:00,386.68771541228006,388.928542694452,385.1082640110595,388.8100891113281,23392100,0.0,0.0,384.3402526855469,376.6631622314453
2024-01-19 00:00:00-05:00,390.6758115906089,393.5484313964844,388.44483542424194,393.5484313964844,29331100,0.0,0.0,387.1121826171875,379.6966857910156
2024-01-22 00:00:00-05:00,394.8810250545832,395.473323018941,388.53363700238464,391.4161376953125,27016900,0.0,0.0,388.69951171875,382.5357360839844
2024-01-23 00:00:00-05:00,390.6659247403921,394.24929609694567,388.8692984754516,393.77545166015625,20525900,0.0,0.0,390.40333862304686,384.925634765625
2024-01-24 00:00:00-05:00,396.38157265965583,400.4190263282457,395.3055791013252,397.3884582519531,24867000,0.0,0.0,392.9877136230469,387.5682403564453
2024-01-25 00:00:00-05:00,399.1258704041607,401.7813154634368,397.3588573808602,399.6687927246094,21021200,0.0,0.0,395.1594543457031,389.749853515625
2024-01-26 00:00:00-05:00,399.1751946098328,400.9520887119918,397.2601147041947,398.7408447265625,17803300,0.0,0.0,396.19793701171875,391.6550598144531
2024-01-29 00:00:00-05:00,400.8434667217464,404.71312091427023,399.13568066698633,404.4564514160156,24510200,0.0,0.0,398.8059997558594,393.7527557373047
2024-01-30 00:00:00-05:00,406.9638388534664,407.7436682887795,401.2284804530268,403.3409729003906,33477600,0.0,0.0,400.71910400390624,395.56122131347655
2024-01-31 00:00:00-05:00,401.731946506787,409.9845647455708,392.1072006824213,392.4724426269531,47871100,0.0,0.0,399.73590087890625,396.36180725097654
2024-02-01 00:00:00-05:00,396.6678123790341,402.75856172705096,396.63819898392825,398.5927734375,30657700,0.0,0.0,399.52069702148435,397.34007568359374
2024-02-02 00:00:00-05:00,398.6224149788767,407.3488474840627,398.3756266270597,405.9372253417969,28256700,0.0,0.0,400.95997314453126,398.578955078125
2024-02-05 00:00:00-05:00,404.6341838040877,405.8780067625911,398.8001034339848,400.4387817382813,25352300,0.0,0.0,400.15643920898435,399.48121948242186
2024-02-06 00:00:00-05:00,400.6657659465184,402.72891262404,397.73391958887714,400.28076171875,18382600,0.0,0.0,399.5443969726563,400.1317504882812
2024-02-07 00:00:00-05:00,402.2057357082919,408.97759276390855,402.1662411418564,408.7308044433594,22340500,0.0,0.0,402.7960693359375,401.2659851074219
2024-02-08 00:00:00-05:00,408.7308427876322,410.2214540237569,407.23038050312016,408.7900695800781,21225300,0.0,0.0,404.8355285644531,402.17811279296876
2024-02-09 00:00:00-05:00,409.9154079087516,415.4138590210017,409.757459765656,415.1473083496094,22032800,0.0,0.0,406.67754516601565,403.8187591552734
2024-02-12 00:00:00-05:00,415.15722436629136,415.33490474511336,409.4218656208019,409.9253234863281,21202900,0.0,0.0,408.574853515625,404.3656463623047
2024-02-13 00:00:00-05:00,399.7378822405464,404.8019837750344,398.2078065895252,401.1001586914063,27824900,0.0,0.0,408.7387329101563,404.1415649414063
2024-02-14 00:00:00-05:00,403.5725956832902,405.3230773353537,400.111169801605,404.9769287109375,20401200,0.75,0.0,407.9879577636719,405.3920135498047
2024-02-15 00:00:00-05:00,403.6417964220221,404.62087571418016,399.8342222462888,402.0791931152344,21825500,0.0,0.0,406.6457824707031,405.74065551757815
2024-02-16 00:00:00-05:00,403.4637615690979,403.79014145741866,398.9935884935407,399.6067504882813,22296500,0.0,0.0,403.5376708984375,405.10760803222655
2024-02-20 00:00:00-05:00,398.7958219344355,400.0320454973026,393.62348186339256,398.3507995605469,24307900,0.0,0.0,401.22276611328124,404.8988098144531
2024-02-21 00:00:00-05:00,395.7596706387702,397.8563009238514,392.8421710254568,397.74749755859375,18518900,0.0,0.0,400.55223388671874,404.6454833984375
2024-02-22 00:00:00-05:00,405.6692280234365,408.2801164360882,404.0670871504759,407.1131286621094,27009900,0.0,0.0,400.97947387695314,404.4837158203125
2024-02-23 00:00:00-05:00,411.0888399370884,411.27671814639945,404.46266976176094,405.8175659179688,16295900,0.0,0.0,401.7271484375,404.1864654541016
2024-02-26 00:00:00-05:00,406.9252114178632,407.61750865515694,402.8703922735096,403.0484313964844,16193500,0.0,0.0,402.4154846191406,402.9765777587891
2024-02-27 00:00:00-05:00,403.4934333497847,403.819813241038,399.3990769906631,402.9890747070313,14835800,0.0,0.0,403.3431396484375,402.2829528808594
2024-02-28 00:00:00-05:00,403.6813927822056,404.7890443009674,400.8529276668845,403.2264709472656,13183100,0.0,0.0,404.4389343261719,402.49558410644534
2024-02-29 00:00:00-05:00,404.13634340042967,409.6350635504339,401.4463196436388,409.0812377929688,31947300,0.0,0.0,404.8325561523438,402.90601501464846
2024-03-01 00:00:00-05:00,406.7372936922519,411.2866021355908,406.3516076606767,410.9206848144531,17823400,0.0,0.0,405.8531799316407,403.79016418457036
2024-03-04 00:00:00-05:00,408.8834074088287,412.7503182324152,407.7757559549475,410.34710693359375,17596000,0.0,0.0,407.31291503906255,404.86419982910155
2024-03-05 00:00:00-05:00,409.3976900637708,409.6845023906636,396.2245142764836,398.21234130859375,26919200,0.0,0.0,406.357568359375,404.85035400390626
2024-03-06 00:00:00-05:00,398.5287839468186,400.69464990996806,393.9992743713947,397.6584777832031,22344100,0.0,0.0,405.2439697265625,404.84145202636716
2024-03-07 00:00:00-05:00,401.644063065413,405.26372907387855,397.8068205149772,404.63079833984375,18718500,0.0,0.0,404.3538818359375,404.5932189941406
2024-03-08 00:00:00-05:00,403.4637944607813,405.8967041096042,399.8737964840018,401.7429809570313,18002200,0.0,0.0,402.5183410644531,404.1857604980469
2024-03-11 00:00:00-04:00,399.3100726931067,401.2088950055716,396.83762579993305,400.0616760253906,16120800,0.0,0.0,400.4612548828125,403.8870849609375
2024-03-12 00:00:00-04:00,403.1275435831552,410.98993730983005,402.3067044386273,410.703125,22457000,0.0,0.0,402.95941162109375,404.6584899902344
2024-03-13 00:00:00-04:00,413.4920217013,413.5711267216115,406.9153190454339,410.5250854492188,17115900,0.0,0.0,405.53273315429686,405.3883514404297
2024-03-14 00:00:00-04:00,415.608444013985,423.10492026926096,413.3832416992079,420.5335693359375,34157300,0.0,0.0,408.7132873535156,406.53358459472656
2024-03-15 00:00:00-04:00,414.66890001382535,417.94241719453214,408.2405382709743,411.8305358886719,45079900,0.0,0.0,410.7307983398438,406.62456970214845
2024-03-18 00:00:00-04:00,409.6844396223344,416.0930326692394,409.2196184111682,412.7206115722656,20106000,0.0,0.0,413.26258544921876,406.86192016601564
2024-03-19 00:00:00-04:00,413.2250029233721,417.0227081134529,410.970132443708,416.76556396484375,19837900,0.0,0.0,414.4750732421875,408.7172424316406
2024-03-20 00:00:00-04:00,417.34901442427935,421.2653616539131,416.0237865784244,420.5434265136719,17860100,0.0,0.0,416.47874145507814,411.0057373046875
2024-03-21 00:00:00-04:00,425.092769724827,426.0718793185735,422.4522130725389,424.6378479003906,21296200,0.0,0.0,417.2995971679687,413.0064422607422
2024-03-22 00:00:00-04:00,424.9642424933846,425.1224525568096,421.3742442819616,424.0148010253906,17648500,0.0,0.0,419.7364501953125,415.23362426757814
2024-03-25 00:00:00-04:00,420.5533594694659,422.6994568687828,416.9633613897557,418.1995849609375,18060500,0.0,0.0,420.8322448730469,417.0474151611328
2024-03-26 00:00:00-04:00,420.9192775167625,421.2950943120244,416.70624810241935,417.0029296875,16725600,0.0,0.0,420.8797180175781,417.6773956298828
2024-03-27 00:00:00-04:00,419.7622060149696,419.7721054619498,414.3920578406214,416.7853698730469,16705000,0.0,0.0,420.12810668945315,418.3034240722656
2024-03-28 00:00:00-04:00,416.3205056535144,417.2204799799258,414.5007882900106,416.0831604003906,21871200,0.0,0.0,418.41716918945315,417.85838317871094
2024-04-01 00:00:00-04:00,419.27758502766966,423.1741640135649,417.56664079478026,419.8907470703125,16316000,0.0,0.0,417.5923583984375,418.664404296875
2024-04-02 00:00:00-04:00,415.4798379266574,417.72483894977006,413.23486708478026,416.7951965332031,17912000,0.0,0.0,417.3114807128906,419.0718627929688
2024-04-03 00:00:00-04:00,415.1040656775575,418.5951594920779,414.4711047843508,415.8161315917969,16502300,0.0,0.0,417.07412109375,418.97691955566404
2024-04-04 00:00:00-04:00,420.3061000373157,423.9455650411732,412.96789407723793,413.27447509765625,19370900,0.0,0.0,416.3719421386719,418.2500244140625
2024-04-05 00:00:00-04:00,415.3810083958257,421.809370796235,413.7096317572202,420.8302612304688,16554800,0.0,0.0,417.3213623046875,417.8692657470703
2024-04-08 00:00:00-04:00,420.4841470901874,422.5708779576157,418.63473130535374,419.9105224609375,14272400,0.0,0.0,417.3253173828125,417.458837890625
2024-04-09 00:00:00-04:00,421.74011889073387,423.0257792491063,416.9732338650976,421.5818786621094,12496900,0.0,0.0,418.28265380859375,417.7970672607422
2024-04-10 00:00:00-04:00,417.5369697470064,419.3566871510799,415.0744221472326,418.5951843261719,16216600,0.0,0.0,418.8384643554688,417.9562927246094
2024-04-11 00:00:00-04:00,421.1269533333631,424.6378159464607,417.7050650079003,423.2136840820313,17966400,0.0,0.0,420.82630615234376,418.5991241455078
2024-04-12 00:00:00-04:00,419.3764509864425,420.4940018672189,415.1436229002308,417.2501525878906,19253800,0.0,0.0,420.11028442382815,418.7158233642578
2024-04-15 00:00:00-04:00,421.8983956076828,422.1159721682041,408.8735304979892,409.0812377929688,20273500,0.0,0.0,417.9444274902344,417.63487243652344
2024-04-16 00:00:00-04:00,410.00096447508815,413.7887401482267,409.1702258721835,410.0108337402344,16765600,0.0,0.0,415.6302185058594,416.95643615722656
2024-04-17 00:00:00-04:00,412.6514352391037,414.2634756329666,405.80768815023976,407.3010559082031,15855500,0.0,0.0,413.37139282226565,416.1049285888672
2024-04-18 00:00:00-04:00,406.1044050559459,407.3505281111276,399.4980333365914,399.8144836425781,21029900,0.0,0.0,408.691552734375,414.75892944335936
2024-04-19 00:00:00-04:00,399.5770806601768,401.0111119112168,393.38606406583966,394.72119140625,30565800,0.0,0.0,404.1857604980469,412.1480224609375
2024-04-22 00:00:00-04:00,395.6706483655049,398.4101391191041,391.3883831886319,396.54095458984375,20286900,0.0,0.0,401.6777038574219,409.8110656738281
2024-04-23 00:00:00-04:00,399.78477819553336,403.70115595190015,398.61779046162303,403.0780944824219,15734500,0.0,0.0,400.29115600585936,407.9606872558594
2024-04-24 00:00:00-04:00,405.04615566067775,407.9240875957352,402.2967957988556,404.5516662597656,15065300,0.0,0.0,399.74127807617185,406.55633544921875
2024-04-25 00:00:00-04:00,389.6873267702122,395.4827584021969,383.7534537964164,394.6421203613281,40586500,0.0,0.0,398.70680541992186,403.6991790771484
2024-04-26 00:00:00-04:00,407.6273897054112,408.4482287983126,401.2880322178101,401.84185791015625,29694700,0.0,0.0,400.1309387207031,402.158349609375
2024-04-29 00:00:00-04:00,400.7836477446808,401.8418622752519,394.7904387950027,397.8167114257813,19582100,0.0,0.0,400.38609008789064,401.0318969726563
2024-04-30 00:00:00-04:00,397.0650470671715,397.7276760733485,384.8808524680993,385.0390625,28781400,0.0,0.0,396.7782836914063,398.5347198486328
2024-05-01 00:00:00-04:00,388.2829428234783,397.29255516859246,386.0083037107917,390.5872802734375,23562500,0.0,0.0,393.98540649414065,396.86334228515625
2024-05-02 00:00:00-04:00,393.2773133250789,395.5222843363775,390.3004774783613,393.455322265625,17709400,0.0,0.0,393.748046875,396.22742614746096
2024-05-03 00:00:00-04:00,397.8463688482122,402.6626905136215,397.4309844950286,402.1781005859375,17446700,0.0,0.0,393.81529541015624,396.9731170654297
2024-05-06 00:00:00-04:00,404.2550125312421,409.3680163872942,401.8913385451104,408.9823303222656,16996600,0.0,0.0,396.0484191894531,398.2172546386719
2024-05-07 00:00:00-04:00,410.08995728026827,410.0998567263718,404.5813380609886,404.8285827636719,20018200,0.0,0.0,400.0063232421875,398.3923034667969
2024-05-08 00:00:00-04:00,403.6714754994307,407.6867268679436,402.2275447730789,406.0153503417969,11792300,0.0,0.0,403.09193725585936,398.538671875
2024-05-09 00:00:00-04:00,406.0450438901993,408.1713423301442,404.59124380852967,407.7757568359375,14689700,0.0,0.0,405.9560241699219,399.85203552246094
2024-05-10 00:00:00-04:00,408.3888871888216,410.8019977518393,407.2614369275202,410.1690368652344,13402300,0.0,0.0,407.55421142578126,400.68475341796875
2024-05-13 00:00:00-04:00,413.4030363250276,413.739285494042,406.29227636469005,409.1603088378906,15440200,0.0,0.0,407.5898071289063,401.81911315917966
2024-05-14 00:00:00-04:00,407.47905225770086,412.8887677392151,407.01423099397886,411.9690246582031,15109300,0.0,0.0,409.0178955078125,404.512109375
2024-05-15 00:00:00-04:00,414.039731407047,419.89514266479534,413.4155460606136,419.171875,22239500,0.75,0.0,411.6492004394531,407.3705688476563
2024-05-16 00:00:00-04:00,417.9036505371182,421.4902365295034,416.4670629155656,417.1011352539063,17530100,0.0,0.0,413.5142761230469,409.7351501464844
2024-05-17 00:00:00-04:00,418.63686307177926,419.0133577205119,414.1685137971008,416.328369140625,15352200,0.0,0.0,414.746142578125,411.1501770019531
2024-05-20 00:00:00-04:00,416.328393162389,422.8277941720161,416.1104241550555,421.4110107421875,16272100,0.0,0.0,417.1962829589844,412.39304504394534
2024-05-21 00:00:00-04:00,422.88723589418726,428.9705334710034,420.9255450713884,425.0768432617188,21453300,0.0,0.0,419.8178466796875,414.41787109375
2024-05-22 00:00:00-04:00,426.1171006588035,428.4156772425905,423.1844517072994,426.5431213378906,18073700,0.0,0.0,421.29209594726564,416.47064819335935
2024-05-23 00:00:00-04:00,428.9705184673677,429.5947037930371,421.4902723328989,423.0556640625,17211700,0.0,0.0,422.4830017089844,417.99863891601564
2024-05-24 00:00:00-04:00,423.2438961414034,427.07814273445496,420.4895772016025,426.18646240234375,11855300,0.0,0.0,424.4546203613281,419.6003814697266
2024-05-28 00:00:00-04:00,425.6613725566471,426.8403825578059,422.6593628632313,426.3450012207031,15718000,0.0,0.0,425.44141845703126,421.3188507080078
2024-05-29 00:00:00-04:00,421.7577322025146,426.959235835121,421.7577322025146,425.2055969238281,15517100,0.0,0.0,425.4671691894531,422.6425079345703
2024-05-30 00:00:00-04:00,420.3805569661453,420.3805569661453,410.4134876792539,410.8395385742188,28394500,0.0,0.0,422.3264526367187,421.8092742919922
2024-05-31 00:00:00-04:00,412.9003493168409,412.9003493168409,400.7734237177811,411.2953186035156,47995300,0.0,0.0,419.97438354492186,421.22869262695315
2024-06-03 00:00:00-04:00,411.6915767535335,412.58325703510326,405.142650563615,409.70013427734375,17484700,0.0,0.0,416.6771179199219,420.565869140625
2024-06-04 00:00:00-04:00,408.62023297171766,412.5932008783865,405.89563568095855,412.22662353515625,14348900,0.0,0.0,413.8534423828125,419.6474304199219
2024-06-05 00:00:00-04:00,413.9505214749818,420.16259212196985,412.4544602663816,420.09326171875,16988000,0.0,0.0,412.8309753417969,419.149072265625
2024-06-06 00:00:00-04:00,420.0933033590934,421.38128277867503,416.6949643088121,420.59857177734375,14861300,0.0,0.0,414.78278198242185,418.5546173095703
2024-06-07 00:00:00-04:00,422.2630823692292,422.3423300829449,419.0926295783837,419.9347839355469,13621700,0.0,0.0,416.51067504882815,418.242529296875
2024-06-10 00:00:00-04:00,420.7769019274312,424.12565422580445,419.9743866143219,423.9176025390625,13982900,0.0,0.0,419.3541687011719,418.01564331054686
2024-06-11 00:00:00-04:00,421.54975374525634,428.82194883981816,421.32186742359215,428.6832275390625,14551100,0.0,0.0,422.64548950195314,418.2494659423828
2024-06-12 00:00:00-04:00,431.2987806638545,439.30412913800126,429.2478948330182,436.9857482910156,22366200,0.0,0.0,426.02398681640625,419.42748107910154
2024-06-13 00:00:00-04:00,436.7777391476236,439.2942848532079,435.311399477504,437.5009765625,15960600,0.0,0.0,429.4044677734375,422.0936248779297
2024-06-14 00:00:00-04:00,434.2314617214768,439.0465840193784,432.6858743754039,438.4818420410156,13582000,0.0,0.0,433.11387939453124,424.81227722167966
2024-06-17 00:00:00-04:00,438.5016642294944,446.7745389058636,436.6489427993387,444.228271484375,20790000,0.0,0.0,437.17601318359374,428.2650909423828
2024-06-18 00:00:00-04:00,445.55587588842855,445.9819268194956,440.7804227549636,442.2170104980469,17112500,0.0,0.0,439.8827697753906,431.2641296386719
2024-06-20 00:00:00-04:00,442.17734964919055,442.4052359389207,437.1938148300054,441.5829162597656,19877400,0.0,0.0,440.8022033691406,433.41309509277346
2024-06-21 00:00:00-04:00,443.2473893629253,446.4178116311954,442.3854307142529,445.6252136230469,34187100,0.0,0.0,442.42705078125,435.91575927734374
2024-06-24 00:00:00-04:00,445.64505871404725,448.5678208280709,442.2863888206815,443.5347595214844,15913700,0.0,0.0,443.43763427734376,438.2757568359375
2024-06-25 00:00:00-04:00,444.1093526104896,447.2500834775452,442.62320865306464,446.784423828125,16413400,0.0,0.0,443.94886474609376,440.56243896484375
2024-06-26 00:00:00-04:00,444.8524322305741,449.4099464920984,444.0499168986336,447.9832458496094,16507000,0.0,0.0,445.10211181640625,442.49244079589846
2024-06-27 00:00:00-04:00,448.0030458409229,451.9562093572158,447.5968295279366,448.6668701171875,14806300,0.0,0.0,446.51890258789064,443.6605529785156
2024-06-28 00:00:00-04:00,448.8848432243285,451.17350253784576,442.2863603157035,442.8213806152344,28362300,0.0,0.0,445.9581359863281,444.1925933837891
2024-07-01 00:00:00-04:00,444.5155853207817,453.1451197526249,441.5432972962699,452.5110473632813,17662800,0.0,0.0,447.7533935546875,445.59551391601565
2024-07-02 00:00:00-04:00,449.013621772664,455.3445790550665,448.9244265313974,455.0374450683594,13979800,0.0,0.0,449.40399780273435,446.6764312744141
2024-07-03 00:00:00-04:00,453.957548019874,456.76139305889615,453.65041401249385,456.5137023925781,9932800,0.0,0.0,451.11008911132814,448.10610046386716
2024-07-05 00:00:00-04:00,455.36442189594607,464.0237082994549,454.7303495018304,463.2409973144531,16000300,0.0,0.0,454.02491455078126,450.27190856933595
2024-07-08 00:00:00-04:00,462.24030050538414,463.3797017370924,460.1696102030399,461.9331665039063,12962300,0.0,0.0,457.84727172851564,451.9027038574219
2024-07-09 00:00:00-04:00,462.6861243174569,463.0130626647768,453.7692611079128,455.2950439453125,17207200,0.0,0.0,458.40407104492186,453.0787322998047
2024-07-10 00:00:00-04:00,456.9595498058476,462.1511364069266,454.6213342335764,461.9430847167969,18196100,0.0,0.0,459.7851989746094,454.5945983886719
2024-07-11 00:00:00-04:00,458.7032998608637,460.4866605260143,447.3788598594248,450.4997863769531,23111200,0.0,0.0,458.58241577148436,454.84625244140625
2024-07-12 00:00:00-04:00,450.1331451577303,452.1443919655522,446.4871461564221,449.3603515625,16324300,0.0,0.0,455.80628662109376,454.9156005859375
2024-07-15 00:00:00-04:00,449.1126945889487,453.0361364302562,447.2599732817251,449.7666015625,14429400,0.0,0.0,453.3729736328125,455.61012268066406
2024-07-16 00:00:00-04:00,450.0242112870306,450.1034589951911,442.53404808528967,445.36761474609375,17175700,0.0,0.0,451.3874877929687,454.8957794189453
2024-07-17 00:00:00-04:00,438.5016326704633,440.7407659095282,435.12312844393387,439.4230346679688,21778000,0.0,0.0,446.88347778320315,453.33433837890624
2024-07-18 00:00:00-04:00,440.23548357189634,440.5426175824252,430.3873001592767,436.3021545410156,20794800,0.0,0.0,444.0439514160156,451.31318359375
2024-07-19 00:00:00-04:00,429.0993580294417,437.0650990974587,428.00951294471497,433.0722961425781,20940400,0.0,0.0,440.7863403320313,448.2963134765625
2024-07-22 00:00:00-04:00,437.7090177284673,440.49305821693935,434.8556166014002,438.848388671875,15808800,0.0,0.0,438.6026977539062,445.9878356933594
2024-07-23 00:00:00-04:00,439.7995470523178,444.2480920401895,439.00694900358457,440.7407836914063,13107100,0.0,0.0,437.6773315429688,444.53240966796875
2024-07-24 00:00:00-04:00,436.3814061869237,437.4018904716854,423.6401832262488,424.9380798339844,26805800,0.0,0.0,434.78034057617185,440.8319091796875
2024-07-25 00:00:00-04:00,424.83902093903856,425.8297836093588,413.65333216081086,414.53509521484375,29943800,0.0,0.0,430.4269287109375,437.2354400634766
2024-07-26 00:00:00-04:00,414.33694493801545,424.9579215661057,413.4155127108273,421.3416137695313,23583800,0.0,0.0,428.08079223632814,434.4335662841797
2024-07-29 00:00:00-04:00,427.5933215281127,428.15806348242296,420.77690004799786,422.78814697265625,15125800,0.0,0.0,424.8687438964844,431.7357208251953
2024-07-30 00:00:00-04:00,423.7690154776861,425.0867165408092,413.5046983714735,419.0133666992188,32687600,0.0,0.0,420.52326049804685,429.1002960205078
2024-07-31 00:00:00-04:00,416.61569885909415,417.8838738554688,408.4022679352166,414.4855651855469,42891400,0.0,0.0,418.43275756835936,426.60654907226564
2024-08-01 00:00:00-04:00,416.9030180044247,423.5113878535516,409.2741336141255,413.2569885253906,30296400,0.0,0.0,418.17713623046876,424.3020324707031
2024-08-02 00:00:00-04:00,408.6796950737874,411.1665191178448,400.6049851430665,404.7166442871094,29437900,0.0,0.0,414.8521423339844,421.4664672851562
2024-08-05 00:00:00-04:00,385.57510623229217,397.3354538191348,382.01824178124633,391.4998474121094,40709200,0.0,0.0,408.594482421875,416.7316131591797
2024-08-06 00:00:00-04:00,396.3050826229799,401.9227204728591,394.8189385631437,395.9186706542969,24946500,0.0,0.0,403.9755432128906,412.24940185546876
2024-08-07 00:00:00-04:00,404.86528162523547,406.29195208719375,393.7984490340414,394.7495727539063,20650900,0.0,0.0,400.0283447265625,409.230551147461
2024-08-08 00:00:00-04:00,398.7225241806935,402.11091551932753,396.2456175501284,398.97021484375,20203000,0.0,0.0,397.1709899902344,407.67406311035154
2024-08-09 00:00:00-04:00,400.2978620699852,404.2807173346427,398.54422293378025,402.26947021484375,19276700,0.0,0.0,396.6815551757812,405.7668487548828
2024-08-12 00:00:00-04:00,403.29981466921953,404.98412315480687,400.5058569282367,403.0521240234375,16762900,0.0,0.0,398.99201049804685,403.7932464599609
2024-08-13 00:00:00-04:00,405.8064543815787,411.1169577013194,405.7866500141935,410.1856384277344,19414300,0.0,0.0,401.84540405273435,402.9104736328125
2024-08-14 00:00:00-04:00,410.9683392009438,413.8613794713292,408.6400711388976,413.0093078613281,18267000,0.0,0.0,405.4973510742187,402.7628479003906
2024-08-15 00:00:00-04:00,416.671793760154,417.972029702109,414.5477559984779,417.89263916015625,20752100,0.75,0.0,409.2818359375,403.2264129638672
2024-08-16 00:00:00-04:00,417.4658479496036,418.20032404609645,414.19042017435385,415.3517150878906,22775600,0.0,0.0,411.8982849121094,404.2899200439453
2024-08-19 00:00:00-04:00,415.8380594178836,418.6072778701042,413.3566884761521,418.388916015625,15234000,0.0,0.0,414.96564331054685,406.97882690429685
2024-08-20 00:00:00-04:00,418.557706461252,422.68668148594463,418.4981559756192,421.6345825195313,16387600,0.0,0.0,417.25543212890625,409.5504180908203
2024-08-21 00:00:00-04:00,420.9199419299025,423.2226616504916,418.5775420794304,420.9795227050781,16067300,0.0,0.0,418.84947509765624,412.1734130859375
2024-08-22 00:00:00-04:00,421.1978093601494,423.6097249060729,411.5204628076481,412.4534606933594,19361900,0.0,0.0,417.7616394042969,413.52173767089846
2024-08-23 00:00:00-04:00,413.8728212285541,416.1358302513444,409.0192452654988,413.6842346191406,18493800,0.0,0.0,417.4281433105469,414.6632141113281
2024-08-26 00:00:00-04:00,413.26738834241513,414.17061105594456,408.274870910172,410.4088439941406,13152800,0.0,0.0,415.83212890625,415.3988861083984
2024-08-27 00:00:00-04:00,409.7835172509794,411.27233984867695,407.19298047026894,410.7562255859375,13492900,0.0,0.0,413.6564575195313,415.45594482421876
2024-08-28 00:00:00-04:00,411.7884806509906,411.9075816112939,404.2748820734033,407.5403747558594,14882700,0.0,0.0,410.9686279296875,414.9090515136719
2024-08-29 00:00:00-04:00,411.8480408399638,418.9050455158515,407.5403843631331,410.0415954589844,17045200,0.0,0.0,410.4862548828125,414.1239471435547
2024-08-30 00:00:00-04:00,412.50314414345024,414.3790449733616,409.0589997914285,414.03167724609375,24308300,0.0,0.0,410.5557434082031,413.991943359375
2024-09-03 00:00:00-04:00,414.79592463376775,416.7512462836699,403.99699269665393,406.3890380859375,20313600,0.0,0.0,409.7517822265625,412.7919555664063
2024-09-04 00:00:00-04:00,402.8853476688359,408.1756176150405,401.356814564364,405.8530578613281,15135800,0.0,0.0,408.7711486816406,411.21380310058595
2024-09-05 00:00:00-04:00,404.5825811257243,410.021757358501,403.1036936763924,405.3468627929688,14195500,0.0,0.0,408.3324462890625,409.650537109375
2024-09-06 00:00:00-04:00,406.01183707940055,407.5899853655918,397.813377784307,398.7066955566406,19609500,0.0,0.0,406.0654663085937,408.27586059570314
2024-09-09 00:00:00-04:00,404.2054095225525,405.6049064318399,399.1533416913916,402.6967468261719,15295100,0.0,0.0,403.79848022460936,407.17711181640624
2024-09-10 00:00:00-04:00,405.1582655587275,413.2276585385216,404.6619913629379,411.1135559082031,19594300,0.0,0.0,404.7433837890625,407.2475830078125
2024-09-11 00:00:00-04:00,412.4038417131511,420.8305675585504,406.52794212087406,419.8876647949219,19266900,0.0,0.0,407.55030517578126,408.1607269287109
2024-09-12 00:00:00-04:00,420.1556701684846,424.18541433930886,416.6222002087488,423.8181762695313,17395700,0.0,0.0,411.24456787109375,409.78850708007815
2024-09-13 00:00:00-04:00,422.6568686502548,428.61215900524985,422.2896305914577,427.3814086914063,15874600,0.0,0.0,416.97951049804686,411.5224884033203
2024-09-16 00:00:00-04:00,427.3913783153956,430.29953807017074,425.0291081044239,428.1258544921875,13834700,0.0,0.0,422.06533203125,412.93190612792966
2024-09-17 00:00:00-04:00,436.9495722627484,438.55749574787575,429.0488655654436,431.9074096679688,18874200,0.0,0.0,426.22410278320314,415.48374328613284
2024-09-18 00:00:00-04:00,431.7585420671652,432.78086567930353,427.2027486718979,427.5997619628906,18898000,0.0,0.0,427.7665222167969,417.6584136962891
2024-09-19 00:00:00-04:00,437.94213239056506,438.21010954856746,433.64438094484007,435.4210510253906,21706600,0.0,0.0,430.08709716796875,420.66583251953125
2024-09-20 00:00:00-04:00,433.962001220441,435.9669380311288,430.9843560989312,432.0265197753906,55167100,0.0,0.0,431.0161193847656,423.99781494140626
2024-09-23 00:00:00-04:00,431.0439144432746,433.2076626680782,427.1829169494896,430.2796630859375,15128900,0.0,0.0,431.44688110351564,426.7561065673828
2024-09-24 00:00:00-04:00,429.7734624718136,430.1208604741096,422.9248844858402,425.9720153808594,17015800,0.0,0.0,430.2598022460937,428.24195251464846
2024-09-25 00:00:00-04:00,426.6270665374025,429.89255926301774,425.3764761475162,428.89007568359375,13396400,0.0,0.0,430.5178649902344,429.14219360351564
2024-09-26 00:00:00-04:00,431.847870478453,432.05629715674354,425.9322906223112,428.0960388183594,14492000,0.0,0.0,429.0528625488281,429.5699798583984
2024-09-27 00:00:00-04:00,428.30445513024,428.6320130497984,424.2846464096371,424.8305358886719,14896100,0.0,0.0,427.61366577148436,429.314892578125
2024-09-30 00:00:00-04:00,425.01914436125503,427.2126981469716,422.20031052363777,427.0935668945313,16807300,0.0,0.0,426.9764465332031,429.2116638183594
2024-10-01 00:00:00-04:00,425.257391898111,425.28716713975047,415.6892103822864,417.5552062988281,19092900,0.0,0.0,425.2930847167969,427.7764434814453
2024-10-02 00:00:00-04:00,419.4310992466512,419.66933146547984,413.6048448503053,414.021728515625,16582300,0.0,0.0,422.3194152832031,426.41864013671875
2024-10-03 00:00:00-04:00,414.5180008502912,416.4236768512481,411.2028927674364,413.4361267089844,13686400,0.0,0.0,419.38743286132814,424.22014770507815
2024-10-04 00:00:00-04:00,415.1234652064613,416.62222309915006,411.8778425920818,412.959716796875,19169700,0.0,0.0,417.0132690429688,422.31346740722654
2024-10-07 00:00:00-04:00,412.9001354490418,414.0018496365578,405.95229663138974,406.48828125,20919800,0.0,0.0,412.8922119140625,419.9343292236328
2024-10-08 00:00:00-04:00,407.8381438809941,412.5626841012525,405.1285060524599,411.6197509765625,19229300,0.0,0.0,411.7051208496094,418.4991027832031
2024-10-09 00:00:00-04:00,412.7611596791307,417.247497795826,411.2127866111198,414.3492431640625,14974300,0.0,0.0,411.7706237792969,417.04501953125
2024-10-10 00:00:00-04:00,412.1358625356339,414.24006019253727,410.0713450038319,412.7413024902344,13848400,0.0,0.0,411.63165893554685,415.5095458984375
2024-10-11 00:00:00-04:00,413.0391219881032,414.0217352499605,410.1706424598083,413.2177734375,14144900,0.0,0.0,411.6832702636719,414.3482696533203
2024-10-14 00:00:00-04:00,414.65693738807056,420.8802352901763,414.40880028614094,416.0167541503906,16653100,0.0,0.0,413.58896484375,413.24058837890624
2024-10-15 00:00:00-04:00,419.03405871782695,419.3318413994773,412.1656410395698,415.6196899414063,18900200,0.0,0.0,414.3889526367187,413.0470367431641
2024-10-16 00:00:00-04:00,412.0763232895253,413.25742799200697,407.4212689749873,413.0192260742188,15508900,0.0,0.0,414.12294921875,412.94678649902346
2024-10-17 00:00:00-04:00,419.2127339196968,419.3517052370469,412.49319205621896,413.6147766113281,14820000,0.0,0.0,414.2976440429687,412.9646514892578
2024-10-18 00:00:00-04:00,414.0316788587722,416.52295489433874,413.1582313681452,415.0440673828125,17145300,0.0,0.0,414.66290283203125,413.17308654785154
2024-10-21 00:00:00-04:00,413.01924141063614,415.8380752730999,410.6669065146117,415.659423828125,14206100,0.0,0.0,414.5914367675781,414.09020080566404
2024-10-22 00:00:00-04:00,415.3715654862768,427.37147187061,414.92493688547415,424.3243713378906,25482200,0.0,0.0,416.332373046875,415.36066284179685
2024-10-23 00:00:00-04:00,427.6493981928425,427.86776005710016,419.3814831724278,421.4360656738281,19654400,0.0,0.0,418.0157409667969,416.06934509277346
2024-10-24 00:00:00-04:00,422.1605988036373,422.80577949754775,419.2524392532927,421.5650939941406,13581600,0.0,0.0,419.6058044433594,416.95172424316405
2024-10-25 00:00:00-04:00,423.5799681906594,429.2970264220679,423.3913815699701,424.9595947265625,16899100,0.0,0.0,421.5889099121094,418.1259063720703
2024-10-28 00:00:00-04:00,428.44345209470936,428.72136443906953,423.12337684387694,423.4112243652344,14882400,0.0,0.0,423.13927001953124,418.8653533935547
2024-10-29 00:00:00-04:00,424.8107144355948,429.94220298203743,422.6270958434546,428.7312927246094,17644100,0.0,0.0,424.020654296875,420.176513671875
2024-10-30 00:00:00-04:00,434.1803928023981,435.2324917274877,428.880187758029,429.3069763183594,29749100,0.0,0.0,425.59483642578124,421.80528869628904
2024-10-31 00:00:00-04:00,412.2648925685448,413.05894946974416,403.2724064074055,403.3220520019531,53971000,0.0,0.0,421.94622802734375,420.77601623535156
2024-11-01 00:00:00-04:00,405.9622519164769,412.4038816750557,404.46349406157685,407.3121032714844,24230400,0.0,0.0,418.41672973632814,420.00281982421876
2024-11-04 00:00:00-05:00,406.7463320541696,407.3617375208185,402.5478716062057,405.4163208007813,19672300,0.0,0.0,414.8177490234375,418.9785095214844
2024-11-05 00:00:00-05:00,405.32701081903,411.808351068097,405.0391632836315,408.39398193359375,17626000,0.0,0.0,410.7502868652344,417.3854705810547
2024-11-06 00:00:00-05:00,409.346825702744,417.31698816741806,407.4609595048601,417.0489807128906,26681800,0.0,0.0,408.29868774414064,416.94676208496094
2024-11-07 00:00:00-05:00,418.1407873890808,423.66928922885575,416.75122569160607,422.2598571777344,19901800,0.0,0.0,412.08624877929685,417.0162384033203
2024-11-08 00:00:00-05:00,422.1506711385383,423.3218709209174,418.6370415012291,419.3913879394531,16891400,0.0,0.0,414.5021057128906,416.45941772460935
2024-11-11 00:00:00-05:00,419.3715448677772,421.6444892164841,412.90014011467326,414.8951721191406,24503300,0.0,0.0,416.3978759765625,415.6078125
2024-11-12 00:00:00-05:00,415.1333664626366,421.27724345465793,414.09120276331856,419.8777465820313,19401200,0.0,0.0,418.69462890625,414.7224578857422
2024-11-13 00:00:00-05:00,418.4981158636683,426.1307850823381,415.0936518803662,422.0315856933594,21502200,0.0,0.0,419.69114990234374,413.9949188232422
2024-11-14 00:00:00-05:00,421.83308381585454,424.9794756745813,416.8703416533151,423.7090148925781,30246900,0.0,0.0,419.9809814453125,416.0336151123047
2024-11-15 00:00:00-05:00,416.691683409749,419.64945830467593,410.5577414665236,411.9075927734375,28247600,0.0,0.0,418.4842224121094,416.4931640625
2024-11-18 00:00:00-05:00,411.7785741197853,415.282268966584,409.0292257942814,412.6619567871094,24727000,0.0,0.0,418.03757934570314,417.2177276611328
2024-11-19 00:00:00-05:00,410.03166915459735,414.82569505476647,408.4832960203025,414.67681884765625,18133500,0.0,0.0,416.9973937988281,417.84601135253905
2024-11-20 00:00:00-05:00,413.7636425231655,414.18052617467214,407.52050466835993,412.3939208984375,19191700,0.0,0.0,415.0698608398437,417.38050537109376
2024-11-21 00:00:00-05:00,417.2074811714516,417.48594978990576,408.047821251109,410.61370849609375,20780200,0.83,0.0,412.4507995605469,416.2158905029297
2024-11-22 00:00:00-05:00,409.1219230929671,415.1189688817136,408.81361962204943,414.7211608886719,24814600,0.0,0.0,413.0135131835938,415.7488677978516
2024-11-25 00:00:00-05:00,416.09361024787086,418.778836873561,412.582902472389,416.5013732910156,27691100,0.0,0.0,413.781396484375,415.90948791503905
2024-11-26 00:00:00-05:00,417.2970032728636,426.69537265560376,416.5610569682543,425.6510925292969,23458900,0.0,0.0,415.97625122070315,416.4868225097656
2024-11-27 00:00:00-05:00,422.7868153853765,424.8952553598379,419.7137054696712,420.6784057617188,18332400,0.0,0.0,417.6331481933594,416.35150451660155
2024-11-29 00:00:00-05:00,417.7942649272981,422.5580967644444,415.5167709497141,421.1458435058594,16271900,0.0,0.0,419.7395751953125,416.0951873779297
2024-12-02 00:00:00-05:00,419.2661767617578,430.6337058704028,419.0075879189551,428.624755859375,20207200,0.0,0.0,422.5202941894531,417.76690368652345
2024-12-03 00:00:00-05:00,427.4909528928622,430.1065849956101,425.4024231657053,428.8435363769531,18302000,0.0,0.0,424.9887268066406,419.3850616455078
2024-12-04 00:00:00-05:00,430.6635477279166,437.2672755840065,430.2657397446012,435.0295715332031,26009400,0.0,0.0,426.8644226074219,421.4203369140625
2024-12-05 00:00:00-05:00,435.5268443828614,442.2300015529848,433.7864078777922,440.2011413574219,21697800,0.0,0.0,430.7689697265625,424.20105895996096
2024-12-06 00:00:00-05:00,439.8828865059849,443.66213830194334,439.3557840883586,441.1459655761719,18821000,0.0,0.0,434.768994140625,427.25428466796876
2024-12-09 00:00:00-05:00,440.1812568830996,445.8799237829371,438.09272702914495,443.5825500488281,19144400,0.0,0.0,437.76055297851565,430.1404235839844
2024-12-10 00:00:00-05:00,441.9614922675205,447.16289170564096,439.1867306857862,440.9072570800781,18469500,0.0,0.0,440.1732971191406,432.5810119628906
2024-12-11 00:00:00-05:00,441.62334015579273,447.8889300799693,441.62334015579273,446.5363464355469,19200200,0.0,0.0,442.4746520996094,434.66953735351564
2024-12-12 00:00:00-05:00,446.6556879875928,453.66717934055725,446.6556879875928,447.1032409667969,20834800,0.0,0.0,443.8550720214844,437.31202087402346
2024-12-13 00:00:00-05:00,445.98933356109154,448.9629838704377,443.14494732322726,444.8257141113281,20177800,0.0,0.0,444.5910217285156,439.6800079345703
2024-12-16 00:00:00-05:00,444.82573215231423,449.7089034526842,442.8466168869823,449.12213134765625,23598800,0.0,0.0,445.6989379882813,441.72974548339846
2024-12-17 00:00:00-05:00,448.545282051395,452.801891035832,447.11314908926647,451.9764099121094,22733500,0.0,0.0,447.9127685546875,444.04303283691405
2024-12-18 00:00:00-05:00,448.85359210839096,450.1763104473289,434.6317218572595,434.9997253417969,24444500,0.0,0.0,445.6054443359375,444.04004821777346
2024-12-19 00:00:00-05:00,439.2066057877418,440.7580781855559,433.9355816606558,434.6416931152344,22963700,0.0,0.0,443.113134765625,443.4841033935547
2024-12-20 00:00:00-05:00,430.7431322726768,441.3150464611244,426.2876339353125,434.2140808105469,64263700,0.0,0.0,440.9908081054688,442.79091491699216
2024-12-23 00:00:00-05:00,434.353277123108,435.2583077630068,430.4646409959487,432.8714294433594,19152500,0.0,0.0,437.74066772460935,441.7198028564453
2024-12-24 00:00:00-05:00,432.2746905166953,437.1976515770788,431.817212852652,436.9291076660156,7164500,0.0,0.0,434.7312072753906,441.3219879150391
2024-12-26 00:00:00-05:00,436.6804901261448,438.5303413291557,434.24389716434194,435.7157897949219,8194200,0.0,0.0,434.8744201660156,440.23993225097655
2024-12-27 00:00:00-05:00,432.2249501021284,432.84155699312345,424.0200357250834,428.17718505859375,18117700,0.0,0.0,433.5815185546875,438.3473266601562
2024-12-30 00:00:00-05:00,423.7316509986102,425.2134986857935,419.59438106008827,422.5083618164063,13158700,0.0,0.0,431.24037475585936,436.11559143066404
2024-12-31 00:00:00-05:00,423.7714314589903,424.3979934566231,418.361157840794,419.1965637207031,13246500,0.0,0.0,428.5054016113281,433.12303466796874
2025-01-02 00:00:00-05:00,423.2045424399656,423.74159992080814,412.5829142901712,416.2925109863281,16896500,0.0,0.0,424.3780822753906,429.5546447753906
2025-01-03 00:00:00-05:00,418.7788542550092,421.712745134401,417.2472919522773,421.0364685058594,16662900,0.0,0.0,421.4422180175781,428.1583190917969
2025-01-06 00:00:00-05:00,425.66104554069966,431.9465149926899,423.15482788109534,425.5118713378906,20573600,0.0,0.0,420.9091552734375,427.2453369140625
2025-01-07 00:00:00-05:00,426.655570865203,428.2965477599085,418.50037065706186,420.0617980957031,18139100,0.0,0.0,420.4198425292969,425.8301086425781
2025-01-08 00:00:00-05:00,421.1458124811298,424.6366402910522,419.2363221421035,422.2398071289063,15054600,0.0,0.0,421.0284912109375,424.76694641113284
2025-01-10 00:00:00-05:00,422.3094749538564,422.3890244132644,412.7519761682606,416.6605224609375,20201100,0.0,0.0,421.1020935058594,422.740087890625
2025-01-13 00:00:00-05:00,412.970770030549,416.212964363656,410.0369095197108,414.9101257324219,17604800,0.0,0.0,419.8768249511719,420.659521484375
2025-01-14 00:00:00-05:00,415.5267269300622,417.4461724776856,408.4754763868852,413.3984375,16935900,0.0,0.0,417.4541381835937,419.1816467285156
2025-01-15 00:00:00-05:00,416.8395004087413,425.8101960648602,415.984184442192,423.9802551269531,19637800,0.0,0.0,418.2378295898437,419.32883605957034
2025-01-16 00:00:00-05:00,426.3572147468436,427.1428756329152,422.07077084126166,422.25970458984375,15300000,0.0,0.0,418.24180908203124,419.63515014648436
2025-01-17 00:00:00-05:00,431.717739483304,432.1056227420966,425.8301086663914,426.6853942871094,26197500,0.0,0.0,420.2467834472656,420.6744384765625
2025-01-21 00:00:00-05:00,427.8490471438773,428.54520356031776,423.2741792396476,426.1583251953125,26085700,0.0,0.0,422.4964233398438,421.18662414550784
2025-01-22 00:00:00-05:00,435.168798403502,444.8257262250376,433.6173259954359,443.7615966796875,27803800,0.0,0.0,428.5690551757813,423.0115966796875
2025-01-23 00:00:00-05:00,439.58451646365,444.3085582129765,439.08724891108926,444.2687683105469,18389300,0.0,0.0,432.6267578125,425.4322937011719
2025-01-24 00:00:00-05:00,442.727264983927,444.20911262497947,438.98780315862,441.6332702636719,15549500,0.0,0.0,436.5014709472656,427.37164001464845
2025-01-27 00:00:00-05:00,421.69287703242304,432.82172827375285,421.18565437157145,432.1852111816406,35647800,0.0,0.0,437.6014343261719,428.9241088867187
2025-01-28 00:00:00-05:00,432.2249849937885,445.9296782334323,429.02258057650255,444.7561340332031,23491700,0.0,0.0,441.32099609375,431.90870971679686
2025-01-29 00:00:00-05:00,444.2489087647689,444.4378728714111,437.9932741704639,439.9127197265625,23581400,0.0,0.0,440.551220703125,434.5601379394531
2025-01-30 00:00:00-05:00,416.4814791520961,420.5491243253889,410.9021514578089,412.7221374511719,54586300,0.0,0.0,434.24189453125,433.434326171875
2025-01-31 00:00:00-05:00,416.6903391053237,418.3909856769975,412.6425738477464,412.791748046875,34161900,0.0,0.0,428.4735900878906,432.48753051757814
2025-02-03 00:00:00-05:00,409.350684594608,413.1398611878705,406.4267487485119,408.6744079589844,25679100,0.0,0.0,423.77142944335935,430.6864318847656
2025-02-04 00:00:00-05:00,410.43471361041793,411.6580027715914,407.5008227766752,410.116455078125,20532100,0.0,0.0,416.84349365234374,429.0822448730469
2025-02-05 00:00:00-05:00,410.0965981017129,411.5684907814938,408.1572423104593,411.0314636230469,16316700,0.0,0.0,411.06724243164064,425.8092315673828
2025-02-06 00:00:00-05:00,411.737515806655,415.9145752087822,411.737515806655,413.5475769042969,16309800,0.0,0.0,411.2323303222656,422.7371124267578
2025-02-07 00:00:00-05:00,414.2040051086223,416.3621293611533,405.86979579790295,407.5107727050781,22886800,0.0,0.0,410.17613525390624,419.3248626708984
2025-02-10 00:00:00-05:00,411.44913283343,413.1895693646485,408.6744015876666,409.96728515625,20817900,0.0,0.0,410.43471069335936,417.1030700683594
2025-02-11 00:00:00-05:00,407.4014076456789,410.23580864154656,407.0632389741584,409.1915588378906,18140600,0.0,0.0,410.2497314453125,413.54661254882814
2025-02-12 00:00:00-05:00,404.98464070295296,408.5053035519359,402.1601645834243,406.8046569824219,19121700,0.0,0.0,409.4043701171875,410.2358062744141
2025-02-13 00:00:00-05:00,404.775785007703,408.7539254008991,404.1392679764064,408.2964477539063,23891700,0.0,0.0,408.35414428710936,409.7932373046875
2025-02-14 00:00:00-05:00,405.5614808415711,406.6753553081934,403.6619151401408,406.1979675292969,22758500,0.0,0.0,408.0915832519531,409.1338592529297
2025-02-18 00:00:00-05:00,405.7703454735141,408.3561429609082,404.2785427328027,407.4013977050781,21423100,0.0,0.0,407.5784057617187,409.0065582275391
2025-02-19 00:00:00-05:00,405.65099512827777,413.21939292620334,405.4222411212721,412.5033264160156,24114200,0.0,0.0,408.2407592773437,409.2452453613281
2025-02-20 00:00:00-05:00,413.8486794990648,417.8547165109783,411.1082238049584,414.6857604980469,23508700,0.83,0.0,409.8169799804688,409.6106750488281
2025-02-21 00:00:00-05:00,415.8915301727366,416.5990574532586,406.4743466307379,406.793212890625,27524800,0.0,0.0,409.5163330078125,408.93523864746095
2025-02-24 00:00:00-05:00,407.09219625426255,407.9491968592537,397.93408950529806,402.5978393554688,26443700,0.0,0.0,408.7963073730469,408.4439453125
2025-02-25 00:00:00-05:00,399.7079184567694,400.5250798023072,395.3231955078189,396.5190124511719,29387400,0.0,0.0,406.6198303222656,407.0991180419922
2025-02-26 00:00:00-05:00,396.6286502127144,402.1992455439655,392.88169018272754,398.3426818847656,19619000,0.0,0.0,403.78770141601564,406.0142303466797
2025-02-27 00:00:00-05:00,399.8772891429284,404.33177619538384,390.8088971171108,391.1676330566406,21127400,0.0,0.0,399.0840759277344,404.4505279541016
2025-02-28 00:00:00-05:00,391.2971936660098,396.2499454411849,385.2283339547379,395.6121520996094,32845700,0.0,0.0,396.8478637695313,403.1820983886719
2025-03-03 00:00:00-05:00,397.4358274187669,397.4358274187669,384.8197626823639,387.14166259765625,23007700,0.0,0.0,393.7566284179687,401.27646789550784
2025-03-04 00:00:00-05:00,382.069321414226,391.2174529428098,379.6776572148895,387.26123046875,29342900,0.0,0.0,391.9050720214844,399.262451171875
2025-03-05 00:00:00-05:00,387.9887187604894,400.2759422103805,387.4605594414927,399.628173828125,23433100,0.0,0.0,392.16217041015625,397.9749359130859
2025-03-06 00:00:00-05:00,392.91158534383527,400.7542663515353,391.3171323240562,395.5125427246094,23304600,0.0,0.0,393.03115234375,396.0576141357422
2025-03-07 00:00:00-05:00,390.9583919892802,393.42976525122566,384.2019243838628,391.9449462890625,22034100,0.0,0.0,392.29771118164064,394.5727874755859
2025-03-10 00:00:00-04:00,384.50085520495696,385.05890917094194,375.9107776446238,378.840576171875,32840100,0.0,0.0,390.6374938964844,392.1970611572266
2025-03-11 00:00:00-04:00,377.6846284139058,384.6603339518935,375.6018856955347,379.1296081542969,30380200,0.0,0.0,389.01116943359375,390.45812072753904
2025-03-12 00:00:00-04:00,381.6209225427357,383.883033194115,377.634805186652,381.9397888183594,24253600,0.0,0.0,385.47349243164064,388.8178314208984
2025-03-13 00:00:00-04:00,381.8301614244045,383.9826683121219,376.139987768004,377.4553833007813,20473000,0.0,0.0,381.86206054687506,387.4466064453125
2025-03-14 00:00:00-04:00,378.4618996667495,388.8756431080204,378.19284770158055,387.21142578125,19952800,0.0,0.0,380.9153564453125,386.6065338134766
2025-03-17 00:00:00-04:00,385.35789354291256,391.3470139725856,384.2318105649253,387.3509521484375,22474300,0.0,0.0,382.617431640625,386.62746276855466
2025-03-18 00:00:00-04:00,385.72663184862864,386.02557849597406,379.7773502731509,382.1889343261719,19486900,0.0,0.0,383.229296875,386.1202331542969
2025-03-19 00:00:00-04:00,384.1919384194473,388.3275289171194,382.6672498124423,386.4739990234375,19185500,0.0,0.0,384.1361389160156,384.8048156738281
2025-03-20 00:00:00-04:00,384.40121765018193,390.4302384005767,381.9497639905121,385.4974060058594,18470500,0.0,0.0,385.7445434570312,383.8033020019531
2025-03-21 00:00:00-04:00,381.8899648927027,390.38038369901005,381.47140919973,389.9020690917969,39675900,0.0,0.0,386.2826721191406,383.59901428222656
2025-03-24 00:00:00-04:00,394.0276840634663,394.0276840634663,388.45708885622673,391.7157287597656,21004500,0.0,0.0,387.15562744140624,384.88652954101565
2025-03-25 00:00:00-04:00,392.552857032296,394.98436068056907,391.2773006739415,393.7885437011719,15775000,0.0,0.0,389.4755493164063,386.3524230957031
2025-03-26 00:00:00-04:00,393.6290879777552,393.9380096391845,387.2214116418782,388.6165466308594,16108400,0.0,0.0,389.9040588378906,387.0200988769531
2025-03-27 00:00:00-04:00,388.7759758195498,390.878638018693,386.055439916328,389.2243957519531,13766800,0.0,0.0,390.6494567871094,388.19700012207034
2025-03-28 00:00:00-04:00,386.7330813092454,387.77945533191945,375.6217855831935,377.48529052734375,21632000,0.0,0.0,388.1661010742188,387.22438659667966
2025-03-31 00:00:00-04:00,371.2470435423123,375.761320171641,365.96541986866765,374.087158203125,35184700,0.0,0.0,384.6403869628906,385.89800720214845
2025-04-01 00:00:00-04:00,373.3496861547736,381.52123836039385,371.9346316172352,380.863525390625,19689500,0.0,0.0,382.0553833007813,385.7654663085938
2025-04-02 00:00:00-04:00,376.6581801475031,383.74348886180815,375.3128595122782,380.813720703125,16092600,0.0,0.0,380.49481811523435,385.1994384765625
2025-04-03 00:00:00-04:00,373.4892252977989,376.16989155085776,368.0681034665444,371.8150329589844,30198000,0.0,0.0,377.0129455566406,383.831201171875
2025-04-04 00:00:00-04:00,362.86621412703136,373.28990195338014,358.2323590249941,358.5910949707031,49209900,0.0,0.0,373.2341064453125,380.7001037597656
2025-04-07 00:00:00-04:00,349.66222551139305,369.7123913004176,343.5933653790687,356.61798095703125,50425000,0.0,0.0,369.7402709960937,377.19032897949216
2025-04-08 00:00:00-04:00,366.98190125867967,372.35317854006513,349.0343982710952,353.3294372558594,35868900,0.0,0.0,364.23345336914065,373.14441833496096
2025-04-09 00:00:00-04:00,352.3129939705509,391.8652461990382,351.8745186247924,389.1347351074219,50199700,0.0,0.0,365.89765625,373.1962371826172
2025-04-10 00:00:00-04:00,380.7339860356081,382.56759631800514,366.5234683324548,380.0264587402344,38024400,0.0,0.0,367.53994140625,372.2764434814453
2025-04-11 00:00:00-04:00,379.3189154840166,388.6962291414208,377.57498926356885,387.101806640625,23839200,0.0,0.0,373.24208374023436,373.23809509277345
2025-04-14 00:00:00-04:00,391.8552468593249,393.2802764387861,382.8765082652718,386.4640197753906,19251200,0.0,0.0,379.21129150390624,374.47578125
2025-04-15 00:00:00-04:00,387.1616161645613,390.5298901348079,382.8267075366503,384.3912658691406,17199900,0.0,0.0,385.4236572265625,374.82855529785155
2025-04-16 00:00:00-04:00,379.3488352158224,380.2855448116978,366.7227951642272,370.32025146484375,21967800,0.0,0.0,381.6607604980469,373.7792083740234
2025-04-17 00:00:00-04:00,372.4528211002609,373.02085009277744,365.61664478749583,366.5035400390625,21120200,0.0,0.0,378.9561767578125,373.24805908203126
2025-04-21 00:00:00-04:00,361.5607667541322,363.2150090361753,354.43558836453434,357.87359619140625,20807300,0.0,0.0,373.11053466796875,373.1763092041016
2025-04-22 00:00:00-04:00,362.1188421014038,366.4935901583944,358.611039306251,365.5469055175781,19485000,0.0,0.0,368.92711181640624,374.06920166015624
2025-04-23 00:00:00-04:00,374.75482418771264,379.069813295219,371.7253664544321,373.0906372070313,20545500,0.0,0.0,366.6669860839844,376.0453216552734
2025-04-24 00:00:00-04:00,374.3960646492269,387.101813036712,373.8878249819962,385.9557800292969,22232300,0.0,0.0,369.794091796875,375.72742614746096
2025-04-25 00:00:00-04:00,385.6568474598527,390.7989424087168,383.2651831703409,390.4900207519531,18973200,0.0,0.0,374.5913879394531,376.77378234863284
2025-04-28 00:00:00-04:00,390.59964052478745,391.3769322112989,385.2981274275963,389.8024291992188,16579400,0.0,0.0,380.97715454101564,377.04384460449216
2025-04-29 00:00:00-04:00,389.9419132819562,393.7287429695286,389.0251233321368,392.6724243164063,14974000,0.0,0.0,386.4022583007812,377.66468505859376
2025-04-30 00:00:00-04:00,388.9453763349202,395.2833185411371,383.10572919383554,393.88818359375,36461100,0.0,0.0,390.561767578125,378.6143768310547
2025-05-01 00:00:00-04:00,429.6137271918364,435.47332427714,423.4252888222868,423.9235534667969,58938100,0.0,0.0,398.155322265625,383.97470703125
2025-05-02 00:00:00-04:00,430.2415647531947,437.9148527865164,428.497638419409,433.769287109375,30757400,0.0,0.0,406.81117553710936,390.70128173828124
2025-05-05 00:00:00-04:00,431.367624097433,437.97461808249534,430.6102521137275,434.65618896484375,20136100,0.0,0.0,415.78192749023435,398.379541015625
2025-05-06 00:00:00-04:00,430.6999888667604,436.2107948487266,429.6735648726689,431.8061218261719,15104200,0.0,0.0,423.6086669921875,405.0054626464844
2025-05-07 00:00:00-04:00,432.3342674079582,436.5994115910065,429.6137314736212,431.8459777832031,23295300,0.0,0.0,431.2002258300781,410.88099670410156
2025-05-08 00:00:00-04:00,436.4100737600986,442.1301726837614,434.147963172883,436.6492614746094,23491300,0.0,0.0,433.7453674316406,415.9503448486328
2025-05-09 00:00:00-04:00,438.4728871570268,439.2103090991504,434.3671913522403,437.2073059082031,15324200,0.0,0.0,434.43297119140624,420.6220733642578
2025-05-12 00:00:00-04:00,444.39229048229146,447.8103787748487,438.2536661790282,447.7007751464844,22821900,0.0,0.0,437.04188842773436,426.4119079589844
2025-05-13 00:00:00-04:00,446.2259115440581,449.1058959658508,443.8142971336702,447.5812072753906,23618800,0.0,0.0,440.1969055175781,431.9027862548828
2025-05-14 00:00:00-04:00,446.5846525094385,452.3246405642177,446.5846525094385,451.3679809570313,19902800,0.0,0.0,444.10130615234374,437.65076599121096
2025-05-15 00:00:00-04:00,450.0301794411029,455.44129747226026,449.6907411096269,452.3863220214844,21992300,0.83,0.0,447.24871826171875,440.4970428466797
2025-05-16 00:00:00-04:00,451.308086808409,453.6142932166669,447.9935587223261,453.5244445800781,23849800,0.0,0.0,450.51214599609375,442.47255859375
2025-05-19 00:00:00-04:00,450.140005529217,458.83570185482216,450.0601197660991,458.1168823242188,21336500,0.0,0.0,452.5953674316406,444.8186279296875
2025-05-20 00:00:00-04:00,454.8422775622727,457.5877642352693,453.5743728670407,457.4180603027344,15441800,0.0,0.0,454.5627380371094,447.37982177734375
2025-05-21 00:00:00-04:00,453.8239575485261,457.02868069868646,451.06847756848606,451.8272399902344,19216900,0.0,0.0,454.65458984375,449.37794799804686
2025-05-22 00:00:00-04:00,454.2033434579146,459.49463285512667,453.1550484484722,454.1134643554688,18025600,0.0,0.0,455.00001831054686,451.12436828613284
2025-05-23 00:00:00-04:00,449.24150862772166,452.9454112846908,448.17325738802526,449.441162109375,16883500,0.0,0.0,454.18336181640626,452.34775390625
2025-05-27 00:00:00-04:00,455.7308170830738,460.1934819526082,455.3713920868909,459.9338989257813,20974300,0.0,0.0,454.54676513671876,453.57106628417966
2025-05-28 00:00:00-04:00,460.4630558858422,461.7609101640183,456.1800880198718,456.609375,17086300,0.0,0.0,454.38502807617186,454.4738830566406
2025-05-29 00:00:00-04:00,460.7925005105856,460.9622349154345,454.56275123248776,457.9272155761719,13974800,0.0,0.0,455.6050231933594,455.1298065185547
2025-05-30 00:00:00-04:00,458.9654973792759,460.9222720478794,454.79236501090486,459.60443115234375,34770500,0.0,0.0,456.7032165527344,455.85161743164065
2025-06-02 00:00:00-04:00,456.3897628439735,461.3515769006255,456.1401731404802,461.2118225097656,16626500,0.0,0.0,459.0573486328125,456.6203552246094
2025-06-03 00:00:00-04:00,460.7126363614999,463.3782677615003,460.1036216507913,462.2101745605469,15743800,0.0,0.0,459.5126037597656,457.02968444824216
2025-06-04 00:00:00-04:00,463.2384646092932,464.9256933509807,462.2600620562611,463.1086730957031,14162700,0.0,0.0,460.8124633789063,457.59874572753904
2025-06-05 00:00:00-04:00,464.1968775224098,468.8791825139859,463.2684111938008,466.9124145507813,20131700,0.0,0.0,462.6095031738281,459.1072631835938
2025-06-06 00:00:00-04:00,469.31846913564885,472.5631351284868,468.0106215882427,469.6080017089844,15285600,0.0,0.0,464.61021728515624,460.65671691894534
2025-06-09 00:00:00-04:00,468.92913895111,472.6529977632414,467.8508943889836,471.97412109375,16469900,0.0,0.0,466.76267700195314,462.91001281738284
2025-06-10 00:00:00-04:00,470.4166711436691,472.0240141385288,466.19360257943936,470.1471252441406,15375900,0.0,0.0,468.3500671386719,463.93133544921875
2025-06-11 00:00:00-04:00,469.2485908678973,474.68965849935887,468.8891963253199,471.8443298339844,16399200,0.0,0.0,470.0971984863281,465.4548309326172
2025-06-12 00:00:00-04:00,474.2403884361742,479.6315503555016,472.7428502291372,478.0840759277344,18950600,0.0,0.0,472.33153076171874,467.47051696777345
2025-06-13 00:00:00-04:00,475.62811338522215,478.3935562569989,471.9841099060599,474.1804809570313,16814500,0.0,0.0,473.24602661132815,468.92812194824216
2025-06-16 00:00:00-04:00,474.4300645574067,479.90108160832807,474.2204177457221,478.3536376953125,15626100,0.0,0.0,474.5219299316406,470.6423034667969
2025-06-17 00:00:00-04:00,474.6197503672441,477.9542649832925,473.30190948641297,477.2554321289063,15414100,0.0,0.0,475.94359130859374,472.1468292236329
2025-06-18 00:00:00-04:00,477.21549881727225,480.2105751696819,473.68130019053103,479.4518127441406,17526500,0.0,0.0,477.465087890625,473.7811431884767
2025-06-20 00:00:00-04:00,481.4385756672578,482.666537493529,476.0873566497709,476.6164855957031,37576200,0.0,0.0,477.17156982421875,474.75155029296883
2025-06-23 00:00:00-04:00,477.425138713905,486.9494899074728,471.7345120072702,485.2023620605469,24864000,0.0,0.0,479.3759460449219,476.31098632812507
2025-06-24 00:00:00-04:00,488.1475336634371,491.0427680081874,486.0010379300524,489.30560302734375,22305600,0.0,0.0,481.56633911132815,478.04413452148447
2025-06-25 00:00:00-04:00,491.2324636297239,493.7483167920849,488.5868189509033,491.4620666503906,17495100,0.0,0.0,484.407666015625,480.1756286621095
2025-06-26 00:00:00-04:00,492.1709105807123,497.2226034494893,492.0011761864687,496.6335754394531,21578900,0.0,0.0,487.8440185546875,482.6545532226563
2025-06-27 00:00:00-04:00,496.73341116664807,498.4805390751374,492.2208403370186,495.1260681152344,34539200,0.0,0.0,491.5459350585937,484.35875244140635
2025-06-30 00:00:00-04:00,496.2242705630272,499.9381665482639,494.5170550643952,496.5936584472656,28369000,0.0,0.0,493.8241943359375,486.6000701904297
2025-07-01 00:00:00-04:00,495.655190908974,497.2325843953567,490.1742108879921,491.242431640625,19945400,0.0,0.0,494.21156005859376,487.8889495849609
2025-07-02 00:00:00-04:00,489.1858263089447,492.6900755013178,487.8979653734086,490.2840270996094,16319600,0.0,0.0,493.9759521484375,489.1918090820312
2025-07-03 00:00:00-04:00,492.99955771280014,499.3091926553608,492.6301698307581,498.0213012695313,13984800,0.0,0.0,494.2534973144531,491.0487579345703
2025-07-07 00:00:00-04:00,496.56369887519327,497.9314455400232,494.41723357438383,496.9031372070313,13981600,0.0,0.0,494.6089111328125,493.0774230957031
2025-07-08 00:00:00-04:00,496.4239092084173,497.3823555722493,493.2990413573122,495.804931640625,11846600,0.0,0.0,494.4511657714844,494.13768005371094
2025-07-09 00:00:00-04:00,499.4789010645568,505.94827712953634,498.919822567675,502.68365478515625,18659500,0.0,0.0,496.7394104003906,495.47548522949216
2025-07-10 00:00:00-04:00,502.22438258392543,503.6121159415126,496.93309312638246,500.656982421875,16492100,0.0,0.0,498.8140014648437,496.3949768066406
2025-07-11 00:00:00-04:00,497.6519112557523,504.2011425332065,496.9829974553982,502.4939575195313,16459500,0.0,0.0,499.7085327148437,496.98101501464845
2025-07-14 00:00:00-04:00,500.6968893054946,503.14288052756655,500.2077032480772,502.1944274902344,12058800,0.0,0.0,500.76679077148435,497.68785095214844
2025-07-15 00:00:00-04:00,502.1944148249749,507.465747883617,501.9648118083004,504.9898376464844,14927200,0.0,0.0,502.60377197265626,498.5274688720703
2025-07-16 00:00:00-04:00,504.3508808325056,505.88836188358,501.066302385086,504.7901611328125,15154400,0.0,0.0,503.0250732421875,499.8822418212891
2025-07-17 00:00:00-04:00,504.85005963085433,512.5274410723513,504.7901605415637,510.8601989746094,17503100,0.0,0.0,505.0657165527344,501.9398590087891
2025-07-18 00:00:00-04:00,513.6356127696338,513.7953843002441,506.59719545986655,509.212890625,21209700,0.0,0.0,506.4095031738281,503.05901794433595
2025-07-21 00:00:00-04:00,505.8783619126309,511.2495674173143,504.7202620876888,509.2228698730469,14066800,0.0,0.0,507.8151916503906,504.2909912109375
2025-07-22 00:00:00-04:00,510.1313921533716,510.3610256433726,504.4407348632813,504.4407348632813,13868600,0.0,0.0,507.70537109375,505.1545715332031
2025-07-23 00:00:00-04:00,505.9183250285286,505.9582679116736,499.8782664381748,505.0397644042969,16396600,0.0,0.0,507.7552917480469,505.3901824951172
2025-07-24 00:00:00-04:00,507.93498157135946,512.826933461713,506.4673929575042,510.0415344238281,16107000,0.0,0.0,507.5915588378906,506.3286376953125
2025-07-25 00:00:00-04:00,511.6289272082179,517.4393829887753,509.5224046731241,512.866943359375,19125700,0.0,0.0,508.32236938476564,507.3659362792969
2025-07-28 00:00:00-04:00,513.2362984451797,514.1547714605564,509.2827757416266,511.6588745117188,14308000,0.0,0.0,508.8095703125,508.3123809814453
2025-07-29 00:00:00-04:00,514.6839236482208,516.7704593446111,510.7204076628311,511.728759765625,16469200,0.0,0.0,510.2671752929688,508.98627319335935
2025-07-30 00:00:00-04:00,514.3244691518986,515.1032182392812,508.6038929137552,512.3976440429688,26380400,0.0,0.0,511.73875122070314,509.747021484375
2025-07-31 00:00:00-04:00,554.3187056451394,554.5383762548963,531.0270400328567,532.6243896484375,51617300,0.0,0.0,516.255322265625,511.92344055175784
2025-08-01 00:00:00-04:00,534.1219588686084,534.9206337229102,520.0051507892547,523.2498168945312,28977600,0.0,0.0,518.3318969726563,513.3271331787109
2025-08-04 00:00:00-04:00,527.4030257699867,537.3666271513684,527.2632409127965,534.7609252929688,25349000,0.0,0.0,522.9523071289062,515.8809387207032
2025-08-05 00:00:00-04:00,536.2983661514853,536.4181643311854,526.374677366439,526.8838500976562,19171600,0.0,0.0,525.9833251953125,518.1252502441406
2025-08-06 00:00:00-04:00,530.0287318260303,530.8274067099719,523.1700114791388,524.0784912109375,21355700,0.0,0.0,528.3194946289062,520.0291229248047
2025-08-07 00:00:00-04:00,525.9354090023164,527.2233308658066,516.7005900083886,519.9852294921875,16079100,0.0,0.0,525.7916625976562,521.0234924316406
2025-08-08 00:00:00-04:00,521.7423060527517,523.7989228282858,518.5575389118288,521.1832275390625,15531000,0.0,0.0,525.3783447265625,521.8551208496094
2025-08-11 00:00:00-04:00,521.4427947726738,526.7241518809952,518.8670119786243,520.9136962890625,20194400,0.0,0.0,522.6088989257812,522.7806030273438
2025-08-12 00:00:00-04:00,522.8904188907295,530.1085334795151,521.8421543429575,528.3713989257812,18667000,0.0,0.0,522.9064086914062,524.4448669433593
2025-08-13 00:00:00-04:00,531.236692379076,531.825750889051,518.5176108745642,519.7256469726562,19619200,0.0,0.0,522.03583984375,525.1776672363281
2025-08-14 00:00:00-04:00,521.7023833261101,525.0868343553949,519.2863720398742,521.6224975585938,20269100,0.0,0.0,522.3632934570312,524.0774780273438
2025-08-15 00:00:00-04:00,521.9120536418995,525.2365445998882,518.2281072023833,519.3162841796875,25213300,0.0,0.0,521.9899047851562,523.6841247558593
2025-08-18 00:00:00-04:00,520.7339636806648,521.9619254356152,513.176380682391,516.2512817382812,23760600,0.0,0.0,521.057421875,521.8331604003906
2025-08-19 00:00:00-04:00,514.1547770514178,514.314487646487,507.7153506663982,508.933349609375,21481000,0.0,0.0,517.1698120117187,520.0381103515625
2025-08-20 00:00:00-04:00,509.0331975839143,510.161347905157,503.6121166003689,504.8900146484375,27723000,0.0,0.0,514.202685546875,518.1192626953125
2025-08-21 00:00:00-04:00,503.6900024414063,507.6300048828125,502.7200012207031,504.239990234375,18443300,0.83,0.0,510.72618408203124,516.5447387695312
2025-08-22 00:00:00-04:00,504.25,510.7300109863281,502.4100036621094,507.2300109863281,24324200,0.0,0.0,508.3089294433594,515.1494171142579
2025-08-25 00:00:00-04:00,506.6300048828125,508.1900024414063,504.1199951171875,504.260009765625,21638600,0.0,0.0,505.9106750488281,513.4840484619141
2025-08-26 00:00:00-04:00,504.3599853515625,504.9800109863281,498.510009765625,502.0400085449219,30835700,0.0,0.0,504.5320068359375,510.8509094238281
2025-08-27 00:00:00-04:00,502.0,507.2900085449219,499.8999938964844,506.739990234375,17277900,0.0,0.0,504.902001953125,509.55234375
2025-08-28 00:00:00-04:00,507.0899963378906,511.0899963378906,505.5,509.6400146484375,18015600,0.0,0.0,505.9820068359375,508.3540954589844
2025-08-29 00:00:00-04:00,508.6600036621094,509.6000061035156,504.489990234375,506.6900024414063,20961600,0.0,0.0,505.87400512695314,507.0914672851562
2025-09-02 00:00:00-04:00,500.4700012207031,506.0,496.80999755859375,505.1199951171875,18128000,0.0,0.0,506.04600219726564,505.97833862304685
2025-09-03 00:00:00-04:00,503.7900085449219,507.7900085449219,502.3200073242188,505.3500061035156,16345100,0.0,0.0,506.7080017089844,505.62000427246096
2025-09-04 00:00:00-04:00,504.2999877929688,508.1499938964844,503.1499938964844,507.9700012207031,15509500,0.0,0.0,506.95400390625,505.9280029296875
2025-09-05 00:00:00-04:00,509.0700073242188,511.9700012207031,492.3699951171875,495.0,31994800,0.0,0.0,504.0260009765625,505.00400390625
2025-09-08 00:00:00-04:00,498.1099853515625,501.2000122070313,495.0299987792969,498.2000122070313,16771000,0.0,0.0,502.3280029296875,504.1010040283203
2025-09-09 00:00:00-04:00,501.4299926757813,502.25,497.7000122070313,498.4100036621094,14410500,0.0,0.0,500.9860046386719,503.51600341796876
2025-09-10 00:00:00-04:00,502.9800109863281,503.2300109863281,496.7200012207031,500.3699951171875,21611800,0.0,0.0,499.99000244140626,503.3490020751953
2025-09-11 00:00:00-04:00,502.25,503.1700134277344,497.8800048828125,501.010009765625,18881600,0.0,0.0,498.59800415039064,502.7760040283203
2025-09-12 00:00:00-04:00,506.6499938964844,512.5499877929688,503.8500061035156,509.8999938964844,23624900,0.0,0.0,501.5780029296875,502.802001953125
2025-09-15 00:00:00-04:00,508.7900085449219,515.469970703125,507.0,515.3599853515625,17143800,0.0,0.0,505.00999755859374,503.66900024414065
2025-09-16 00:00:00-04:00,516.8800048828125,517.22998046875,508.6000061035156,509.0400085449219,19711900,0.0,0.0,507.13599853515626,504.0610015869141
2025-09-17 00:00:00-04:00,510.6199951171875,511.2900085449219,505.9299926757813,510.0199890136719,15816600,0.0,0.0,509.0659973144531,504.5279998779297
2025-09-18 00:00:00-04:00,511.489990234375,513.0700073242188,507.6600036621094,508.4500122070313,18913700,0.0,0.0,510.5539978027344,504.5760009765625
2025-09-19 00:00:00-04:00,510.55999755859375,519.2999877929688,510.30999755859375,517.9299926757812,52474100,0.0,0.0,512.1599975585938,506.86900024414064
2025-09-22 00:00:00-04:00,515.5900268554688,517.739990234375,512.5399780273438,514.4500122070312,20009300,0.0,0.0,511.9780029296875,508.49400024414064
2025-09-23 00:00:00-04:00,513.7999877929688,514.5900268554688,507.30999755859375,509.2300109863281,19799600,0.0,0.0,512.0160034179687,509.5760009765625
2025-09-24 00:00:00-04:00,510.3800048828125,512.47998046875,506.9200134277344,510.1499938964844,13533700,0.0,0.0,512.0420043945312,510.5540008544922
2025-09-25 00:00:00-04:00,508.2999877929688,510.010009765625,505.0400085449219,507.0299987792969,15786500,0.0,0.0,511.75800170898435,511.1559997558594
2025-09-26 00:00:00-04:00,510.05999755859375,513.9400024414062,506.6199951171875,511.4599914550781,16200700,0.0,0.0,510.46400146484376,511.31199951171874
