Date,Open,High,Low,Close,Volume,Dividends,Stock Splits
2020-09-28 00:00:00-04:00,202.19711725030342,203.81753461508967,199.49322243628995,200.81640625,32004900,0.0,0.0
2020-09-29 00:00:00-04:00,200.73010675192674,201.4204622220947,198.29468200146903,198.7261505126953,24221900,0.0,0.0
2020-09-30 00:00:00-04:00,199.17680206329678,203.25181013232546,198.03579746308637,201.6697540283203,33829100,0.0,0.0
2020-10-01 00:00:00-04:00,204.6996097199135,205.1790223492004,202.61896066446974,203.71202087402344,27158400,0.0,0.0
2020-10-02 00:00:00-04:00,199.43566680293182,202.30255978020878,197.07695007543285,197.7001953125,33154800,0.0,0.0
2020-10-05 00:00:00-04:00,198.68777523679577,201.74643021386964,198.4576519031385,201.71766662597656,21331600,0.0,0.0
2020-10-06 00:00:00-04:00,200.22190199510823,201.5258903306347,196.3866008750534,197.4317169189453,28554300,0.0,0.0
2020-10-07 00:00:00-04:00,198.5343876446166,201.4588080799235,198.20839051556985,201.19033813476562,25681100,0.0,0.0
2020-10-08 00:00:00-04:00,201.84232954510335,202.4943384245125,199.7425142102119,201.90945434570312,19925800,0.0,0.0
2020-10-09 00:00:00-04:00,202.5326658550179,206.97203171595046,202.5326658550179,206.92408752441406,26458000,0.0,0.0
2020-10-12 00:00:00-04:00,209.78140069312866,214.64265244429112,207.882930516998,212.283935546875,40461400,0.0,0.0
2020-10-13 00:00:00-04:00,213.5496334128117,215.93711436354207,211.35391465113807,213.68386840820312,28950800,0.0,0.0
2020-10-14 00:00:00-04:00,213.81807545397245,214.9878436739825,210.107425642433,211.7661895751953,23421700,0.0,0.0
2020-10-15 00:00:00-04:00,208.16097962773364,211.2867448559503,207.1158489257923,210.61557006835938,22733100,0.0,0.0
2020-10-16 00:00:00-04:00,211.08538510441647,213.1372706724877,210.2895729758885,210.61557006835938,26057900,0.0,0.0
2020-10-19 00:00:00-04:00,211.34429656584294,213.14689303076904,204.92016920089208,205.3995819091797,27625800,0.0,0.0
2020-10-20 00:00:00-04:00,206.91451708098484,208.41986529898946,204.31609389953766,205.81185913085938,22753500,0.0,0.0
2020-10-21 00:00:00-04:00,204.34483913835186,207.9883781310668,204.34483913835186,205.95567321777344,22724900,0.0,0.0
2020-10-22 00:00:00-04:00,205.12151335460695,207.16381616381312,202.98333678251518,206.0419921875,22351500,0.0,0.0
2020-10-23 00:00:00-04:00,206.17621001281267,207.37474167806434,204.38321132336048,207.32679748535156,18879600,0.0,0.0
2020-10-26 00:00:00-04:00,205.04482977945148,207.4322958032438,199.53158340310517,201.4300537109375,37111600,0.0,0.0
2020-10-27 00:00:00-04:00,202.87785929223526,205.83104322774932,201.6697445765535,204.46951293945312,36700300,0.0,0.0
2020-10-28 00:00:00-04:00,199.11929187560776,200.24111596647438,193.77864139359238,194.33474731445312,51195600,0.0,0.0
2020-10-29 00:00:00-04:00,195.66749508625168,198.8220240324159,194.99630564065131,196.2907257080078,31432600,0.0,0.0
2020-10-30 00:00:00-04:00,195.1209967251671,195.87846246175886,191.4007489608777,194.13340759277344,36953700,0.0,0.0
2020-11-02 00:00:00-05:00,195.87843510424747,196.82767752002246,191.88013493015848,193.9991455078125,30842200,0.0,0.0
2020-11-03 00:00:00-05:00,195.49491819127326,199.55074570208873,194.7566185066281,197.93032836914062,27512000,0.0,0.0
2020-11-04 00:00:00-05:00,205.20785840222203,209.33081139614356,203.67373159454786,207.4802703857422,42311800,0.0,0.0
2020-11-05 00:00:00-05:00,212.89759854696078,214.8919572579799,212.04424447339872,214.09613037109375,36080100,0.0,0.0
2020-11-06 00:00:00-05:00,213.1085464685072,215.12208583391666,209.05271877417096,214.50843811035156,25231900,0.0,0.0
2020-11-09 00:00:00-05:00,215.19876936588372,218.72723972094147,208.9088772508579,209.3978729248047,44395000,0.0,0.0
2020-11-10 00:00:00-05:00,205.6680838349031,207.58573496623086,201.0848988014711,202.32177734375,44045100,0.0,0.0
2020-11-11 00:00:00-05:00,203.6449493616537,209.06230763770108,203.46277017398026,207.6336669921875,29440800,0.0,0.0
2020-11-12 00:00:00-05:00,208.26646090512634,210.08822321961955,205.62969119016765,206.5693359375,21593900,0.0,0.0
2020-11-13 00:00:00-05:00,207.45150367006715,208.46785644690453,205.34209031410987,207.59532165527344,18621100,0.0,0.0
2020-11-16 00:00:00-05:00,206.0228159261353,208.77465486518045,205.68723580318886,208.28564453125,24953300,0.0,0.0
2020-11-17 00:00:00-05:00,207.20218813788108,208.71711949260344,205.26535660858772,205.6297149658203,24154100,0.0,0.0
2020-11-18 00:00:00-05:00,205.38937213802836,206.85060654985398,202.77453778794847,202.9187469482422,28372800,0.56,0.0
2020-11-19 00:00:00-05:00,203.20714178040058,204.79333979305358,201.81319330215703,204.20692443847656,24792700,0.0,0.0
2020-11-20 00:00:00-05:00,203.9954629162187,205.04331546439388,201.88052699574177,202.2554473876953,22843100,0.0,0.0
2020-11-23 00:00:00-05:00,202.79373968820798,204.08192585772954,200.11161984755833,201.98622131347656,25683500,0.0,0.0
2020-11-24 00:00:00-05:00,201.48634012873154,205.966167884209,200.7845691949016,205.59124755859375,33979700,0.0,0.0
2020-11-25 00:00:00-05:00,206.79296818121367,206.96600160397446,204.2454338873119,205.6009063720703,21012900,0.0,0.0
2020-11-27 00:00:00-05:00,206.54299705815234,207.9080920979437,205.76430275885053,206.90829467773438,14512200,0.0,0.0
2020-11-30 00:00:00-05:00,205.82196023272226,206.45643058783554,202.68799675205642,205.79312133789062,33064800,0.0,0.0
2020-12-01 00:00:00-05:00,206.21610523136007,208.91747073268834,205.10096702441447,207.8503875732422,30904500,0.0,0.0
2020-12-02 00:00:00-05:00,206.57180161644624,207.13898610870106,204.5722217772667,207.0428466796875,23724500,0.0,0.0
2020-12-03 00:00:00-05:00,206.31223244455936,208.01380055345115,205.38934381990802,205.95654296875,25120900,0.0,0.0
2020-12-04 00:00:00-05:00,205.93729776824554,207.0524505000857,204.93750060562468,206.07188415527344,24666000,0.0,0.0
2020-12-07 00:00:00-05:00,206.08151676587187,207.20627770612253,204.7548835554524,206.00460815429688,24620000,0.0,0.0
2020-12-08 00:00:00-05:00,205.69699327130186,208.5617694437516,204.6587489935617,207.65811157226562,23284100,0.0,0.0
2020-12-09 00:00:00-05:00,206.84097386421712,206.90825972929352,203.04370112937298,203.6108856201172,32440600,0.0,0.0
2020-12-10 00:00:00-05:00,203.58205592220745,204.84140328420904,202.2265691271052,202.38038635253906,26733300,0.0,0.0
2020-12-11 00:00:00-05:00,201.9285556018802,205.07212727508463,201.02489774661876,205.01443481445312,30979400,0.0,0.0
2020-12-14 00:00:00-05:00,204.8606607801778,207.85041564557133,204.64916573487125,205.91812133789062,28798400,0.0,0.0
2020-12-15 00:00:00-05:00,206.850597476952,207.0909313980809,204.0338909623543,205.85081481933594,27000600,0.0,0.0
2020-12-16 00:00:00-05:00,206.44686205659363,211.59962250655175,206.418023156238,210.8017120361328,35023300,0.0,0.0
2020-12-17 00:00:00-05:00,211.36887743172719,212.34944396119258,209.49427573482185,210.936279296875,32515800,0.0,0.0
2020-12-18 00:00:00-05:00,210.1383819580078,211.19585717009113,207.6677566626054,210.1383819580078,63354900,0.0,0.0
2020-12-21 00:00:00-05:00,209.13860810945437,215.33922114159793,208.87904333384435,213.98373413085938,37181900,0.0,0.0
2020-12-22 00:00:00-05:00,214.07985500164784,216.9061843808769,213.27233651295927,215.28152465820312,22612200,0.0,0.0
2020-12-23 00:00:00-05:00,214.48361441637113,214.91621255931088,212.26293123630398,212.47442626953125,18699600,0.0,0.0
2020-12-24 00:00:00-05:00,212.85893405514418,214.96426143799516,212.64743904242195,214.13751220703125,10550600,0.0,0.0
2020-12-28 00:00:00-05:00,215.77174869458827,217.2906605353665,214.3970459791994,216.2620391845703,17933500,0.0,0.0
2020-12-29 00:00:00-05:00,217.5598563272588,218.39621360154018,214.93541425812904,215.48336791992188,17403200,0.0,0.0
2020-12-30 00:00:00-05:00,216.52163131999487,216.90617439367813,212.90701444028235,213.10888671875,20272300,0.0,0.0
2020-12-31 00:00:00-05:00,213.12810390410456,214.37784314318708,211.18620184549383,213.8202667236328,20942100,0.0,0.0
2021-01-04 00:00:00-05:00,213.9260239305633,214.37785286571398,206.50451143811924,209.27316284179688,37130100,0.0,0.0
2021-01-05 00:00:00-05:00,208.85978237905934,210.07107471127767,207.36010108090161,209.47503662109375,23823000,0.0,0.0
2021-01-06 00:00:00-05:00,203.96656368510168,208.1195403388213,203.745460613917,204.04347229003906,35930700,0.0,0.0
2021-01-07 00:00:00-05:00,205.76426870218953,210.8593503984707,205.44704085761094,209.84994506835938,27694500,0.0,0.0
2021-01-08 00:00:00-05:00,210.22488214133165,212.05142875790764,208.63868411663802,211.1285400390625,22956200,0.0,0.0
2021-01-11 00:00:00-05:00,210.0230222852734,210.4460123619004,208.3502928010175,209.08091735839844,23031300,0.0,0.0
2021-01-12 00:00:00-05:00,208.12916175268282,208.70596899227266,205.072121521782,206.61985778808594,23249300,0.0,0.0
2021-01-13 00:00:00-05:00,205.74506591051468,208.37911628016133,205.65853455119372,207.97535705566406,20087100,0.0,0.0
2021-01-14 00:00:00-05:00,207.5619967995437,209.05207008476174,204.5145643571503,204.7837371826172,29480800,0.0,0.0
2021-01-15 00:00:00-05:00,205.26439629941862,206.21610922436778,203.83200087080638,204.4280242919922,31746500,0.0,0.0
2021-01-19 00:00:00-05:00,205.4854771494631,208.59058691911966,204.4087860099995,208.07147216796875,30480900,0.0,0.0
2021-01-20 00:00:00-05:00,209.28277771906542,217.05997996557417,208.88862656387894,215.66604614257812,37777300,0.0,0.0
2021-01-21 00:00:00-05:00,216.01211800602644,217.55026091629355,213.82027389362747,216.2716827392578,30709400,0.0,0.0
2021-01-22 00:00:00-05:00,218.30010489062968,221.17450381399632,217.06959641111914,217.2137908935547,30172700,0.0,0.0
2021-01-25 00:00:00-05:00,220.2612290947195,220.89571417206457,215.55069007064066,220.65538024902344,33152100,0.0,0.0
2021-01-26 00:00:00-05:00,222.89530847335894,225.12559979449426,221.1841320050196,223.34713745117188,49169600,0.0,0.0
2021-01-27 00:00:00-05:00,228.79788295270222,231.14354426779957,221.2417842146544,223.8950653076172,69870600,0.0,0.0
2021-01-28 00:00:00-05:00,226.5002982458668,233.25848684590053,226.0003995892036,229.69192504882812,49111200,0.0,0.0
2021-01-29 00:00:00-05:00,226.8656060692636,228.8171162716666,222.40500922536845,222.99142456054688,42503100,0.0,0.0
2021-02-01 00:00:00-05:00,225.97153697036592,233.12387596555698,223.44321972463564,230.38406372070312,33314200,0.0,0.0
2021-02-02 00:00:00-05:00,231.9703108623903,232.94125465334326,229.46122406057862,230.24951171875,25916300,0.0,0.0
2021-02-03 00:00:00-05:00,230.30716407808396,235.61372573695,230.00913773665354,233.6045379638672,27158100,0.0,0.0
2021-02-04 00:00:00-05:00,233.2777089960579,233.83528542530067,231.07624217466682,232.65283203125,25296100,0.0,0.0
2021-02-05 00:00:00-05:00,232.8643338915451,233.8737392729773,231.1243186859083,232.8354949951172,18054800,0.0,0.0
2021-02-08 00:00:00-05:00,233.74876347372876,234.258270207897,231.4992415150819,233.09506225585938,22211900,0.0,0.0
2021-02-09 00:00:00-05:00,232.518256262877,235.29651579174603,232.04721116764924,234.3448028564453,23565000,0.0,0.0
2021-02-10 00:00:00-05:00,235.52723852750492,236.4116655813092,231.57614834749486,233.43153381347656,22186700,0.0,0.0
2021-02-11 00:00:00-05:00,235.31572239258884,235.67141186361138,232.7874051200119,235.0369415283203,15751100,0.0,0.0
2021-02-12 00:00:00-05:00,234.49862618593036,235.81566615917376,233.34502620134742,235.5176544189453,16561100,0.0,0.0
2021-02-16 00:00:00-05:00,235.5560591780429,236.6135341978641,233.5276404900709,234.27748107910156,26728500,0.0,0.0
2021-02-17 00:00:00-05:00,232.5238602901919,235.40486497453526,232.15770663695596,235.2988739013672,21653500,0.56,0.0
2021-02-18 00:00:00-05:00,232.98633869109634,235.0386897154469,232.08059954957508,234.90379333496094,16925600,0.0,0.0
2021-02-19 00:00:00-05:00,234.86526703672254,234.97125810430992,231.4253871453351,232.1865997314453,25262600,0.0,0.0
2021-02-22 00:00:00-05:00,228.76600020057145,229.2574053237831,223.92897590919952,225.96206665039062,36446900,0.0,0.0
2021-02-23 00:00:00-05:00,221.9344340967485,226.27040833152452,220.3927484877867,224.76727294921875,30228700,0.0,0.0
2021-02-24 00:00:00-05:00,221.62607102742007,226.62689654449298,220.65289108022142,226.00059509277344,26339700,0.0,0.0
2021-02-25 00:00:00-05:00,223.6206609287914,226.03916586725174,219.57375431876594,220.64329528808594,39542200,0.0,0.0
2021-02-26 00:00:00-05:00,223.09067530726543,226.79070286617392,221.17320598719547,223.90969848632812,37819200,0.0,0.0
2021-03-01 00:00:00-05:00,227.30139726551226,228.8141775442121,224.65163525341808,228.30349731445312,25324000,0.0,0.0
2021-03-02 00:00:00-05:00,228.37092841617996,228.65036608626744,224.94069354651947,225.3453826904297,22812500,0.0,0.0
2021-03-03 00:00:00-05:00,223.69768449842758,225.06592320179783,218.97628251373825,219.26535034179688,34029500,0.0,0.0
2021-03-04 00:00:00-05:00,218.47526685502132,224.01567769555226,216.08565298488423,218.4656219482422,44727800,0.0,0.0
2021-03-05 00:00:00-05:00,221.15395671882018,224.7672685097658,218.20549664982508,223.15814208984375,41872800,0.0,0.0
2021-03-08 00:00:00-05:00,222.93653271094007,224.86363248546377,218.8510905986167,219.1016082763672,35267400,0.0,0.0
2021-03-09 00:00:00-05:00,224.39147806891881,226.80035252533506,223.22557636286808,225.2586669921875,33080500,0.0,0.0
2021-03-10 00:00:00-05:00,228.36131758416906,228.36131758416906,223.58210379343052,223.94825744628906,29746800,0.0,0.0
2021-03-11 00:00:00-05:00,226.39567093202942,230.45220741847595,225.7693547309097,228.486572265625,29907600,0.0,0.0
2021-03-12 00:00:00-05:00,225.48030873585378,227.22434641996819,224.7287409836298,227.15689086914062,22653700,0.0,0.0
2021-03-15 00:00:00-04:00,226.3956399067722,226.61725221705547,223.3604495848346,226.2510986328125,26034900,0.0,0.0
2021-03-16 00:00:00-04:00,227.66754157982132,231.30975858381365,227.33993818218457,229.04542541503906,28092200,0.0,0.0
2021-03-17 00:00:00-04:00,227.54231296573224,229.85484164853725,224.7287488988673,228.39987182617188,29562100,0.0,0.0
2021-03-18 00:00:00-04:00,224.0831392862076,225.65373016609632,221.93442734749217,222.31021118164062,34833000,0.0,0.0
2021-03-19 00:00:00-04:00,222.59928144301026,223.99642572837095,220.99015502303175,221.95370483398438,46430700,0.0,0.0
2021-03-22 00:00:00-04:00,221.87657186044143,228.26489574959223,221.75130570684627,227.38807678222656,30127000,0.0,0.0
2021-03-23 00:00:00-04:00,228.83343480819252,232.26366955659853,228.42874567858755,228.92015075683594,31638400,0.0,0.0
2021-03-24 00:00:00-04:00,229.18034024396192,229.3248668420224,226.74256027264792,226.87745666503906,25620100,0.0,0.0
2021-03-25 00:00:00-04:00,226.72325318085586,228.3034741413882,223.12921682416135,223.8711395263672,34061900,0.0,0.0
2021-03-26 00:00:00-04:00,223.10999627964145,228.08191760412024,223.10999627964145,227.86029052734375,25479900,0.0,0.0
2021-03-29 00:00:00-04:00,227.96624975182988,228.16860168438848,223.42793830588067,226.66546630859375,25227500,0.0,0.0
2021-03-30 00:00:00-04:00,225.0178046093241,225.3261476313384,222.67638543414654,223.3990478515625,24792000,0.0,0.0
2021-03-31 00:00:00-04:00,224.42037928624902,230.38475468378886,223.91932929173933,227.17613220214844,43623500,0.0,0.0
2021-04-01 00:00:00-04:00,229.7777335288069,233.98844166156687,229.37304435678317,233.5163116455078,30338000,0.0,0.0
2021-04-05 00:00:00-04:00,233.91135174004893,240.84892228709435,233.85354110259084,239.99136352539062,36910600,0.0,0.0
2021-04-06 00:00:00-04:00,238.58456726121224,240.30931493909185,237.88118002189182,238.82545471191406,22931900,0.0,0.0
2021-04-07 00:00:00-04:00,238.7772460799706,241.78351640483447,238.17984997761982,240.7910614013672,22719800,0.0,0.0
2021-04-08 00:00:00-04:00,243.5564669257725,244.87652533779865,242.8145295243861,244.0189666748047,23625200,0.0,0.0
2021-04-09 00:00:00-04:00,243.6528267842257,246.6591120785743,243.2385074384209,246.5242156982422,24326800,0.0,0.0
2021-04-12 00:00:00-04:00,245.42578962524593,248.277903660416,245.33905896446214,246.58204650878906,27148700,0.0,0.0
2021-04-13 00:00:00-04:00,247.88281528674034,249.74245922592584,247.46846655097832,249.06796264648438,23837500,0.0,0.0
2021-04-14 00:00:00-04:00,248.0948048163931,249.39557347884994,245.85936229769126,246.273681640625,23070900,0.0,0.0
2021-04-15 00:00:00-04:00,248.52838799920875,250.45548756154315,248.33569568609872,250.04116821289062,25627500,0.0,0.0
2021-04-16 00:00:00-04:00,250.01226427112198,251.48649426821015,248.2104308752593,251.2359619140625,24878600,0.0,0.0
2021-04-19 00:00:00-04:00,250.70599670606254,251.94898404216053,248.42238864092639,249.308837890625,23209300,0.0,0.0
2021-04-20 00:00:00-04:00,248.4224102579436,250.71566342921685,247.47812089177063,248.84637451171875,19722900,0.0,0.0
2021-04-21 00:00:00-04:00,249.50164142213325,251.17820902637308,247.873239556208,251.08184814453125,24030400,0.0,0.0
2021-04-22 00:00:00-04:00,250.72526680683916,252.23804693896332,246.32185218965753,247.7960968017578,25606200,0.0,0.0
2021-04-23 00:00:00-04:00,248.48016965517937,251.97785932499406,247.89238912242618,251.63096618652344,21462600,0.0,0.0
2021-04-26 00:00:00-04:00,252.12240895213077,252.87397651486,250.68672936049217,252.0164031982422,19763300,0.0,0.0
2021-04-27 00:00:00-04:00,252.04535927725757,253.596689841561,250.63858471602703,252.42115783691406,31014200,0.0,0.0
2021-04-28 00:00:00-04:00,246.74583520127024,247.18908930860349,243.72993413735392,245.28125,46903100,0.0,0.0
2021-04-29 00:00:00-04:00,246.1484222060443,246.765093449427,239.92388443782954,243.30593872070312,40589000,0.0,0.0
2021-04-30 00:00:00-04:00,240.63692696496827,243.85517969639238,240.50203058408832,242.98797607421875,30945100,0.0,0.0
2021-05-03 00:00:00-04:00,244.16353258039422,245.07891672423915,241.96664004037495,242.67967224121094,19626600,0.0,0.0
2021-05-04 00:00:00-04:00,241.822060668799,242.05331788139998,236.8019604436024,238.75796508789062,32756100,0.0,0.0
2021-05-05 00:00:00-04:00,239.98172031267046,240.40568459382968,236.85982824705025,237.4861297607422,21901300,0.0,0.0
2021-05-06 00:00:00-04:00,237.4668315740508,240.75253973117884,235.77098931679225,240.6272735595703,26491100,0.0,0.0
2021-05-07 00:00:00-04:00,242.9590692028245,245.03071003481767,242.0147945427054,243.25778198242188,27032900,0.0,0.0
2021-05-10 00:00:00-04:00,241.72572808374886,242.55438148087032,238.11241641652208,238.17022705078125,29299900,0.0,0.0
2021-05-11 00:00:00-04:00,235.6361109168277,237.61139098411766,233.7282863940429,237.25486755371094,33641600,0.0,0.0
2021-05-12 00:00:00-04:00,233.34285752909457,235.47230909481863,229.39231209908553,230.2884063720703,36684400,0.0,0.0
2021-05-13 00:00:00-04:00,232.9863314597455,236.64782343406685,232.62017785153265,234.17149353027344,29624300,0.0,0.0
2021-05-14 00:00:00-04:00,236.6285734518454,240.09734408331312,236.54185749414458,239.10488891601562,23901100,0.0,0.0
2021-05-17 00:00:00-04:00,237.5632221163097,237.60175764175742,234.64366720205916,236.24314880371094,24970200,0.0,0.0
2021-05-18 00:00:00-04:00,237.29339145802263,237.42828782946611,234.04621893400108,234.21966552734375,20168000,0.0,0.0
2021-05-19 00:00:00-04:00,231.11953416207322,234.90536910405467,230.4338423981237,234.79913330078125,25739800,0.56,0.0
2021-05-20 00:00:00-04:00,235.6104322512315,239.46386436275736,235.51384887433105,238.04417419433594,21800700,0.0,0.0
2021-05-21 00:00:00-04:00,239.0968753298311,239.83085887580378,236.36373086578163,236.7790069580078,21863100,0.0,0.0
2021-05-24 00:00:00-04:00,239.3092890013529,242.56395952418902,239.03887328396996,242.19696044921875,21411500,0.0,0.0
2021-05-25 00:00:00-04:00,243.15310430516726,244.09955940034632,242.23562127253584,243.1048126220703,17704300,0.0,0.0
2021-05-26 00:00:00-04:00,242.8247163124464,244.28304548417626,242.16799661550857,242.88267517089844,17771600,0.0,0.0
2021-05-27 00:00:00-04:00,242.57363957876439,242.87302739019415,240.71935384710486,240.7772979736328,24426200,0.0,0.0
2021-05-28 00:00:00-04:00,242.4094733566428,243.4525119028188,241.01875529507478,241.1346435546875,18270200,0.0,0.0
2021-06-01 00:00:00-04:00,242.63156646330611,242.6895105857164,238.50771922855193,238.93264770507812,23213300,0.0,0.0
2021-06-02 00:00:00-04:00,239.6376848701333,240.73866745632938,237.42605251919264,238.83609008789062,19406700,0.0,0.0
2021-06-03 00:00:00-04:00,236.8272869148477,237.9089499261885,234.6832657769733,237.30052185058594,25307700,0.0,0.0
2021-06-04 00:00:00-04:00,239.28030816230077,243.03717074440968,239.03886451374223,242.20660400390625,25281100,0.0,0.0
2021-06-07 00:00:00-04:00,241.42435686469864,245.39369149557498,241.2601769330751,245.12327575683594,23079200,0.0,0.0
2021-06-08 00:00:00-04:00,246.42708853723312,247.24800296865635,243.8677766099774,243.9257354736328,22455000,0.0,0.0
2021-06-09 00:00:00-04:00,245.12329927133203,246.78443310382474,244.54384323411264,244.91082763671875,17937600,0.0,0.0
2021-06-10 00:00:00-04:00,245.58683497315405,248.6483389164334,244.98805939193187,248.4358673095703,24563600,0.0,0.0
2021-06-11 00:00:00-04:00,249.16021356263965,249.64310092841745,247.82743971739598,249.06365966796875,18999700,0.0,0.0
2021-06-14 00:00:00-04:00,249.0732969857195,251.05315286618904,248.01093888804147,250.99520874023438,19150500,0.0,0.0
2021-06-15 00:00:00-04:00,250.87932421133058,251.09179585898022,248.8608582952137,249.517578125,18038900,0.0,0.0
2021-06-16 00:00:00-04:00,250.5219449324532,251.661551976009,245.7123911746522,248.5710906982422,27220000,0.0,0.0
2021-06-17 00:00:00-04:00,247.30594774837823,252.79154126464425,247.2480036211231,251.9706268310547,27565500,0.0,0.0
2021-06-18 00:00:00-04:00,250.74407003411417,253.32267177206154,249.89418365035087,250.5509033203125,37202200,0.0,0.0
2021-06-21 00:00:00-04:00,250.92765424419582,254.50100387051003,249.0926877362926,253.6414794921875,26696100,0.0,0.0
2021-06-22 00:00:00-04:00,253.72833188091008,256.69326730119366,253.41927690151593,256.4228515625,24694100,0.0,0.0
2021-06-23 00:00:00-04:00,256.8864295914861,257.6976768866212,255.37982326150552,256.1910705566406,19518700,0.0,0.0
2021-06-24 00:00:00-04:00,257.05057958881,258.6827410747314,256.3841927348846,257.56243896484375,21446900,0.0,0.0
2021-06-25 00:00:00-04:00,257.1182241550708,258.1033037968489,255.6985340834192,255.94961547851562,25611100,0.0,0.0
2021-06-28 00:00:00-04:00,257.0795406829496,259.69678157154965,256.8091249764496,259.52294921875,19590000,0.0,0.0
2021-06-29 00:00:00-04:00,259.66788832997133,262.35274132840755,258.8083640092798,262.1112976074219,19937800,0.0,0.0
2021-06-30 00:00:00-04:00,261.4255829956221,262.07263560674545,260.3728920002913,261.6283874511719,21656500,0.0,0.0
2021-07-01 00:00:00-04:00,260.38259204053463,262.5362809706454,260.37295433193987,262.30450439453125,16725300,0.0,0.0
2021-07-02 00:00:00-04:00,263.4826600464124,268.48536590593466,263.17360506966617,268.1473388671875,26458000,0.0,0.0
2021-07-06 00:00:00-04:00,268.51434487101903,269.80847946217114,264.911994546403,268.1570129394531,31565600,0.0,0.0
2021-07-07 00:00:00-04:00,269.8374143282879,271.08327180082625,267.66442150258445,270.3492736816406,23260000,0.0,0.0
2021-07-08 00:00:00-04:00,267.4230406840095,269.1904251024168,265.46251898624683,267.9252624511719,24618600,0.0,0.0
2021-07-09 00:00:00-04:00,266.283347584945,268.53358921248014,265.8970436777281,268.4273681640625,23916700,0.0,0.0
2021-07-12 00:00:00-04:00,269.6056656896285,270.1947741027663,267.1139504873323,267.8286437988281,18931700,0.0,0.0
2021-07-13 00:00:00-04:00,268.02177128034975,273.16936668942884,267.8962453327776,271.3633728027344,26120100,0.0,0.0
2021-07-14 00:00:00-04:00,272.68644543825303,273.95160771933604,270.94803359403,272.8409729003906,23113700,0.0,0.0
2021-07-15 00:00:00-04:00,272.3484848336769,272.8410393972171,270.25274061696695,271.41168212890625,22604200,0.0,0.0
2021-07-16 00:00:00-04:00,272.4161262963488,274.3766481153408,269.89543854443895,271.14129638671875,26186800,0.0,0.0
2021-07-19 00:00:00-04:00,269.3835680560332,270.77428617836256,265.05691565154973,267.529296875,32935600,0.0,0.0
2021-07-20 00:00:00-04:00,268.51439602462887,271.3537766070522,266.8049850507663,269.76025390625,26259700,0.0,0.0
2021-07-21 00:00:00-04:00,269.3545150504272,271.8848396458678,267.7996321780763,271.7689514160156,24364300,0.0,0.0
2021-07-22 00:00:00-04:00,274.1254718714831,276.61718696207936,273.7198630252672,276.3467712402344,23384100,0.0,0.0
2021-07-23 00:00:00-04:00,277.53474241361965,280.06506806462244,276.6945229235811,279.75604248046875,22768100,0.0,0.0
2021-07-26 00:00:00-04:00,279.10894960613797,279.7753366533579,276.8297349605999,279.1572265625,23176100,0.0,0.0
2021-07-27 00:00:00-04:00,279.52419766900096,279.66905799664846,273.2659957297597,276.7331237792969,33604100,0.0,0.0
2021-07-28 00:00:00-04:00,279.099165488324,280.219467453785,274.1157654929005,276.4239807128906,33566900,0.0,0.0
2021-07-29 00:00:00-04:00,276.443316658676,278.74186496050413,276.2887891833402,276.6944274902344,18168300,0.0,0.0
2021-07-30 00:00:00-04:00,275.409954820777,276.8489495390509,274.193069397049,275.1588439941406,20944800,0.0,0.0
2021-08-02 00:00:00-04:00,276.55920160196104,276.95517272658464,274.02887685382683,275.0719299316406,16267400,0.0,0.0
2021-08-03 00:00:00-04:00,275.6514440057943,277.399493957448,274.2800308832114,277.2932434082031,17879000,0.0,0.0
2021-08-04 00:00:00-04:00,276.424079637782,277.7471864708533,274.9078060448436,276.70416259765625,16191300,0.0,0.0
2021-08-05 00:00:00-04:00,277.0614540709244,279.71733452870075,276.30815097455206,279.611083984375,13900200,0.0,0.0
2021-08-06 00:00:00-04:00,278.6357236746368,279.591831386844,277.77616987319374,279.5531921386719,16589300,0.0,0.0
2021-08-09 00:00:00-04:00,279.8332049639728,281.57158754551716,277.9595997842777,278.4617919921875,16117600,0.0,0.0
2021-08-10 00:00:00-04:00,278.91575002193525,279.3503604705102,275.43898432576697,276.63653564453125,18616600,0.0,0.0
2021-08-11 00:00:00-04:00,277.3801707605832,278.78055600328867,276.0763688920484,277.12908935546875,13955900,0.0,0.0
2021-08-12 00:00:00-04:00,276.82001772470846,280.0457018111786,276.5399347983644,279.89117431640625,14561300,0.0,0.0
2021-08-13 00:00:00-04:00,279.5724318322928,282.8753643413786,279.3985700109456,282.82708740234375,18249000,0.0,0.0
2021-08-16 00:00:00-04:00,283.15546614888757,284.7296835116026,280.09394760339165,284.5172119140625,22507600,0.0,0.0
2021-08-17 00:00:00-04:00,282.3828370065338,283.38722132567307,281.1176452209921,283.0491943359375,20075300,0.0,0.0
2021-08-18 00:00:00-04:00,282.58478416986804,285.2747764039946,280.87207162165635,281.31719970703125,21813000,0.56,0.0
2021-08-19 00:00:00-04:00,279.34329542686044,287.83903054796286,279.2949260524418,287.16168212890625,29850500,0.0,0.0
2021-08-20 00:00:00-04:00,290.01619207467786,295.93804471105017,288.40993310312365,294.5059509277344,40817600,0.0,0.0
2021-08-23 00:00:00-04:00,293.4318623806957,295.5122472550652,292.0771952203758,294.7865295410156,22830200,0.0,0.0
2021-08-24 00:00:00-04:00,295.1445872496961,295.7541949403405,292.2223741389388,292.8222961425781,18175800,0.0,0.0
2021-08-25 00:00:00-04:00,294.4478620221924,294.7284811462343,290.693507101477,292.2320251464844,20006100,0.0,0.0
2021-08-26 00:00:00-04:00,291.24500350131405,292.63838377872025,289.2710727162614,289.4065246582031,17666100,0.0,0.0
2021-08-27 00:00:00-04:00,289.30982883345143,291.1289662916191,287.2197578940376,290.0162048339844,22605700,0.0,0.0
2021-08-30 00:00:00-04:00,291.3708023601306,294.37044130921845,291.31274730875384,293.7608337402344,16348100,0.0,0.0
2021-08-31 00:00:00-04:00,294.5639424758335,294.64133935853647,291.73846902002873,292.1061706542969,26285300,0.0,0.0
2021-09-01 00:00:00-04:00,293.06416766628405,295.3090616023399,291.72884231587955,292.0578308105469,18983800,0.0,0.0
2021-09-02 00:00:00-04:00,292.41589443055443,293.538311938404,290.4612756544539,291.3998718261719,16285600,0.0,0.0
2021-09-03 00:00:00-04:00,291.24496957921906,292.8028586720251,290.53862336734346,291.39013671875,14747900,0.0,0.0
2021-09-07 00:00:00-04:00,291.264417395407,291.34181429788396,288.5453971793564,290.4612731933594,17180400,0.0,0.0
2021-09-08 00:00:00-04:00,290.0741938428301,290.87730841628627,287.83898574917305,290.4902648925781,15046800,0.0,0.0
2021-09-09 00:00:00-04:00,291.08055265822435,292.3578229597053,287.38422323857367,287.6261291503906,19927000,0.0,0.0
2021-09-10 00:00:00-04:00,288.7582677272122,290.20970322785337,285.81668351097755,286.135986328125,19633400,0.0,0.0
2021-09-13 00:00:00-04:00,287.9163785501458,288.8743459549039,284.5587236147856,287.37451171875,23652900,0.0,0.0
2021-09-14 00:00:00-04:00,289.86138974773536,291.6321578784851,288.4486672359254,290.0839538574219,21853400,0.0,0.0
2021-09-15 00:00:00-04:00,293.4415592642238,295.4348616325164,292.0481788377142,294.9510498046875,28356300,0.0,0.0
2021-09-16 00:00:00-04:00,293.92544267017837,295.42524788987544,291.0225709962839,295.3381652832031,19550800,0.0,0.0
2021-09-17 00:00:00-04:00,294.32208461521674,294.641387411537,289.83229691858133,290.1612854003906,41372500,0.0,0.0
2021-09-20 00:00:00-04:00,286.73588112231,289.0485156418267,280.14636693580707,284.7716064453125,38278700,0.0,0.0
2021-09-21 00:00:00-04:00,286.1166313271891,287.90674093489395,284.5490857833115,285.25543212890625,22364100,0.0,0.0
2021-09-22 00:00:00-04:00,287.1229449687735,290.49994168937883,284.9748195189621,288.91302490234375,26626300,0.0,0.0
2021-09-23 00:00:00-04:00,289.17432362572237,291.1579402272472,287.8970533651699,289.861328125,18604600,0.0,0.0
2021-09-24 00:00:00-04:00,288.5744387428514,290.0935855729012,287.316510162556,289.6581726074219,14999000,0.0,0.0
2021-09-27 00:00:00-04:00,286.552124596826,286.87142745592587,283.4557166434828,284.6459045410156,23571700,0.0,0.0
2021-09-28 00:00:00-04:00,280.4172499523184,281.36553151644847,273.59551678332315,274.340576171875,43186200,0.0,0.0
2021-09-29 00:00:00-04:00,275.86950665981914,277.4854216078808,273.847176788506,274.80511474609375,26353700,0.0,0.0
2021-09-30 00:00:00-04:00,276.4596910937672,278.5110481087357,272.5021146772433,272.79241943359375,32343600,0.0,0.0
2021-10-01 00:00:00-04:00,272.9859966186394,280.59153434234594,272.1828819315152,279.7400207519531,30086300,0.0,0.0
2021-10-04 00:00:00-04:00,278.0950532665713,278.43372747696765,271.1765495236149,273.9439392089844,31350700,0.0,0.0
2021-10-05 00:00:00-04:00,274.85345213293385,280.99786745988877,274.85345213293385,279.4109802246094,24993000,0.0,0.0
2021-10-06 00:00:00-04:00,276.52747949792473,284.1233308910271,276.26623174874106,283.6201477050781,28002600,0.0,0.0
2021-10-07 00:00:00-04:00,285.62307470902675,287.0358261668495,284.4038892769978,285.30377197265625,20430500,0.0,0.0
2021-10-08 00:00:00-04:00,286.62941133649093,287.0358261668495,284.24906598588615,285.30377197265625,17685700,0.0,0.0
2021-10-11 00:00:00-04:00,283.436333832164,288.3228214749395,283.2718248179271,284.70391845703125,19298600,0.0,0.0
2021-10-12 00:00:00-04:00,285.7779593873109,285.87472765623266,282.8847741825881,283.3976135253906,17974100,0.0,0.0
2021-10-13 00:00:00-04:00,285.3618551976884,287.6551182103089,283.98781680932575,286.7165222167969,23416300,0.0,0.0
2021-10-14 00:00:00-04:00,289.52269326467575,293.4512433177529,288.1873677681999,292.9480895996094,27262900,0.0,0.0
2021-10-15 00:00:00-04:00,292.55135765925456,294.5930591035775,290.7902753674663,294.3608093261719,25384800,0.0,0.0
2021-10-18 00:00:00-04:00,293.7415336263761,298.231292237954,292.8900200458531,297.3410949707031,22729300,0.0,0.0
2021-10-19 00:00:00-04:00,298.36672045007583,299.2859450829905,297.2733011398646,298.2506103515625,17682100,0.0,0.0
2021-10-20 00:00:00-04:00,299.19889456122667,299.6730502203194,296.1992554003437,297.4571838378906,16537100,0.0,0.0
2021-10-21 00:00:00-04:00,297.2249651602557,300.9502925339426,296.44116284819944,300.69873046875,16918100,0.0,0.0
2021-10-22 00:00:00-04:00,300.3502952177753,301.0179577211659,297.83446849060283,299.15045166015625,17449300,0.0,0.0
2021-10-25 00:00:00-04:00,299.3439971387141,299.3827103476736,296.53789484444036,298.1538391113281,17554500,0.0,0.0
2021-10-26 00:00:00-04:00,300.9308706116033,302.2855374351402,298.6085804098941,300.0696716308594,28107300,0.0,0.0
2021-10-27 00:00:00-04:00,305.769065317171,315.5420698297333,305.769065317171,312.7069396972656,52588700,0.0,0.0
2021-10-28 00:00:00-04:00,313.82932247840694,314.3518474461919,310.95547944987885,313.84869384765625,26297900,0.0,0.0
2021-10-29 00:00:00-04:00,313.6358102058513,321.2510024364737,313.41324616991966,320.88330078125,34766000,0.0,0.0
2021-11-01 00:00:00-04:00,320.6318303561923,320.757626183613,315.8033967098977,318.7062683105469,27073200,0.0,0.0
2021-11-02 00:00:00-04:00,319.61580680645034,322.6541596345884,319.3158457985175,322.3445129394531,26487100,0.0,0.0
2021-11-03 00:00:00-04:00,323.089541540339,324.0571652224182,319.94476457358155,323.1863098144531,21500100,0.0,0.0
2021-11-04 00:00:00-04:00,322.1122803057055,325.6441010433751,318.84170734665486,325.5473327636719,23992200,0.0,0.0
2021-11-05 00:00:00-04:00,327.55031640147575,327.8212498631309,323.59273891215867,325.17962646484375,22570100,0.0,0.0
2021-11-08 00:00:00-05:00,326.3794592729646,326.7181334708356,323.61206968994304,326.0794982910156,20897000,0.0,0.0
2021-11-09 00:00:00-05:00,326.19556799164343,327.7534572970053,323.6991121703383,325.0731506347656,21307400,0.0,0.0
2021-11-10 00:00:00-05:00,323.73780326397525,323.79585831193276,319.238359870115,320.08984375,25500900,0.0,0.0
2021-11-11 00:00:00-05:00,320.52535587776663,322.96375701109565,319.8093237774825,321.6671447753906,16849800,0.0,0.0
2021-11-12 00:00:00-05:00,323.1088423630964,326.3116736890881,322.9830465871682,325.81817626953125,23831000,0.0,0.0
2021-11-15 00:00:00-05:00,326.6116778913146,326.9406663714479,323.21530960920296,325.18927001953125,16723000,0.0,0.0
2021-11-16 00:00:00-05:00,324.81195906070167,329.64042203603583,324.64747954670213,328.5179748535156,20886800,0.0,0.0
2021-11-17 00:00:00-05:00,328.5664219326353,331.71695259761833,327.6551891582324,328.74090576171875,19053400,0.62,0.0
2021-11-18 00:00:00-05:00,327.82958890843764,331.968919377058,326.8020338448508,330.82501220703125,22463500,0.0,0.0
2021-11-19 00:00:00-05:00,332.1532083396236,334.5379095401843,331.72667256930407,332.6087951660156,21963400,0.0,0.0
2021-11-22 00:00:00-05:00,334.07245071718984,338.9679066311666,329.15761757937406,329.4290466308594,31031100,0.0,0.0
2021-11-23 00:00:00-05:00,326.7342172669437,329.06078640134734,323.35104186627217,327.3449401855469,30427600,0.0,0.0
2021-11-24 00:00:00-05:00,325.98778479533405,327.81025009025836,323.6903259484439,327.5679016113281,21661300,0.0,0.0
2021-11-26 00:00:00-05:00,324.11689632002157,327.58731389288937,318.07756092876355,319.5898132324219,24217200,0.0,0.0
2021-11-29 00:00:00-05:00,324.6887789094433,328.6535962110915,324.49488830576917,326.3270568847656,28563500,0.0,0.0
2021-11-30 00:00:00-05:00,325.0571366420449,327.4418371105094,318.92085731132687,320.4718933105469,42885600,0.0,0.0
2021-12-01 00:00:00-05:00,324.8729652307251,328.89594378590317,319.30865400622315,319.9775085449219,33337600,0.0,0.0
2021-12-02 00:00:00-05:00,320.1907852858541,323.28315411578535,317.76730059678897,319.40557861328125,30766000,0.0,0.0
2021-12-03 00:00:00-05:00,321.82903877335156,322.5173296727446,308.29630958443755,313.1239013671875,41779300,0.0,0.0
2021-12-06 00:00:00-05:00,314.0351104815673,317.42798853456475,309.45957089532595,316.20654296875,30032600,0.0,0.0
2021-12-07 00:00:00-05:00,321.4897621950075,325.5224142210023,319.9968875145801,324.66937255859375,31021900,0.0,0.0
2021-12-08 00:00:00-05:00,325.04751645227583,325.23170368841147,320.675539821201,324.7179260253906,24761000,0.0,0.0
2021-12-09 00:00:00-05:00,324.1749632436444,326.19128920048627,321.9550433018123,322.9050598144531,22214200,0.0,0.0
2021-12-10 00:00:00-05:00,324.727537763227,332.5020651973553,324.54335057908673,332.05615234375,38095700,0.0,0.0
2021-12-13 00:00:00-05:00,330.253091015941,333.26792128473744,328.70205493313443,329.01226806640625,28899400,0.0,0.0
2021-12-14 00:00:00-05:00,323.0214181808544,324.3979704573752,314.19022487037,318.290771484375,44438700,0.0,0.0
2021-12-15 00:00:00-05:00,318.55250653000735,324.93113478361175,314.5683119105372,324.40765380859375,35381100,0.0,0.0
2021-12-16 00:00:00-05:00,325.4351997973671,326.453081085924,313.1335895234271,314.9560546875,35034800,0.0,0.0
2021-12-17 00:00:00-05:00,311.0591867906164,314.9755472789226,307.54028143748917,313.8898010253906,47750300,0.0,0.0
2021-12-20 00:00:00-05:00,310.2544436318181,312.9202763221146,307.85036617549423,310.1187438964844,28326500,0.0,0.0
2021-12-21 00:00:00-05:00,313.3954337685812,317.6995460339769,310.0122281683137,317.27301025390625,24740600,0.0,0.0
2021-12-22 00:00:00-05:00,318.2519309785469,323.39940901494424,315.77998894607936,323.0019836425781,24831500,0.0,0.0
2021-12-23 00:00:00-05:00,322.5658454879959,326.09445376045846,322.54646825855775,324.44647216796875,19617800,0.0,0.0
2021-12-27 00:00:00-05:00,325.1928799261171,331.99804425764506,325.1637992915189,331.9689636230469,19947000,0.0,0.0
2021-12-28 00:00:00-05:00,332.64753721927053,333.2873407939797,329.9041652817156,330.8056945800781,15661500,0.0,0.0
2021-12-29 00:00:00-05:00,330.8540927739974,333.762274179864,329.28367954819765,331.4842224121094,15042000,0.0,0.0
2021-12-30 00:00:00-05:00,331.4454801313024,332.62814190201897,328.4500564559301,328.93475341796875,15994500,0.0,0.0
2021-12-31 00:00:00-05:00,328.14949449804215,328.973455535573,325.57090352022,326.0265197753906,18000800,0.0,0.0
2022-01-03 00:00:00-05:00,325.08625041123946,327.6551383305522,319.68671928603504,324.5046081542969,28865100,0.0,0.0
2022-01-04 00:00:00-05:00,324.5820957134117,324.94079625044975,316.1386844494537,318.94024658203125,32674300,0.0,0.0
2022-01-05 00:00:00-05:00,315.8866419326383,316.0902359259385,306.3090562672879,306.6968078613281,40054300,0.0,0.0
2022-01-06 00:00:00-05:00,303.56567778767305,308.9458313978056,301.9564804488897,304.2733459472656,39646100,0.0,0.0
2022-01-07 00:00:00-05:00,304.53511645338995,306.8131982496803,300.59937921535504,304.4284973144531,32720000,0.0,0.0
2022-01-10 00:00:00-05:00,300.01772629144193,305.08766733673764,295.3646471311674,304.65142822265625,44289500,0.0,0.0
2022-01-11 00:00:00-05:00,303.78865505675424,306.91977831660637,300.40547992451036,305.3396911621094,29386800,0.0,0.0
2022-01-12 00:00:00-05:00,309.8861975033797,313.51172164936673,307.37544097333597,308.5290222167969,34372200,0.0,0.0
2022-01-13 00:00:00-05:00,310.6615717943923,311.0590267250478,294.69565783305563,295.4711608886719,45366000,0.0,0.0
2022-01-14 00:00:00-05:00,294.9381181604768,301.3070437036342,294.45342117089507,300.7060241699219,39846400,0.0,0.0
2022-01-18 00:00:00-05:00,294.7636681033481,300.3182773066438,292.50496330641784,293.3871154785156,42333200,0.0,0.0
2022-01-19 00:00:00-05:00,296.9156921461027,304.30246958333606,293.4355712876698,294.0462646484375,45933900,0.0,0.0
2022-01-20 00:00:00-05:00,299.6105438916935,302.11156683740717,291.9232582853758,292.3691711425781,35380700,0.0,0.0
2022-01-21 00:00:00-05:00,293.4258322374997,294.80235496310996,286.5625070860677,286.96966552734375,57984400,0.0,0.0
2022-01-24 00:00:00-05:00,283.2568694279383,288.01656677151595,267.6011364861104,287.2992248535156,85731500,0.0,0.0
2022-01-25 00:00:00-05:00,282.597631504359,285.9614287163641,276.4420053781098,279.6603698730469,72848600,0.0,0.0
2022-01-26 00:00:00-05:00,298.5636068216338,299.0580071592012,284.06148289400227,287.62884521484375,90428900,0.0,0.0
2022-01-27 00:00:00-05:00,293.39678404727476,297.89475670818956,288.81153989507334,290.6630859375,53481300,0.0,0.0
2022-01-28 00:00:00-05:00,291.0410572774416,299.0385546450456,285.43796333535903,298.8252868652344,49743700,0.0,0.0
2022-01-31 00:00:00-05:00,299.49422892037853,302.81924258293594,296.99317632807,301.46209716796875,46444500,0.0,0.0
2022-02-01 00:00:00-05:00,300.9096139122449,301.1228817889273,295.7912144554258,299.31011962890625,40950400,0.0,0.0
2022-02-02 00:00:00-05:00,300.15347537244213,305.4754390795192,299.4264298568936,303.8662414550781,36636000,0.0,0.0
2022-02-03 00:00:00-05:00,300.0177033550017,301.7044688280811,290.77938083421395,292.0299072265625,43730000,0.0,0.0
2022-02-04 00:00:00-05:00,291.02171760463654,299.34880717402064,290.78907254882864,296.57635498046875,35096500,0.0,0.0
2022-02-07 00:00:00-05:00,296.7993425518359,298.41821379352973,290.72122388231634,291.7391052246094,28533300,0.0,0.0
2022-02-08 00:00:00-05:00,292.02989517247903,296.20798026867743,290.7696950101349,295.23858642578125,32421200,0.0,0.0
2022-02-09 00:00:00-05:00,300.38610474159356,302.3830539530496,297.98202662954105,301.6850891113281,31284700,0.0,0.0
2022-02-10 00:00:00-05:00,294.7345331364793,299.6590411901458,291.496761022089,293.1253356933594,45386200,0.0,0.0
2022-02-11 00:00:00-05:00,293.91050210959537,294.97684118279875,285.21503873193984,286.00994873046875,39175600,0.0,0.0
2022-02-14 00:00:00-05:00,284.77882629708716,287.6773340827328,282.4329097004765,285.97119140625,36359500,0.0,0.0
2022-02-15 00:00:00-05:00,290.82779936112746,291.5935990469963,287.9292922212691,291.2737121582031,27058300,0.0,0.0
2022-02-16 00:00:00-05:00,289.836092086114,292.26458771929816,285.2802319066826,290.93377685546875,29982100,0.62,0.0
2022-02-17 00:00:00-05:00,287.8835899369958,288.3110075664805,281.70551089308395,282.4146423339844,32461600,0.0,0.0
2022-02-18 00:00:00-05:00,284.6682566433863,285.4550868856492,278.1210416639117,279.6947021484375,34264000,0.0,0.0
2022-02-22 00:00:00-05:00,276.8485482990099,283.20150223418443,276.3628490914678,279.4907531738281,41736100,0.0,0.0
2022-02-23 00:00:00-05:00,281.88034465353195,283.35688900587667,272.08866307378963,272.2537841796875,37811200,0.0,0.0
2022-02-24 00:00:00-05:00,264.7157823888698,286.7179497975743,263.75407783291644,286.16424560546875,56989700,0.0,0.0
2022-02-25 00:00:00-05:00,286.6984789913166,289.11725102312295,283.3082791147429,288.806396484375,32546700,0.0,0.0
2022-02-28 00:00:00-05:00,285.892234995096,290.58410544575923,284.61970557723305,290.2441101074219,34627500,0.0,0.0
2022-03-01 00:00:00-05:00,287.92245631130913,291.3903554307586,283.7940134485525,286.5139465332031,31217800,0.0,0.0
2022-03-02 00:00:00-05:00,286.91213438734763,292.8473923136002,285.29963959609745,291.60400390625,31873000,0.0,0.0
2022-03-03 00:00:00-05:00,294.2268235947487,294.4599496832263,285.6396371693534,287.4561767578125,27314500,0.0,0.0
2022-03-04 00:00:00-05:00,285.872867362706,287.20367853893225,278.9565149189969,281.5695495605469,32356500,0.0,0.0
2022-03-07 00:00:00-05:00,280.27755582691316,281.40438143444726,270.56357263581685,270.9327087402344,43157200,0.0,0.0
2022-03-08 00:00:00-05:00,269.85447528805213,275.83829324721574,262.2775792995129,267.96026611328125,48159500,0.0,0.0
2022-03-09 00:00:00-05:00,275.3331699798294,281.3169877923011,272.7492466304852,280.2484436035156,35204500,0.0,0.0
2022-03-10 00:00:00-05:00,274.9250696824527,278.4026913561717,272.5548560322905,277.42156982421875,30628000,0.0,0.0
2022-03-11 00:00:00-05:00,279.7238258935915,281.2295109362962,271.43780018093685,272.05950927734375,27209300,0.0,0.0
2022-03-14 00:00:00-04:00,272.32180325678297,277.23707641662975,267.93109349369803,268.5333557128906,30660700,0.0,0.0
2022-03-15 00:00:00-04:00,272.33154503092817,279.58789220242016,270.7578843795946,278.9370422363281,34245100,0.0,0.0
2022-03-16 00:00:00-04:00,280.8409290538057,286.1447847528413,275.0999915812556,285.9699401855469,37826300,0.0,0.0
2022-03-17 00:00:00-04:00,284.9013926296288,287.1550139730886,281.0934985584017,286.77618408203125,30816600,0.0,0.0
2022-03-18 00:00:00-04:00,286.92197562454123,292.39095402605926,284.3574989513332,291.8372497558594,43390600,0.0,0.0
2022-03-21 00:00:00-04:00,290.3412487591332,291.5554966200923,286.4653494285398,290.603515625,28351200,0.0,0.0
2022-03-22 00:00:00-04:00,291.22520644527026,296.2764896012802,290.22466735470084,295.3633728027344,27599700,0.0,0.0
2022-03-23 00:00:00-04:00,291.9149175208854,294.5571221270399,289.20470791785544,290.924072265625,25715400,0.0,0.0
2022-03-24 00:00:00-04:00,290.584124550762,295.49939796385246,289.7875707673661,295.4022521972656,24484500,0.0,0.0
2022-03-25 00:00:00-04:00,296.49991734768025,296.7621842197346,290.7298090046941,294.9942321777344,22566500,0.0,0.0
2022-03-28 00:00:00-04:00,295.6256442255647,301.91059268087037,295.6256442255647,301.8134765625,29578200,0.0,0.0
2022-03-29 00:00:00-04:00,304.9316355003431,306.7870097595386,300.21062447729247,306.38873291015625,30393400,0.0,0.0
2022-03-30 00:00:00-04:00,304.78597103412335,306.91333589865695,302.6682999951618,304.8830871582031,28163600,0.0,0.0
2022-03-31 00:00:00-04:00,304.9219344786806,306.1264885845464,299.083850585326,299.4918212890625,33422100,0.0,0.0
2022-04-01 00:00:00-04:00,300.52148065861917,301.2597528365468,296.8010382958622,300.570068359375,27110500,0.0,0.0
2022-04-04 00:00:00-04:00,301.2209356635581,306.0973451110636,300.85179951692544,305.96136474609375,24289600,0.0,0.0
2022-04-05 00:00:00-04:00,304.30996906857746,305.86421245270554,301.0072204052596,301.98834228515625,23156700,0.0,0.0
2022-04-06 00:00:00-04:00,296.4610352881738,298.2192637550214,288.223567428313,290.93377685546875,40110400,0.0,0.0
2022-04-07 00:00:00-04:00,288.17496733565235,294.96503064921535,287.87383629264315,292.750244140625,31411200,0.0,0.0
2022-04-08 00:00:00-04:00,291.8468883177177,292.50743200328867,287.80586809966695,288.47613525390625,24361900,0.0,0.0
2022-04-11 00:00:00-04:00,283.444334820197,284.2408589427509,276.8485316772578,277.1011047363281,34569300,0.0,0.0
2022-04-12 00:00:00-04:00,280.96718515776104,282.4242823502866,272.467451534695,273.9925537109375,30966700,0.0,0.0
2022-04-13 00:00:00-04:00,274.6434627479795,280.32611930894404,273.25434059478465,279.3935852050781,21907200,0.0,0.0
2022-04-14 00:00:00-04:00,279.8500824672444,280.0637912406808,271.3309315772067,271.8263244628906,28221600,0.0,0.0
2022-04-18 00:00:00-04:00,270.9326756753933,274.381127429491,270.3789715863415,272.4966125488281,20778000,0.0,0.0
2022-04-19 00:00:00-04:00,271.38929164584124,277.9850951288017,270.44703400541835,277.13995361328125,22297700,0.0,0.0
2022-04-20 00:00:00-04:00,281.12270681916686,281.4141441423702,277.2079722331008,278.1696472167969,22906700,0.0,0.0
2022-04-21 00:00:00-04:00,280.32604213031544,284.91104220868584,272.0497412420752,272.7782897949219,29454600,0.0,0.0
2022-04-22 00:00:00-04:00,273.6234827807658,275.1000272597843,265.5608882550552,266.1922912597656,29405800,0.0,0.0
2022-04-25 00:00:00-04:00,265.4734657946964,273.0697784310283,263.0255229577328,272.6909484863281,35678900,0.0,0.0
2022-04-26 00:00:00-04:00,269.5630823476558,270.39847082383966,262.27759363555697,262.4913024902344,46518400,0.0,0.0
2022-04-27 00:00:00-04:00,274.031484376404,282.6477831207664,271.17557081505095,275.11944580078125,63477700,0.0,0.0
2022-04-28 00:00:00-04:00,277.03308894590896,282.6574935130097,273.4097625442166,281.3460998535156,33646600,0.0,0.0
2022-04-29 00:00:00-04:00,280.35519912912395,281.5888937227041,268.5915820437607,269.5823974609375,37073900,0.0,0.0
2022-05-02 00:00:00-04:00,269.76701711906315,276.79023759197617,268.3196431194536,276.33367919921875,35151100,0.0,0.0
2022-05-03 00:00:00-04:00,275.83819124250624,276.0033419602284,272.1371669192712,273.7205505371094,25978600,0.0,0.0
2022-05-04 00:00:00-04:00,274.5074186198129,282.56031814029586,268.8150392969301,281.6860656738281,33599300,0.0,0.0
2022-05-05 00:00:00-04:00,277.3731138499693,278.15994420058433,266.4934396605179,269.4173583984375,43260400,0.0,0.0
2022-05-06 00:00:00-04:00,266.9499827611978,271.2629938805999,263.51122424281493,266.8722839355469,37780300,0.0,0.0
2022-05-09 00:00:00-04:00,262.3358470968672,264.570051538234,255.7886314279648,257.0125732421875,47726000,0.0,0.0
2022-05-10 00:00:00-04:00,263.9191734643311,265.9202513402822,257.4885222663989,261.79180908203125,39336400,0.0,0.0
2022-05-11 00:00:00-04:00,258.08108673464193,263.59862182505924,251.88356099344725,253.09780883789062,48975900,0.0,0.0
2022-05-12 00:00:00-04:00,250.31965376069257,252.44701860866542,242.86902988003934,248.0465850830078,51033800,0.0,0.0
2022-05-13 00:00:00-04:00,249.98938892736297,255.5166483001496,248.04659209038286,253.65155029296875,34925100,0.0,0.0
2022-05-16 00:00:00-04:00,252.52471385764255,258.2171237637711,248.464275755339,254.0206756591797,32550900,0.0,0.0
2022-05-17 00:00:00-04:00,258.49882336445273,260.6553290764096,254.9532250048792,259.18853759765625,28828800,0.0,0.0
2022-05-18 00:00:00-04:00,256.0727779613794,256.656980355756,246.1122326211362,247.38772583007812,31356000,0.62,0.0
2022-05-19 00:00:00-04:00,247.21249585428527,250.88321645351337,245.2457115389156,246.47251892089844,32692300,0.0,0.0
2022-05-20 00:00:00-04:00,250.4644703309738,251.73024707616423,239.94894659890429,245.90774536132812,39199300,0.0,0.0
2022-05-23 00:00:00-04:00,248.76055988795133,254.61225493002615,246.75480650891274,253.78463745117188,33175400,0.0,0.0
2022-05-24 00:00:00-04:00,251.09737007756888,254.44673552078478,246.82298537784575,252.7817840576172,29043900,0.0,0.0
2022-05-25 00:00:00-04:00,251.34079861740852,257.61114646957344,250.35739175795942,255.60540771484375,28547900,0.0,0.0
2022-05-26 00:00:00-04:00,255.36205967458054,260.07457534711045,254.54418800054896,258.8964538574219,25002100,0.0,0.0
2022-05-27 00:00:00-04:00,261.40839525329903,266.14037126536493,260.51261447292734,266.0429992675781,26910800,0.0,0.0
2022-05-31 00:00:00-04:00,265.3516954247134,267.5326854408164,261.846511674719,264.7090759277344,37827700,0.0,0.0
2022-06-01 00:00:00-04:00,267.9514657945236,270.37587169394226,262.9273724680771,265.24468994140625,25292200,0.0,0.0
2022-06-02 00:00:00-04:00,257.48461904641414,267.41594170989407,254.70967973096734,267.3477783203125,44008200,0.0,0.0
2022-06-03 00:00:00-04:00,263.19026792194273,266.2475773225022,261.34031820797634,262.90789794921875,28059000,0.0,0.0
2022-06-06 00:00:00-04:00,264.89417127160834,266.9583275412058,260.18165627348907,261.6713562011719,22400300,0.0,0.0
2022-06-07 00:00:00-04:00,259.6169327151611,265.9359818654596,258.9353582624585,265.32257080078125,22860700,0.0,0.0
2022-06-08 00:00:00-04:00,264.5533447009521,265.8093753438602,262.5086512555536,263.28759765625,17372300,0.0,0.0
2022-06-09 00:00:00-04:00,260.7269412254413,265.52708282107886,257.65991502014924,257.8157043457031,26439700,0.0,0.0
2022-06-10 00:00:00-04:00,253.71649772787293,253.71649772787293,245.87854080550682,246.32643127441406,31422800,0.0,0.0
2022-06-13 00:00:00-04:00,238.65398260797576,242.46099963563907,235.1682754046893,235.87904357910156,46135800,0.0,0.0
2022-06-14 00:00:00-04:00,237.43692767556414,239.26741476763672,235.14881881047341,238.0503387451172,28651500,0.0,0.0
2022-06-15 00:00:00-04:00,241.7696882233062,248.5755819262478,239.92947007796263,245.12881469726562,33111700,0.0,0.0
2022-06-16 00:00:00-04:00,239.50107698603435,240.90315090086327,236.61904936722786,238.51768493652344,33169200,0.0,0.0
2022-06-17 00:00:00-04:00,238.25480915111956,243.90204510292367,237.60245815862066,241.12710571289062,43084800,0.0,0.0
2022-06-21 00:00:00-04:00,243.6683964602768,248.04013969783702,242.93815071043036,247.05674743652344,29928300,0.0,0.0
2022-06-22 00:00:00-04:00,245.25539341920145,250.39633558962288,243.77542499352128,246.46273803710938,25939900,0.0,0.0
2022-06-23 00:00:00-04:00,248.83848658811362,252.53838557608867,246.94958234402384,252.04180908203125,25861400,0.0,0.0
2022-06-24 00:00:00-04:00,254.91411090888582,260.92161062965107,254.82648500967505,260.64898681640625,33923200,0.0,0.0
2022-06-27 00:00:00-04:00,261.14555619251996,261.2331820993187,256.34541555511356,257.91302490234375,24615100,0.0,0.0
2022-06-28 00:00:00-04:00,257.0269890927544,259.87980811002035,249.56874378715275,249.7245330810547,27295500,0.0,0.0
2022-06-29 00:00:00-04:00,250.80526576023144,255.06990454388946,249.02346482811242,253.4049530029297,20069800,0.0,0.0
2022-06-30 00:00:00-04:00,250.2795141966665,252.69420384590512,246.2388275378218,250.0653076171875,31730900,0.0,0.0
2022-07-01 00:00:00-04:00,249.63692332426703,252.92787208687378,247.90379331703537,252.7428741455078,22837700,0.0,0.0
2022-07-05 00:00:00-04:00,249.41291980259365,256.05329267693276,248.03032343950898,255.9267120361328,22941000,0.0,0.0
2022-07-06 00:00:00-04:00,256.8030448567487,260.93135728272176,255.4885967886615,259.1982421875,23824400,0.0,0.0
2022-07-07 00:00:00-04:00,258.1369600042467,261.97318613341645,258.0395879764146,261.33056640625,20859900,0.0,0.0
2022-07-08 00:00:00-04:00,257.81570509968606,261.03852063995714,256.35521359634475,260.610107421875,19658800,0.0,0.0
2022-07-11 00:00:00-04:00,258.652987654912,259.50981391999767,255.2743834632221,257.54302978515625,19455200,0.0,0.0
2022-07-12 00:00:00-04:00,258.8769459056364,258.93536317826056,245.40146874432753,246.98854064941406,35868500,0.0,0.0
2022-07-13 00:00:00-04:00,243.60019227814038,246.8716930845245,241.57497607829453,246.0635528564453,29497400,0.0,0.0
2022-07-14 00:00:00-04:00,243.9701819365623,248.41980385084383,239.46212789733588,247.38772583007812,25102800,0.0,0.0
2022-07-15 00:00:00-04:00,248.98449976151622,253.51201578952933,248.05952512596198,249.95816040039062,29774100,0.0,0.0
2022-07-18 00:00:00-04:00,252.90838746077426,253.96967414471678,246.6282784047325,247.55325317382812,20975000,0.0,0.0
2022-07-19 00:00:00-04:00,250.7955329257847,252.87918127659822,246.99826179190453,252.69418334960938,25012600,0.0,0.0
2022-07-20 00:00:00-04:00,253.0544736031829,257.89356968724485,252.09055877626747,255.36204528808594,22788300,0.0,0.0
2022-07-21 00:00:00-04:00,252.94734376674188,257.9130197151892,250.26003049054867,257.86431884765625,22404700,0.0,0.0
2022-07-22 00:00:00-04:00,258.2537733938726,258.34139929761113,252.24630307646098,253.50230407714844,21881300,0.0,0.0
2022-07-25 00:00:00-04:00,254.1254914759352,254.61232191937572,250.04584998280214,252.01263427734375,21056000,0.0,0.0
2022-07-26 00:00:00-04:00,253.01545221960467,253.03494445018256,242.99650513009456,245.26512145996094,39348000,0.0,0.0
2022-07-27 00:00:00-04:00,254.2812252227085,262.93705316460915,252.03207144255825,261.66156005859375,45994000,0.0,0.0
2022-07-28 00:00:00-04:00,262.6449933275576,270.5219054098013,260.81450632143316,269.12957763671875,33459300,0.0,0.0
2022-07-29 00:00:00-04:00,270.38561261895575,274.5723421203902,269.3437884448539,273.34552001953125,32152800,0.0,0.0
2022-08-01 00:00:00-04:00,270.5025020357126,273.8713607245995,268.57464258808506,270.6875,21539600,0.0,0.0
2022-08-02 00:00:00-04:00,268.7303946053114,270.5706278744579,265.2057470824451,267.58148193359375,22754200,0.0,0.0
2022-08-03 00:00:00-04:00,269.4703733954384,276.0328377004394,269.3243005039463,275.02996826171875,23518900,0.0,0.0
2022-08-04 00:00:00-04:00,274.37764584701426,276.32496776136855,272.79060344638594,276.1789245605469,18098700,0.0,0.0
2022-08-05 00:00:00-04:00,271.79736988103866,276.1788428927064,271.33974817793603,275.4583435058594,16774600,0.0,0.0
2022-08-08 00:00:00-04:00,276.56831999880745,278.38909053353035,271.96292373727755,272.93658447265625,18739200,0.0,0.0
2022-08-09 00:00:00-04:00,272.2745594836536,275.6239257800828,270.29799925052515,274.8644714355469,23405200,0.0,0.0
2022-08-10 00:00:00-04:00,280.579756278284,282.17654402959585,279.38214317948007,281.5436706542969,24687800,0.0,0.0
2022-08-11 00:00:00-04:00,283.18925104786797,283.53975467502244,278.9635667202551,279.4601135253906,20065900,0.0,0.0
2022-08-12 00:00:00-04:00,280.88163407192906,284.2212829589844,279.38218835607705,284.2212829589844,22619700,0.0,0.0
2022-08-15 00:00:00-04:00,283.335291025511,286.43152521881507,282.4687186563289,285.740234375,18085700,0.0,0.0
2022-08-16 00:00:00-04:00,284.29926806185404,286.2952909554267,282.77064286260065,285.00030517578125,18102900,0.0,0.0
2022-08-17 00:00:00-04:00,282.70732652114094,286.22971890556147,282.4438907690257,284.2489929199219,18253400,0.62,0.0
2022-08-18 00:00:00-04:00,283.14639592226945,284.82464859302553,282.0633227973531,283.12689208984375,17186200,0.0,0.0
2022-08-19 00:00:00-04:00,281.88765725342205,282.22916781980774,278.6287311100717,279.20440673828125,20570000,0.0,0.0
2022-08-22 00:00:00-04:00,275.23321855533953,275.6039997944986,270.4911968802227,271.0083312988281,25061100,0.0,0.0
2022-08-23 00:00:00-04:00,269.7301025390625,272.09134632698925,268.7153376389546,269.7301025390625,17527400,0.0,0.0
2022-08-24 00:00:00-04:00,268.72513550456136,270.50096684081166,268.43239936541056,269.0959167480469,18137000,0.0,0.0
2022-08-25 00:00:00-04:00,270.5985095814994,272.2474915307141,267.8567175355643,272.0816345214844,16583400,0.0,0.0
2022-08-26 00:00:00-04:00,272.306030389581,273.5354566259213,261.47547845229536,261.5827941894531,27549300,0.0,0.0
2022-08-29 00:00:00-04:00,259.39712148458295,260.90948696361846,257.4456667881059,258.79217529296875,20338500,0.0,0.0
2022-08-30 00:00:00-04:00,260.1972703784425,260.5680218228097,254.33313846551115,256.5870666503906,22767100,0.0,0.0
2022-08-31 00:00:00-04:00,258.9483235878994,260.62654622481557,254.9868427257154,255.1234588623047,24791800,0.0,0.0
2022-09-01 00:00:00-04:00,252.58662086634564,254.55760984578097,249.21061141623926,254.07948303222656,23263400,0.0,0.0
2022-09-02 00:00:00-04:00,255.3479051299607,258.314095365784,248.29338440657236,249.84478759765625,22855400,0.0,0.0
2022-09-06 00:00:00-04:00,249.98137407563812,251.5717847396317,245.8247657850576,247.10296630859375,21328200,0.0,0.0
2022-09-07 00:00:00-04:00,248.5177548263278,252.54749868622625,247.07368250686363,251.82546997070312,24126700,0.0,0.0
2022-09-08 00:00:00-04:00,251.25956125235498,254.1086684600243,248.60556676158387,252.24502563476562,20319900,0.0,0.0
2022-09-09 00:00:00-04:00,254.17699082314724,258.79219220151697,253.97209640414405,258.0408630371094,22084700,0.0,0.0
2022-09-12 00:00:00-04:00,259.32888662429224,260.9583648576095,258.72394026192035,260.1777648925781,18747700,0.0,0.0
2022-09-13 00:00:00-04:00,252.55730545197812,254.07943798746075,245.48328099504454,245.8735809326172,33353300,0.0,0.0
2022-09-14 00:00:00-04:00,247.37617725181852,248.0591834837352,243.79525932523745,246.0979766845703,23913000,0.0,0.0
2022-09-15 00:00:00-04:00,243.7074697578199,245.29789551034108,238.09703645062885,239.4240264892578,31530900,0.0,0.0
2022-09-16 00:00:00-04:00,238.33121584266482,239.34598087407505,236.18461812172677,238.79957580566406,39791800,0.0,0.0
2022-09-19 00:00:00-04:00,236.58465548733815,239.1898462068976,235.00398165238354,238.58489990234375,26826900,0.0,0.0
2022-09-20 00:00:00-04:00,236.19435819350156,237.59939325821156,233.82333267549006,236.56512451171875,26660300,0.0,0.0
2022-09-21 00:00:00-04:00,238.34091615137325,241.64863116406136,233.10125032926507,233.15003967285156,28625600,0.0,0.0
2022-09-22 00:00:00-04:00,232.09628535405986,237.9408981793507,231.8035790277941,235.13079833984375,31061200,0.0,0.0
2022-09-23 00:00:00-04:00,233.72575432183234,235.27717233231257,229.49110062617243,232.14508056640625,34176000,0.0,0.0
2022-09-26 00:00:00-04:00,231.29622310665232,235.58941845298165,231.14985503831448,231.68650817871094,27694200,0.0,0.0
2022-09-27 00:00:00-04:00,234.15507704083888,235.9309082051213,228.80809460642703,230.67173767089844,27018700,0.0,0.0
2022-09-28 00:00:00-04:00,231.06201938613802,236.4480391799153,229.03250446546224,235.2186279296875,29029700,0.0,0.0
2022-09-29 00:00:00-04:00,233.0915512111038,234.12582002036274,228.72029600486158,231.73529052734375,27484200,0.0,0.0
2022-09-30 00:00:00-04:00,232.50610370980218,234.701490625269,227.0810610919514,227.24693298339844,35694800,0.0,0.0
2022-10-03 00:00:00-04:00,229.696007750658,235.74551509921386,228.96421214667737,234.89663696289062,28880400,0.0,0.0
2022-10-04 00:00:00-04:00,239.1410349538722,244.28312273696628,239.03370433981988,242.83905029296875,34888400,0.0,0.0
2022-10-05 00:00:00-04:00,240.01921394484737,244.49779961267382,238.17508955877648,243.1512908935547,20347100,0.0,0.0
2022-10-06 00:00:00-04:00,241.91211821206613,244.2636251213658,240.10703122323224,240.79978942871094,20239900,0.0,0.0
2022-10-07 00:00:00-04:00,235.05274661637694,235.46256526438881,227.51037728003038,228.55441284179688,37769600,0.0,0.0
2022-10-10 00:00:00-04:00,227.39331464276057,228.8666579231961,221.2267092138756,223.685546875,29743600,0.0,0.0
2022-10-11 00:00:00-04:00,222.0950545494162,223.50010431497287,218.67025691218518,219.93870544433594,30474000,0.0,0.0
2022-10-12 00:00:00-04:00,219.92898195872448,222.32927826237437,218.52394680485463,220.27049255371094,21903900,0.0,0.0
2022-10-13 00:00:00-04:00,214.51369484245026,230.36926657051526,213.81116985788702,228.55441284179688,42551800,0.0,0.0
2022-10-14 00:00:00-04:00,229.822825910581,231.481574406119,222.7975915879221,223.0122528076172,30198600,0.0,0.0
2022-10-17 00:00:00-04:00,230.09605601233935,233.15983963119882,229.43255359972767,231.76454162597656,28142300,0.0,0.0
2022-10-18 00:00:00-04:00,237.33595204197528,238.00919148115057,229.65696682991847,232.71099853515625,26329600,0.0,0.0
2022-10-19 00:00:00-04:00,231.2864410309145,233.7940678630011,228.60319039452398,230.7400360107422,19985700,0.0,0.0
2022-10-20 00:00:00-04:00,230.04727871505503,235.45280255812088,229.16911502485962,230.4180450439453,21811000,0.0,0.0
2022-10-21 00:00:00-04:00,229.04226004699913,237.1017631804631,228.80808010624938,236.2431182861328,26299700,0.0,0.0
2022-10-24 00:00:00-04:00,237.84333234120828,241.824302366333,235.44305100550176,241.24862670898438,24911200,0.0,0.0
2022-10-25 00:00:00-04:00,241.25835405434768,244.94660247334292,239.863071004387,244.57583618164062,34775500,0.0,0.0
2022-10-26 00:00:00-04:00,225.55893893934157,232.51588122743283,224.475880748936,225.70530700683594,82543200,0.0,0.0
2022-10-27 00:00:00-04:00,225.43204924774528,228.01773575985806,220.29972854498547,221.24618530273438,40424600,0.0,0.0
2022-10-28 00:00:00-04:00,220.74856162618767,230.85709759530758,220.56317104703496,230.14480590820312,40647700,0.0,0.0
2022-10-31 00:00:00-04:00,228.0860924657461,229.21794012468652,225.5394426773415,226.49566650390625,28357300,0.0,0.0
2022-11-01 00:00:00-04:00,228.9056957108875,230.01802455406033,221.81215205141078,222.6317596435547,30592300,0.0,0.0
2022-11-02 00:00:00-04:00,223.8904394193755,225.68577445191593,214.69907323807044,214.75762939453125,38407000,0.0,0.0
2022-11-03 00:00:00-04:00,214.74785106240304,215.0600909930844,208.7861557427822,209.0496063232422,36633900,0.0,0.0
2022-11-04 00:00:00-04:00,212.26953659523167,216.21146944131505,208.2495288682356,216.01632690429688,36789100,0.0,0.0
2022-11-07 00:00:00-05:00,216.6017670874102,222.86593625575733,215.9089939667199,222.3390350341797,33498000,0.0,0.0
2022-11-08 00:00:00-05:00,223.14887115740464,226.02726423874347,220.3582899758322,223.3147430419922,28192500,0.0,0.0
2022-11-09 00:00:00-05:00,221.85112775378298,223.08055377079376,218.88492309452312,219.060546875,27852900,0.0,0.0
2022-11-10 00:00:00-05:00,229.7155294272081,237.42378598771606,229.29597372810505,237.082275390625,46268000,0.0,0.0
2022-11-11 00:00:00-05:00,237.09205238278707,241.97069033132314,236.05776863142341,241.11204528808594,34620200,0.0,0.0
2022-11-14 00:00:00-05:00,236.11628839782514,237.98968329468502,233.40376730762415,235.6869659423828,31123300,0.0,0.0
2022-11-15 00:00:00-05:00,239.69722338869778,241.00469467728894,234.20387274977523,236.09678649902344,31390100,0.0,0.0
2022-11-16 00:00:00-05:00,237.5644814544757,238.55275301784232,235.24549518389762,236.5272979736328,24093300,0.68,0.0
2022-11-17 00:00:00-05:00,232.66230792106765,238.0145794109885,232.51554231290342,236.47836303710938,23123500,0.0,0.0
2022-11-18 00:00:00-05:00,238.26898078474412,238.49404129362665,233.8854070506041,236.0282745361328,27613500,0.0,0.0
2022-11-21 00:00:00-05:00,236.23375753060137,239.4040292254599,235.99893254382687,236.84042358398438,26394700,0.0,0.0
2022-11-22 00:00:00-05:00,238.34724661140663,240.03022851249497,235.52924255756514,239.75625610351562,19665700,0.0,0.0
2022-11-23 00:00:00-05:00,239.8345788687071,242.93635021206475,239.01266149508874,242.2514190673828,19508500,0.0,0.0
2022-11-25 00:00:00-05:00,241.9872116642194,243.34729447460518,241.4196930550139,242.16334533691406,9200800,0.0,0.0
2022-11-28 00:00:00-05:00,240.78368479357738,241.34140906534282,235.61732607964368,236.55665588378906,24778200,0.0,0.0
2022-11-29 00:00:00-05:00,236.20440308326351,237.56448586876186,233.08307318531638,235.15744018554688,17956300,0.0,0.0
2022-11-30 00:00:00-05:00,235.3922904493445,249.83460997466,234.69756499927473,249.64869689941406,47594200,0.0,0.0
2022-12-01 00:00:00-05:00,248.40600029951568,250.60757398456622,245.5194955651915,249.20835876464844,26041500,0.0,0.0
2022-12-02 00:00:00-05:00,244.44318669201743,250.54887499999236,244.31597987547545,249.53126525878906,21528500,0.0,0.0
2022-12-05 00:00:00-05:00,246.58602848762314,248.35708472300595,242.72104661691858,244.8149871826172,23435300,0.0,0.0
2022-12-06 00:00:00-05:00,245.42169312336642,246.4393029856838,238.53320430172184,239.8443603515625,22463700,0.0,0.0
2022-12-07 00:00:00-05:00,239.56057972367816,240.86195621878957,236.99697418329282,239.1104736328125,20481500,0.0,0.0
2022-12-08 00:00:00-05:00,239.57035707306187,243.38642715920767,237.8286688296212,242.07525634765625,22611800,0.0,0.0
2022-12-09 00:00:00-05:00,239.4333888365886,242.9656924353559,238.9050176716509,240.1378936767578,20609700,0.0,0.0
2022-12-12 00:00:00-05:00,242.12419433216994,247.10463998852305,241.8502218945569,247.07528686523438,30665100,0.0,0.0
2022-12-13 00:00:00-05:00,256.0577219976388,258.2397370836631,247.62325261498822,251.39039611816406,42196900,0.0,0.0
2022-12-14 00:00:00-05:00,251.59583956374928,256.9383165522958,248.83652677706732,251.68389892578125,35410900,0.0,0.0
2022-12-15 00:00:00-05:00,248.25925401561503,248.728918924476,242.01656425839232,243.65061950683594,35560400,0.0,0.0
2022-12-16 00:00:00-05:00,243.20053750203124,244.46276665797367,238.26900351655553,239.42361450195312,86102000,0.0,0.0
2022-12-19 00:00:00-05:00,239.58994491104272,239.93241792766776,233.57231567315546,235.2748565673828,29696400,0.0,0.0
2022-12-20 00:00:00-05:00,234.24744039254352,237.68190498867048,233.2885368978721,236.59579467773438,25150800,0.0,0.0
2022-12-21 00:00:00-05:00,236.48815622889643,240.3335644481044,234.94216046535638,239.16917419433594,23690600,0.0,0.0
2022-12-22 00:00:00-05:00,236.0673936725993,236.7816927475334,228.83644807499846,233.0634765625,28651700,0.0,0.0
2022-12-23 00:00:00-05:00,231.02825242239908,233.72884412102013,228.9049586888203,233.59185791015625,21207000,0.0,0.0
2022-12-27 00:00:00-05:00,233.56249554010833,233.78754110682124,230.75427086340844,231.85995483398438,16688600,0.0,0.0
2022-12-28 00:00:00-05:00,231.79144538011323,234.56053743355008,229.12998640756533,229.48223876953125,17457100,0.0,0.0
2022-12-29 00:00:00-05:00,230.57817587734075,236.7132328912707,230.57817587734075,235.82281494140625,19770700,0.0,0.0
2022-12-30 00:00:00-05:00,233.0830678086328,234.7954029631969,231.56642511422905,234.65841674804688,21938500,0.0,0.0
2023-01-03 00:00:00-05:00,237.84825439790933,240.46078689316013,232.290495791577,234.423583984375,25740000,0.0,0.0
2023-01-04 00:00:00-05:00,227.28069416142324,227.8579921549362,221.0967257126789,224.1691436767578,50623400,0.0,0.0
2023-01-05 00:00:00-05:00,222.31000597248334,222.65247894787115,216.98708787616465,217.52525329589844,39585600,0.0,0.0
2023-01-06 00:00:00-05:00,218.20039824945533,220.9009897317778,214.62896272559448,220.08885192871094,43613600,0.0,0.0
2023-01-09 00:00:00-05:00,221.5761420882489,226.26305588050707,221.53700957259352,222.23171997070312,27369800,0.0,0.0
2023-01-10 00:00:00-05:00,222.85797845401495,226.33157576127422,222.43724039296023,223.92453002929688,27033900,0.0,0.0
2023-01-11 00:00:00-05:00,226.31199829516942,230.87170589795403,226.1358795554185,230.69558715820312,28669300,0.0,0.0
2023-01-12 00:00:00-05:00,230.19656617961186,234.73670029298546,228.53315774154953,233.37661743164062,27269500,0.0,0.0
2023-01-13 00:00:00-05:00,231.89911556681622,234.21810194476328,229.86388103095572,234.08111572265625,21333300,0.0,0.0
2023-01-17 00:00:00-05:00,232.84820632219572,235.72493150416275,231.9871416608243,235.17698669433594,29831300,0.0,0.0
2023-01-18 00:00:00-05:00,236.370780294962,237.16334455855807,230.45098934917795,230.7347412109375,30028700,0.0,0.0
2023-01-19 00:00:00-05:00,228.74839063323248,230.4509462767117,225.7151054470098,226.93820190429688,28623000,0.0,0.0
2023-01-20 00:00:00-05:00,229.80515114547578,235.55860174293485,229.46267816024536,235.04978942871094,35389800,0.0,0.0
2023-01-23 00:00:00-05:00,235.9108818315434,239.8932766589855,234.49207780928063,237.35902404785156,31934000,0.0,0.0
2023-01-24 00:00:00-05:00,237.28073354657224,238.6995225755174,235.26507279685154,236.83062744140625,40234400,0.0,0.0
2023-01-25 00:00:00-05:00,229.43337116242952,238.06354879354913,225.9304203613686,235.4314422607422,66526600,0.0,0.0
2023-01-26 00:00:00-05:00,238.4059865757759,242.96569434652147,236.79150501374275,242.66236877441406,33454500,0.0,0.0
2023-01-27 00:00:00-05:00,243.6310618794315,244.45297920647357,241.51754738385625,242.8189239501953,26498900,0.0,0.0
2023-01-30 00:00:00-05:00,239.24745305758034,240.31400454491248,236.9871731308744,237.4862060546875,25867400,0.0,0.0
2023-01-31 00:00:00-05:00,238.21027910171549,242.61342664492787,237.72104048580297,242.4764404296875,26541100,0.0,0.0
2023-02-01 00:00:00-05:00,242.66238273522504,249.68784293976753,240.1868362348162,247.31015014648438,31259900,0.0,0.0
2023-02-02 00:00:00-05:00,253.24952278481186,258.9931802305622,251.71330613086135,258.9051208496094,39940400,0.0,0.0
2023-02-03 00:00:00-05:00,253.9539408547348,258.51364747193384,251.56645447387095,252.78955078125,29077300,0.0,0.0
2023-02-06 00:00:00-05:00,251.8991842011105,252.74066029817823,249.29643114757204,251.24359130859375,22518000,0.0,0.0
2023-02-07 00:00:00-05:00,254.92269717724312,262.985340807931,254.48237043515354,261.8013916015625,50841400,0.0,0.0
2023-02-08 00:00:00-05:00,267.31997580328925,270.803352152855,260.4804000537077,260.9892272949219,54686000,0.0,0.0
2023-02-09 00:00:00-05:00,267.90699480471363,268.08314336161027,257.14374763802573,257.94610595703125,42375100,0.0,0.0
2023-02-10 00:00:00-05:00,255.90119177142458,258.4060915123102,255.04992121599022,257.4374084472656,25818500,0.0,0.0
2023-02-13 00:00:00-05:00,261.879679445157,268.68987310618746,261.4002052618533,265.48046875,44630900,0.0,0.0
2023-02-14 00:00:00-05:00,266.8013417807484,269.0518269790631,263.4842903547791,266.3121032714844,37047900,0.0,0.0
2023-02-15 00:00:00-05:00,263.2026047275784,265.5666447691535,261.1034044657681,264.18353271484375,28922400,0.68,0.0
2023-02-16 00:00:00-05:00,258.9846298555741,261.6527555228092,256.90506704379015,257.1502990722656,29603600,0.0,0.0
2023-02-17 00:00:00-05:00,254.44291080193668,255.12954239341835,251.11755074141655,253.1382598876953,30000100,0.0,0.0
2023-02-21 00:00:00-05:00,249.62656685950031,250.61731377289414,246.791685383644,247.85108947753906,28397400,0.0,0.0
2023-02-22 00:00:00-05:00,249.24399183598243,249.48922383589215,245.56551183733654,246.71319580078125,22491100,0.0,0.0
2023-02-23 00:00:00-05:00,250.68598313263473,251.94156990467263,245.70286658270774,249.9110565185547,29219100,0.0,0.0
2023-02-24 00:00:00-05:00,245.19278056900376,246.21293914937976,243.3682538076719,244.46688842773438,24990900,0.0,0.0
2023-02-27 00:00:00-05:00,247.64508387583098,247.99821854657074,244.63362779927607,245.38894653320312,21190000,0.0,0.0
2023-02-28 00:00:00-05:00,244.3197548443397,246.69359891216772,243.98622793422533,244.66307067871094,22491000,0.0,0.0
2023-03-01 00:00:00-05:00,245.9775079191277,246.14426388843702,241.10229440260224,241.57315063476562,27565300,0.0,0.0
2023-03-02 00:00:00-05:00,241.84783196580932,246.60532438654516,240.92575713440505,246.32086181640625,24808200,0.0,0.0
2023-03-03 00:00:00-05:00,247.38025919903342,250.7448353875074,246.59551372780942,250.42112731933594,30760100,0.0,0.0
2023-03-06 00:00:00-05:00,251.53936705600412,255.15899387446288,251.09795243692292,251.97097778320312,24109800,0.0,0.0
2023-03-07 00:00:00-05:00,251.41184575322433,252.77535010371997,248.5573565201222,249.3028564453125,21473200,0.0,0.0
2023-03-08 00:00:00-05:00,249.19496214929893,249.68542618790528,246.02656865087874,248.8614501953125,17340200,0.0,0.0
2023-03-09 00:00:00-05:00,250.94101481489335,254.60967605303648,246.78187459593914,247.5077667236328,26653400,0.0,0.0
2023-03-10 00:00:00-05:00,246.291423774854,247.9688024073323,242.87779825224976,243.84890747070312,28333900,0.0,0.0
2023-03-13 00:00:00-04:00,242.68160000285428,252.99116366046172,241.0434519121512,249.07725524902344,33339700,0.0,0.0
2023-03-14 00:00:00-04:00,251.85326561713225,256.09088178887293,250.98024029023756,255.81622314453125,33620300,0.0,0.0
2023-03-15 00:00:00-04:00,255.02167441477647,261.39770646973017,254.2663406895164,260.3775329589844,46028000,0.0,0.0
2023-03-16 00:00:00-04:00,260.1519520817623,271.285492819686,258.2587678945706,270.932373046875,54768800,0.0,0.0
2023-03-17 00:00:00-04:00,272.9530086045327,277.9262903351464,271.0500060727353,274.1006774902344,69527400,0.0,0.0
2023-03-20 00:00:00-04:00,271.6974326351298,272.187896607002,264.70341160654476,267.03802490234375,43466600,0.0,0.0
2023-03-21 00:00:00-04:00,269.6374678468421,269.7551744059868,264.3796786992098,268.5584411621094,34558700,0.0,0.0
2023-03-22 00:00:00-04:00,268.1857396626866,275.6800448026521,266.98900616938766,267.096923828125,34873300,0.0,0.0
2023-03-23 00:00:00-04:00,272.63913007748295,275.6996206406408,269.95139694314116,272.3644714355469,36610900,0.0,0.0
2023-03-24 00:00:00-04:00,271.9524869231275,275.27784742962956,270.02987629936445,275.218994140625,28172000,0.0,0.0
2023-03-27 00:00:00-04:00,275.15027433577507,276.09195673229823,270.2652426456383,271.1088562011719,26840200,0.0,0.0
2023-03-28 00:00:00-04:00,270.53021342729596,270.87354430568604,266.86152137573606,269.98089599609375,21878600,0.0,0.0
2023-03-29 00:00:00-04:00,273.6396997041648,275.7781457546804,273.1002012129155,275.16015625,25087000,0.0,0.0
2023-03-30 00:00:00-04:00,278.80918867585996,279.034782967191,276.1116365553152,278.6325988769531,25053400,0.0,0.0
2023-03-31 00:00:00-04:00,278.31869572846455,283.7530149729274,277.60260755409064,282.801513671875,32766000,0.0,0.0
2023-04-03 00:00:00-04:00,281.0554727089369,282.7720966657289,278.53451056340606,281.751953125,24883300,0.0,0.0
2023-04-04 00:00:00-04:00,281.7519757409846,284.9105652724409,280.22173037151373,281.7029113769531,25824300,0.0,0.0
2023-04-05 00:00:00-04:00,280.3983253844693,281.67352004035706,277.5242130103723,278.9171142578125,22064800,0.0,0.0
2023-04-06 00:00:00-04:00,277.8085749818448,286.5094004398076,276.65108727435404,286.03857421875,29770300,0.0,0.0
2023-04-10 00:00:00-04:00,283.69413777339656,284.07671400753975,279.279962407057,283.8707275390625,23103000,0.0,0.0
2023-04-11 00:00:00-04:00,280.30020580456596,280.5258300453537,276.2686056649449,277.4358825683594,27276600,0.0,0.0
2023-04-12 00:00:00-04:00,279.35850689315987,281.53616835496916,276.58246375618245,278.0832824707031,27403400,0.0,0.0
2023-04-13 00:00:00-04:00,278.1813345252159,284.370987067152,277.76936157858967,284.3121337890625,24222700,0.0,0.0
2023-04-14 00:00:00-04:00,281.52635353888274,282.9781378461247,278.27948405144895,280.6827697753906,20987900,0.0,0.0
2023-04-17 00:00:00-04:00,284.40044560842966,286.0386085271272,280.702357854445,283.2919921875,23836200,0.0,0.0
2023-04-18 00:00:00-04:00,286.0091595266916,286.195538225493,281.53613062654506,282.87017822265625,20161800,0.0,0.0
2023-04-19 00:00:00-04:00,280.5355652058813,283.5372022349438,279.11323768855965,282.94866943359375,17150300,0.0,0.0
2023-04-20 00:00:00-04:00,279.8097365276155,283.51764349522205,279.642965581356,280.6533203125,23244400,0.0,0.0
2023-04-21 00:00:00-04:00,279.57433198899173,280.81028105928004,277.6615101881032,280.3100280761719,21676400,0.0,0.0
2023-04-24 00:00:00-04:00,276.7099307045575,279.5153998925392,273.4042086745048,276.3960266113281,26611000,0.0,0.0
2023-04-25 00:00:00-04:00,274.17916681026793,276.2293025282691,270.11811093666,270.16717529296875,45772200,0.0,0.0
2023-04-26 00:00:00-04:00,291.04140663076737,293.8566657529909,287.1471205098991,289.73675537109375,64599200,0.0,0.0
2023-04-27 00:00:00-04:00,290.325287881764,299.3792649257392,289.6190184598168,299.01629638671875,46462600,0.0,0.0
2023-04-28 00:00:00-04:00,298.2119472041732,303.038096464785,297.525285592319,301.39996337890625,36469600,0.0,0.0
2023-05-01 00:00:00-04:00,301.1154729285125,302.7143903771624,299.33017676280843,299.73236083984375,21294100,0.0,0.0
2023-05-02 00:00:00-04:00,301.8903917190822,303.28329262686395,298.1138131714134,299.585205078125,26404400,0.0,0.0
2023-05-03 00:00:00-04:00,300.7721438172862,302.7241809919645,298.29039713141395,298.594482421875,22360800,0.0,0.0
2023-05-04 00:00:00-04:00,300.39936209486564,301.8903917190822,297.6135303437571,299.585205078125,22519900,0.0,0.0
2023-05-05 00:00:00-04:00,299.8893128499304,306.0201129213296,298.46695525914686,304.72528076171875,28197100,0.0,0.0
2023-05-08 00:00:00-04:00,304.2151813185298,304.2838534576183,300.2522241306685,302.7633972167969,21318600,0.0,0.0
2023-05-09 00:00:00-04:00,302.12582546569627,304.1269269773573,300.4680547428102,301.1448974609375,21340800,0.0,0.0
2023-05-10 00:00:00-04:00,302.73401078657963,307.03048044641207,301.8021470979915,306.3536376953125,30078000,0.0,0.0
2023-05-11 00:00:00-04:00,304.1858287503453,305.1863646978888,300.41906820391165,304.19561767578125,31680200,0.0,0.0
2023-05-12 00:00:00-04:00,304.62718464295926,304.7252834320708,300.7525369252092,303.07733154296875,19774700,0.0,0.0
2023-05-15 00:00:00-04:00,303.2048636724934,303.98959413162356,301.7236527501709,303.5579833984375,16336500,0.0,0.0
2023-05-16 00:00:00-04:00,303.92100949030555,307.7270161775783,303.92100949030555,305.7945861816406,26730300,0.0,0.0
2023-05-17 00:00:00-04:00,307.0036472035513,309.10740625813224,305.4798671864211,308.6846923828125,24315000,0.68,0.0
2023-05-18 00:00:00-04:00,309.20581541203563,313.6394823198299,308.4095290274022,313.1282653808594,27276000,0.0,0.0
2023-05-19 00:00:00-04:00,311.378311227304,313.3542961539549,311.01457927584767,312.95123291015625,27546700,0.0,0.0
2023-05-22 00:00:00-04:00,313.20691119388795,317.129360952399,312.6269020066113,315.74322509765625,24115700,0.0,0.0
2023-05-23 00:00:00-04:00,314.612676200923,317.2571435018196,309.91359107162907,309.9234313964844,30797200,0.0,0.0
2023-05-24 00:00:00-04:00,309.4024316342998,311.1424592315405,307.31829264651185,308.5373229980469,23384900,0.0,0.0
2023-05-25 00:00:00-04:00,317.76829739796784,321.36634580570205,314.5831525784272,320.4029541015625,43301700,0.0,0.0
2023-05-26 00:00:00-04:00,318.5350972767318,327.75632087129475,318.39748274598566,327.2549743652344,36630600,0.0,0.0
2023-05-30 00:00:00-04:00,329.5553637104811,330.0567102220312,324.9250712145435,325.6033935546875,29503100,0.0,0.0
2023-05-31 00:00:00-04:00,326.6651841985823,330.25339298565933,321.78912277735026,322.8312072753906,45950600,0.0,0.0
2023-06-01 00:00:00-04:00,320.41277005822946,327.8841260635335,319.2232608919035,326.9501953125,26773900,0.0,0.0
2023-06-02 00:00:00-04:00,328.5919763107523,331.7869618694956,326.92074109501317,329.7225036621094,25873800,0.0,0.0
2023-06-05 00:00:00-04:00,329.54551312664034,332.82897116316303,328.99499501279143,330.2533264160156,21307100,0.0,0.0
2023-06-06 00:00:00-04:00,329.6536491257751,329.6929804213879,326.54716679509426,328.0315856933594,20396200,0.0,0.0
2023-06-07 00:00:00-04:00,326.03600504343115,328.8279274839087,317.0408972156509,317.906005859375,40717100,0.0,0.0
2023-06-08 00:00:00-04:00,318.45645718009644,321.1107645064962,317.87644809786565,319.7541198730469,23277700,0.0,0.0
2023-06-09 00:00:00-04:00,319.48869141586215,324.40405344263496,318.91852262119164,321.25823974609375,22529000,0.0,0.0
2023-06-12 00:00:00-04:00,323.0179085879385,326.4783425572576,319.6558178575519,326.2325744628906,24260300,0.0,0.0
2023-06-13 00:00:00-04:00,328.80826298989484,331.27578458558565,324.79734035721447,328.6313171386719,22951300,0.0,0.0
2023-06-14 00:00:00-04:00,328.6804517282309,333.30090441787564,327.1763520230472,331.6296691894531,26003800,0.0,0.0
2023-06-15 00:00:00-04:00,331.7672951050373,343.9180559623726,331.4920360241556,342.20751953125,38899100,0.0,0.0
2023-06-16 00:00:00-04:00,345.37302870803074,345.52048357890783,336.1616444283532,336.5351867675781,46552000,0.0,0.0
2023-06-20 00:00:00-04:00,333.5662870008195,336.28938669423195,330.17467528796925,332.3276062011719,26375400,0.0,0.0
2023-06-21 00:00:00-04:00,330.67606636446294,332.0130604612283,326.4488669428893,327.91363525390625,25117800,0.0,0.0
2023-06-22 00:00:00-04:00,328.4641622943436,334.3625969961484,327.69736698314864,333.95953369140625,23556800,0.0,0.0
2023-06-23 00:00:00-04:00,328.70010653848016,332.2391735369446,327.8055369647912,329.34893798828125,23146900,0.0,0.0
2023-06-26 00:00:00-04:00,328.07092355992313,330.420451002799,322.9294440913957,323.03759765625,21520600,0.0,0.0
2023-06-27 00:00:00-04:00,326.24237697831273,330.45976577699514,323.72571415230334,328.9065246582031,24354100,0.0,0.0
2023-06-28 00:00:00-04:00,328.9950582750604,332.2588662926082,328.1594406198277,330.1649169921875,20259500,0.0,0.0
2023-06-29 00:00:00-04:00,329.04420741679957,330.42050299750343,326.98958937114276,329.3784484863281,16997000,0.0,0.0
2023-06-30 00:00:00-04:00,332.0327017922602,336.928413125334,331.49202397478524,334.7754821777344,26832800,0.0,0.0
2023-07-03 00:00:00-04:00,333.4483145492519,335.1293598763114,330.87266977887174,332.26861572265625,12508700,0.0,0.0
2023-07-05 00:00:00-04:00,329.4177043821665,335.86665648494886,329.06381274284894,332.4259033203125,18172400,0.0,0.0
2023-07-06 00:00:00-04:00,331.5903044472357,337.183988734617,329.8207861493633,335.49310302734375,28161200,0.0,0.0
2023-07-07 00:00:00-04:00,333.576146349244,336.0043364674082,331.295411096355,331.5116882324219,21214800,0.0,0.0
2023-07-10 00:00:00-04:00,328.93602028459145,329.55536067649837,322.0446733856095,326.212890625,32791400,0.0,0.0
2023-07-11 00:00:00-04:00,325.45596628174627,327.2254847097536,321.4646944933152,326.84210205078125,26698200,0.0,0.0
2023-07-12 00:00:00-04:00,330.9021854547732,335.8666892186245,329.9879352964464,331.4920349121094,29995300,0.0,0.0
2023-07-13 00:00:00-04:00,333.81205821506575,337.92129360338816,333.2811907244009,336.8595886230469,20567200,0.0,0.0
2023-07-14 00:00:00-04:00,341.70616139811665,345.48115613970265,338.48168484795,339.39593505859375,28352700,0.0,0.0
2023-07-17 00:00:00-04:00,339.82845289215857,341.116275309023,336.40738021266617,339.87762451171875,20363900,0.0,0.0
2023-07-18 00:00:00-04:00,339.97589142858743,360.57126878762074,336.3778730937699,353.4046630859375,64738600,0.0,0.0
2023-07-19 00:00:00-04:00,355.6264109803811,356.3243839257748,346.47401010132427,349.0693054199219,39732900,0.0,0.0
2023-07-20 00:00:00-04:00,347.58491867049014,351.91043126765385,339.52371292046627,340.9983215332031,33778400,0.0,0.0
2023-07-21 00:00:00-04:00,343.23970925517426,344.3702364714845,334.0774676394136,337.9507751464844,69405400,0.0,0.0
2023-07-24 00:00:00-04:00,339.99559089055157,341.04748554440357,336.515506241867,339.2680969238281,26678100,0.0,0.0
2023-07-25 00:00:00-04:00,341.23421180313346,345.9333262001537,339.22876591095803,345.0387268066406,41637700,0.0,0.0
2023-07-26 00:00:00-04:00,335.66025722913804,338.83559201935464,327.47124698104943,332.0523681640625,58383700,0.0,0.0
2023-07-27 00:00:00-04:00,334.7165317078784,335.55211932236773,323.4799903627964,325.1217346191406,39635300,0.0,0.0
2023-07-28 00:00:00-04:00,328.02178951344797,334.2544650928314,327.53025330055345,332.6422119140625,28484900,0.0,0.0
2023-07-31 00:00:00-04:00,331.2167454340434,331.9835406579094,327.71698030864405,330.2336730957031,25446000,0.0,0.0
2023-08-01 00:00:00-04:00,329.5160486388289,332.8093472638062,328.0512803254377,330.6465759277344,18311900,0.0,0.0
2023-08-02 00:00:00-04:00,327.9824147290401,327.9824147290401,320.8354599405336,321.9561767578125,27761300,0.0,0.0
2023-08-03 00:00:00-04:00,320.4816007481319,324.2959264406298,320.4324591287807,321.13043212890625,18253700,0.0,0.0
2023-08-04 00:00:00-04:00,326.2620478429963,329.4668732210619,321.7005778570137,322.2314453125,23741500,0.0,0.0
2023-08-07 00:00:00-04:00,322.81155793361523,325.5051673663706,321.97594018957915,324.5220947265625,17741500,0.0,0.0
2023-08-08 00:00:00-04:00,321.42539185501937,323.1851001160052,317.5324329656872,320.5307922363281,22327600,0.0,0.0
2023-08-09 00:00:00-04:00,320.94370023666625,321.57285107528156,315.61543375482944,316.7754821777344,22373300,0.0,0.0
2023-08-10 00:00:00-04:00,320.5012521187965,322.70335468908695,315.74318531670457,317.46356201171875,20113700,0.0,0.0
2023-08-11 00:00:00-04:00,314.83880646948256,316.9524063309863,313.8065623503819,315.57611083984375,24355500,0.0,0.0
2023-08-14 00:00:00-04:00,315.9496735414383,318.57446021923187,314.6618210129477,318.5548095703125,18836100,0.0,0.0
2023-08-15 00:00:00-04:00,317.53239911449145,319.5870169204076,315.4679409838277,316.41168212890625,16966300,0.0,0.0
2023-08-16 00:00:00-04:00,316.03730499135764,319.6035867530306,315.0521512600074,315.64324951171875,20698900,0.68,0.0
2023-08-17 00:00:00-04:00,315.78126532082626,317.0915068864775,311.5155317492243,312.17559814453125,21257200,0.0,0.0
2023-08-18 00:00:00-04:00,309.82101758009554,313.65328039991437,306.92466292217586,311.781494140625,24755000,0.0,0.0
2023-08-21 00:00:00-04:00,313.20991857735174,317.97805902911256,312.3331473900361,317.1012878417969,24040000,0.0,0.0
2023-08-22 00:00:00-04:00,320.66757506765094,321.23895106672995,316.68754513415576,317.6726989746094,16084600,0.0,0.0
2023-08-23 00:00:00-04:00,319.0125425262804,324.3126753088463,318.65787148938745,322.14532470703125,21166400,0.0,0.0
2023-08-24 00:00:00-04:00,327.90848314598765,328.0365579639024,315.2098348852326,315.2196960449219,23281400,0.0,0.0
2023-08-25 00:00:00-04:00,316.697405641925,320.5296384398639,314.06703166493907,318.18499755859375,21684100,0.0,0.0
2023-08-28 00:00:00-04:00,320.8251800789058,321.30789580516176,316.943671823176,318.894287109375,14808500,0.0,0.0
2023-08-29 00:00:00-04:00,317.10127977619635,324.09587710343106,317.10127977619635,323.5343322753906,19284600,0.0,0.0
2023-08-30 00:00:00-04:00,323.79050827975385,324.913567962967,321.6034656708571,323.9087219238281,15222100,0.0,0.0
2023-08-31 00:00:00-04:00,324.3126669507392,325.99727165516003,321.92858135018474,322.89404296875,26411000,0.0,0.0
2023-09-01 00:00:00-04:00,326.3913218734916,327.06121928059684,321.9285761050108,323.7806701660156,14942000,0.0,0.0
2023-09-05 00:00:00-04:00,324.1155849082222,329.8787403792181,323.78063623976607,328.5980224609375,18553900,0.0,0.0
2023-09-06 00:00:00-04:00,328.43056516101285,329.4945179929177,325.2780611047277,327.93798828125,17535800,0.0,0.0
2023-09-07 00:00:00-04:00,326.37160197842854,328.1350055862109,324.14514483010225,325.0120849609375,18381000,0.0,0.0
2023-09-08 00:00:00-04:00,325.18937681702226,331.1692669104406,324.568725184115,329.30731201171875,19530100,0.0,0.0
2023-09-11 00:00:00-04:00,332.2332623849475,333.395766733697,330.45013638799065,332.9228820800781,16583300,0.0,0.0
2023-09-12 00:00:00-04:00,330.8343426682216,331.7899430173362,326.5587789605408,326.8444519042969,17565500,0.0,0.0
2023-09-13 00:00:00-04:00,326.3912598162644,331.84901956301076,326.2533539360852,331.07073974609375,16544400,0.0,0.0
2023-09-14 00:00:00-04:00,334.1149015081179,335.7995060691533,331.57321796102076,333.6716003417969,20267000,0.0,0.0
2023-09-15 00:00:00-04:00,331.91801655332216,332.39087111470906,324.7559295090808,325.3174743652344,37679800,0.0,0.0
2023-09-18 00:00:00-04:00,322.93340970271976,325.4948156439136,321.5147857988126,324.1747131347656,16834200,0.0,0.0
2023-09-19 00:00:00-04:00,321.32762034749874,324.49981670881084,319.69226147159173,323.7707824707031,16505900,0.0,0.0
2023-09-20 00:00:00-04:00,324.6180468666076,324.69684594431357,315.7516624314958,316.0077819824219,21436500,0.0,0.0
2023-09-21 00:00:00-04:00,314.5201521601659,320.51973405660937,310.323388147436,314.7861328125,35560400,0.0,0.0
2023-09-22 00:00:00-04:00,316.5495989744166,316.6776737677098,311.4563410385971,312.3035888671875,21447900,0.0,0.0
2023-09-25 00:00:00-04:00,311.88980607113865,312.95378890256507,310.3234152969044,312.8257141113281,17836000,0.0,0.0
2023-09-26 00:00:00-04:00,310.4515206404709,311.190385987701,305.41736910779923,307.50592041015625,26297600,0.0,0.0
2023-09-27 00:00:00-04:00,307.6634944681224,309.63380190644403,305.09225769207535,308.146240234375,19410100,0.0,0.0
2023-09-28 00:00:00-04:00,306.37299129807553,310.79635260217924,304.8558759902322,308.9836730957031,19683600,0.0,0.0
2023-09-29 00:00:00-04:00,313.03259381243663,314.7270594095326,310.303728837514,311.0622863769531,24147300,0.0,0.0
2023-10-02 00:00:00-04:00,311.5844231256774,317.1111512307064,310.50074800072014,317.0224609375,20570000,0.0,0.0
2023-10-03 00:00:00-04:00,316.066851138571,316.6185648747961,306.58967727105596,308.7373352050781,21033500,0.0,0.0
2023-10-04 00:00:00-04:00,309.36780894776786,315.2885921855911,309.33825553994615,314.224609375,20720100,0.0,0.0
2023-10-05 00:00:00-04:00,314.35270217569223,315.22950343215035,310.22490561454885,314.6186828613281,16965600,0.0,0.0
2023-10-06 00:00:00-04:00,311.8504393547701,324.3027984562463,311.6041508921413,322.4014587402344,25673600,0.0,0.0
2023-10-09 00:00:00-04:00,319.9286944478217,325.3962859760922,318.3819957765028,324.9234313964844,19891200,0.0,0.0
2023-10-10 00:00:00-04:00,326.0465321921805,326.18446817162754,322.80539744931383,323.51470947265625,20557100,0.0,0.0
2023-10-11 00:00:00-04:00,326.2928358564572,327.8789493713541,324.25359000089406,327.4848937988281,20063200,0.0,0.0
2023-10-12 00:00:00-04:00,325.66232361261683,328.67689206438564,323.83978293130957,326.2435607910156,19313100,0.0,0.0
2023-10-13 00:00:00-04:00,327.44536877291046,328.8738234995549,321.51472467136387,322.8644104003906,21072400,0.0,0.0
2023-10-16 00:00:00-04:00,326.1351476327568,331.14960684186315,325.69184646938805,327.7015686035156,22158000,0.0,0.0
2023-10-17 00:00:00-04:00,324.6968264635894,328.50936673162636,322.5491984669727,327.1301574707031,18338500,0.0,0.0
2023-10-18 00:00:00-04:00,327.5538387745364,330.60782214021685,323.42604117320155,325.20916748046875,23153600,0.0,0.0
2023-10-19 00:00:00-04:00,327.2188485573751,331.87863713798964,325.99726739172553,326.40118408203125,25052100,0.0,0.0
2023-10-20 00:00:00-04:00,326.7952048674921,326.9922476443287,320.6183016458001,321.8201904296875,25027700,0.0,0.0
2023-10-23 00:00:00-04:00,320.63799913570296,327.79022513571806,319.57404629112153,324.43084716796875,24374700,0.0,0.0
2023-10-24 00:00:00-04:00,326.38142132445483,326.9134127609565,322.73637053310733,325.62286376953125,31153600,0.0,0.0
2023-10-25 00:00:00-04:00,339.8977607961559,341.0602651549816,332.607628527267,335.61236572265625,55053800,0.0,0.0
2023-10-26 00:00:00-04:00,335.48431600999555,336.558130148408,322.08621701756,323.0221252441406,37828500,0.0,0.0
2023-10-27 00:00:00-04:00,325.52436476789876,331.7209906231655,323.5245037451174,324.91357421875,29856500,0.0,0.0
2023-10-30 00:00:00-04:00,328.46012188812404,334.41045907381,326.9035620962308,332.3022155761719,22828100,0.0,0.0
2023-10-31 00:00:00-04:00,333.81936627648764,333.9671333314319,329.7211229204908,333.09033203125,20265300,0.0,0.0
2023-11-01 00:00:00-04:00,334.7453951862708,342.26212297561244,334.6074592327571,340.9321594238281,28158800,0.0,0.0
2023-11-02 00:00:00-04:00,342.0847902707167,343.6511811792391,339.65145922211735,343.1487731933594,24348100,0.0,0.0
2023-11-03 00:00:00-04:00,344.43930484102884,349.12864623567805,342.1734332140444,347.5622253417969,23637700,0.0,0.0
2023-11-06 00:00:00-05:00,348.2026170147718,352.2318923839863,348.10409562346064,351.23687744140625,23828300,0.0,0.0
2023-11-07 00:00:00-05:00,354.064322499224,357.0788911715452,352.32061083645385,355.17755126953125,25833900,0.0,0.0
2023-11-08 00:00:00-05:00,356.31040835628005,358.4678975179717,355.1971797857397,357.807861328125,26767800,0.0,0.0
2023-11-09 00:00:00-05:00,356.92116600059455,359.3742191060245,355.0099654575065,355.3350830078125,24847300,0.0,0.0
2023-11-10 00:00:00-05:00,356.12327252342453,364.60546320817616,355.7095247229065,364.1818542480469,28042100,0.0,0.0
2023-11-13 00:00:00-05:00,362.7533207541214,362.9996091955093,360.4677568025591,361.2361755371094,19986500,0.0,0.0
2023-11-14 00:00:00-05:00,365.5019224424188,366.42796942333877,361.8962559120404,364.77288818359375,27683900,0.0,0.0
2023-11-15 00:00:00-05:00,366.5102924140752,368.33653212587393,362.39384971370214,364.9209899902344,26860100,0.75,0.0
2023-11-16 00:00:00-05:00,366.1944031837435,371.5151742717362,365.4244247654556,371.3374938964844,27182300,0.0,0.0
2023-11-17 00:00:00-05:00,368.81033934726474,369.56058551454436,362.2852703283084,365.0986633300781,40157000,0.0,0.0
2023-11-20 00:00:00-05:00,366.45106107636286,374.0027780403626,366.2338861383217,372.5911560058594,52465100,0.0,0.0
2023-11-21 00:00:00-05:00,370.84388727711456,371.3868095328424,366.3523217617588,368.27728271484375,28423100,0.0,0.0
2023-11-22 00:00:00-05:00,373.14394709672723,374.9109599374389,370.1528738051793,372.9958801269531,23345300,0.0,0.0
2023-11-24 00:00:00-05:00,372.4825469539782,373.1143395355948,370.32070891042537,372.5812683105469,10176600,0.0,0.0
2023-11-27 00:00:00-05:00,371.9396164792958,375.75004385501524,371.36708082466845,373.74609375,22179200,0.0,0.0
2023-11-28 00:00:00-05:00,373.4894767472904,378.07973380889825,373.3019152003715,377.7835998535156,20453100,0.0,0.0
2023-11-29 00:00:00-05:00,378.8299276120449,379.36296865802484,372.5911120600972,373.9830017089844,28963400,0.0,0.0
2023-11-30 00:00:00-05:00,373.6276491974568,375.2071005292818,370.64645702621425,374.0422668457031,30554400,0.0,0.0
2023-12-01 00:00:00-05:00,371.91985572486345,373.3018642037359,366.5398586413122,369.6987609863281,33040500,0.0,0.0
2023-12-04 00:00:00-05:00,364.35833257657214,364.77292014179767,358.2379693353027,364.3978271484375,32063300,0.0,0.0
2023-12-05 00:00:00-05:00,361.7423166959654,368.287117368969,360.9229626368156,367.73431396484375,23065000,0.0,0.0
2023-12-06 00:00:00-05:00,368.74126102951465,369.37302349150957,363.30203657488124,364.0621337890625,21182100,0.0,0.0
2023-12-07 00:00:00-05:00,363.49942094482424,366.67805534247157,361.61395478382457,366.1844787597656,23118900,0.0,0.0
2023-12-08 00:00:00-05:00,364.45701385787805,369.6494197796378,363.4994739427989,369.4223937988281,20154400,0.0,0.0
2023-12-11 00:00:00-05:00,363.7462797263503,366.82619337920636,361.3968499172915,366.530029296875,27708800,0.0,0.0
2023-12-12 00:00:00-05:00,366.085815070236,369.60995965587347,365.70081081484244,369.5704650878906,24838300,0.0,0.0
2023-12-13 00:00:00-05:00,371.1893436660844,372.78855719105746,366.0067892509358,369.560546875,30955500,0.0,0.0
2023-12-14 00:00:00-05:00,368.51423129541524,368.95846237315817,359.45217036391796,361.2290344238281,43277500,0.0,0.0
2023-12-15 00:00:00-05:00,362.13721684465844,367.6159059530904,361.5745321982381,365.9673767089844,78502300,0.0,0.0
2023-12-18 00:00:00-05:00,364.70376816099395,368.2081500319999,363.9436409033798,367.8626403808594,21802900,0.0,0.0
2023-12-19 00:00:00-05:00,366.717532787326,368.4648132324219,365.0887360317226,368.4648132324219,20603700,0.0,0.0
2023-12-20 00:00:00-05:00,370.18250108115,371.19926781243174,365.7699244632415,365.8587646484375,26316700,0.0,0.0
2023-12-21 00:00:00-05:00,367.77382040386084,369.6000599811611,365.28620500497976,368.7412414550781,17708000,0.0,0.0
2023-12-22 00:00:00-05:00,368.87945132359005,370.3601813274184,367.9219113827599,369.76788330078125,17107500,0.0,0.0
2023-12-26 00:00:00-05:00,370.18249130335374,372.097571135072,368.70176133814033,369.84686279296875,12673100,0.0,0.0
2023-12-27 00:00:00-05:00,368.8893727209846,370.24176811852897,368.02067287059725,369.2644958496094,14905400,0.0,0.0
2023-12-28 00:00:00-05:00,370.5477024801698,371.6236958839342,369.3532555090956,370.4588623046875,14327000,0.0,0.0
2023-12-29 00:00:00-05:00,371.169642395573,372.3147438435589,368.6820269140694,371.2091369628906,18730800,0.0,0.0
2024-01-02 00:00:00-05:00,369.0571391968686,371.07094047816395,362.0582255182153,366.1055603027344,25258600,0.0,0.0
2024-01-03 00:00:00-05:00,364.26941925350155,368.46482043736285,363.7758426436355,365.8389892578125,23083500,0.0,0.0
2024-01-04 00:00:00-05:00,365.90813521572943,368.3069105586838,362.45309858783475,363.21319580078125,20901500,0.0,0.0
2024-01-05 00:00:00-05:00,364.22996302547705,367.2802631804361,361.7916931110851,363.025634765625,21004600,0.0,0.0
2024-01-08 00:00:00-05:00,364.5556942050089,370.3799226566514,364.26944144422686,369.87646484375,23134000,0.0,0.0
2024-01-09 00:00:00-05:00,367.230963518503,371.15981495786275,366.4214904617033,370.96240234375,20830000,0.0,0.0
2024-01-10 00:00:00-05:00,371.5348859821227,379.23469986544035,371.48554036689814,377.8526611328125,25514200,0.0,0.0
2024-01-11 00:00:00-05:00,381.04117695037814,385.66104720244766,375.49338017859446,379.68878173828125,27850800,0.0,0.0
2024-01-12 00:00:00-05:00,380.53776413601776,383.6867859715864,379.7085588741406,383.4794921875,21661200,0.0,0.0
2024-01-16 00:00:00-05:00,388.6027813692521,388.9680232792621,382.64036685364044,385.2563171386719,27202300,0.0,0.0
2024-01-17 00:00:00-05:00,382.99573452754953,385.0983456761598,379.86644542285876,384.4665832519531,22234100,0.0,0.0
2024-01-18 00:00:00-05:00,386.68771541228006,388.92854269445195,385.1082640110595,388.8100891113281,23392100,0.0,0.0
2024-01-19 00:00:00-05:00,390.6758115906089,393.5484313964844,388.44483542424194,393.5484313964844,29331100,0.0,0.0
2024-01-22 00:00:00-05:00,394.8810250545832,395.473323018941,388.53363700238464,391.4161376953125,27016900,0.0,0.0
2024-01-23 00:00:00-05:00,390.6659247403921,394.24929609694567,388.8692984754516,393.77545166015625,20525900,0.0,0.0
2024-01-24 00:00:00-05:00,396.38157265965583,400.4190263282457,395.3055791013252,397.3884582519531,24867000,0.0,0.0
2024-01-25 00:00:00-05:00,399.12587040416065,401.7813154634368,397.3588573808602,399.6687927246094,21021200,0.0,0.0
2024-01-26 00:00:00-05:00,399.1751946098328,400.9520887119918,397.2601147041947,398.7408447265625,17803300,0.0,0.0
2024-01-29 00:00:00-05:00,400.8434667217464,404.71312091427023,399.13568066698633,404.4564514160156,24510200,0.0,0.0
2024-01-30 00:00:00-05:00,406.96383885346637,407.7436682887795,401.22848045302675,403.3409729003906,33477600,0.0,0.0
2024-01-31 00:00:00-05:00,401.731946506787,409.98456474557076,392.10720068242125,392.4724426269531,47871100,0.0,0.0
2024-02-01 00:00:00-05:00,396.6678123790341,402.75856172705096,396.63819898392825,398.5927734375,30657700,0.0,0.0
2024-02-02 00:00:00-05:00,398.6224149788767,407.3488474840627,398.3756266270597,405.9372253417969,28256700,0.0,0.0
2024-02-05 00:00:00-05:00,404.63418380408774,405.8780067625911,398.80010343398476,400.43878173828125,25352300,0.0,0.0
2024-02-06 00:00:00-05:00,400.66576594651843,402.72891262403994,397.73391958887714,400.28076171875,18382600,0.0,0.0
2024-02-07 00:00:00-05:00,402.2057357082919,408.97759276390855,402.16624114185635,408.7308044433594,22340500,0.0,0.0
2024-02-08 00:00:00-05:00,408.73084278763224,410.22145402375685,407.23038050312016,408.7900695800781,21225300,0.0,0.0
2024-02-09 00:00:00-05:00,409.9154079087516,415.4138590210017,409.757459765656,415.1473083496094,22032800,0.0,0.0
2024-02-12 00:00:00-05:00,415.15722436629136,415.33490474511336,409.4218656208019,409.9253234863281,21202900,0.0,0.0
2024-02-13 00:00:00-05:00,399.73788224054636,404.80198377503444,398.2078065895252,401.10015869140625,27824900,0.0,0.0
2024-02-14 00:00:00-05:00,403.5725956832902,405.32307733535373,400.111169801605,404.9769287109375,20401200,0.75,0.0
2024-02-15 00:00:00-05:00,403.6417964220221,404.62087571418016,399.8342222462888,402.0791931152344,21825500,0.0,0.0
2024-02-16 00:00:00-05:00,403.4637615690979,403.79014145741866,398.9935884935407,399.60675048828125,22296500,0.0,0.0
2024-02-20 00:00:00-05:00,398.7958219344355,400.0320454973026,393.62348186339256,398.3507995605469,24307900,0.0,0.0
2024-02-21 00:00:00-05:00,395.7596706387702,397.8563009238514,392.8421710254568,397.74749755859375,18518900,0.0,0.0
2024-02-22 00:00:00-05:00,405.6692280234365,408.28011643608824,404.0670871504759,407.1131286621094,27009900,0.0,0.0
2024-02-23 00:00:00-05:00,411.0888399370884,411.27671814639945,404.46266976176094,405.81756591796875,16295900,0.0,0.0
2024-02-26 00:00:00-05:00,406.9252114178632,407.61750865515694,402.87039227350954,403.0484313964844,16193500,0.0,0.0
2024-02-27 00:00:00-05:00,403.49343334978465,403.819813241038,399.39907699066305,402.98907470703125,14835800,0.0,0.0
2024-02-28 00:00:00-05:00,403.6813927822056,404.7890443009674,400.8529276668845,403.2264709472656,13183100,0.0,0.0
2024-02-29 00:00:00-05:00,404.13634340042967,409.6350635504339,401.4463196436388,409.08123779296875,31947300,0.0,0.0
2024-03-01 00:00:00-05:00,406.7372936922519,411.2866021355908,406.3516076606767,410.9206848144531,17823400,0.0,0.0
2024-03-04 00:00:00-05:00,408.8834074088287,412.75031823241517,407.7757559549475,410.34710693359375,17596000,0.0,0.0
2024-03-05 00:00:00-05:00,409.3976900637708,409.6845023906636,396.22451427648355,398.21234130859375,26919200,0.0,0.0
2024-03-06 00:00:00-05:00,398.52878394681863,400.69464990996806,393.9992743713947,397.6584777832031,22344100,0.0,0.0
2024-03-07 00:00:00-05:00,401.644063065413,405.26372907387855,397.8068205149772,404.63079833984375,18718500,0.0,0.0
2024-03-08 00:00:00-05:00,403.4637944607813,405.89670410960423,399.87379648400184,401.74298095703125,18002200,0.0,0.0
2024-03-11 00:00:00-04:00,399.3100726931067,401.2088950055716,396.83762579993305,400.0616760253906,16120800,0.0,0.0
2024-03-12 00:00:00-04:00,403.1275435831552,410.98993730983005,402.3067044386273,410.703125,22457000,0.0,0.0
2024-03-13 00:00:00-04:00,413.49202170129996,413.5711267216115,406.9153190454339,410.52508544921875,17115900,0.0,0.0
2024-03-14 00:00:00-04:00,415.60844401398504,423.10492026926096,413.3832416992079,420.5335693359375,34157300,0.0,0.0
2024-03-15 00:00:00-04:00,414.66890001382535,417.94241719453214,408.2405382709743,411.8305358886719,45079900,0.0,0.0
2024-03-18 00:00:00-04:00,409.68443962233437,416.0930326692394,409.2196184111682,412.7206115722656,20106000,0.0,0.0
2024-03-19 00:00:00-04:00,413.2250029233721,417.0227081134529,410.970132443708,416.76556396484375,19837900,0.0,0.0
2024-03-20 00:00:00-04:00,417.34901442427935,421.2653616539131,416.0237865784244,420.5434265136719,17860100,0.0,0.0
2024-03-21 00:00:00-04:00,425.092769724827,426.07187931857345,422.45221307253894,424.6378479003906,21296200,0.0,0.0
2024-03-22 00:00:00-04:00,424.9642424933846,425.1224525568096,421.3742442819616,424.0148010253906,17648500,0.0,0.0
2024-03-25 00:00:00-04:00,420.5533594694659,422.69945686878276,416.96336138975573,418.1995849609375,18060500,0.0,0.0
2024-03-26 00:00:00-04:00,420.9192775167625,421.2950943120244,416.70624810241935,417.0029296875,16725600,0.0,0.0
2024-03-27 00:00:00-04:00,419.7622060149696,419.7721054619498,414.3920578406214,416.7853698730469,16705000,0.0,0.0
2024-03-28 00:00:00-04:00,416.32050565351443,417.2204799799258,414.5007882900106,416.0831604003906,21871200,0.0,0.0
2024-04-01 00:00:00-04:00,419.27758502766966,423.17416401356485,417.56664079478026,419.8907470703125,16316000,0.0,0.0
2024-04-02 00:00:00-04:00,415.4798379266574,417.72483894977006,413.23486708478026,416.7951965332031,17912000,0.0,0.0
2024-04-03 00:00:00-04:00,415.1040656775575,418.5951594920779,414.47110478435076,415.8161315917969,16502300,0.0,0.0
2024-04-04 00:00:00-04:00,420.30610003731573,423.9455650411732,412.96789407723793,413.27447509765625,19370900,0.0,0.0
2024-04-05 00:00:00-04:00,415.3810083958257,421.809370796235,413.7096317572202,420.83026123046875,16554800,0.0,0.0
2024-04-08 00:00:00-04:00,420.48414709018743,422.5708779576157,418.63473130535374,419.9105224609375,14272400,0.0,0.0
2024-04-09 00:00:00-04:00,421.74011889073387,423.0257792491063,416.9732338650976,421.5818786621094,12496900,0.0,0.0
2024-04-10 00:00:00-04:00,417.5369697470064,419.3566871510799,415.0744221472326,418.5951843261719,16216600,0.0,0.0
2024-04-11 00:00:00-04:00,421.1269533333631,424.6378159464607,417.7050650079003,423.21368408203125,17966400,0.0,0.0
2024-04-12 00:00:00-04:00,419.3764509864425,420.4940018672189,415.14362290023075,417.2501525878906,19253800,0.0,0.0
2024-04-15 00:00:00-04:00,421.8983956076828,422.1159721682041,408.8735304979892,409.08123779296875,20273500,0.0,0.0
2024-04-16 00:00:00-04:00,410.00096447508815,413.7887401482267,409.1702258721835,410.0108337402344,16765600,0.0,0.0
2024-04-17 00:00:00-04:00,412.65143523910365,414.2634756329666,405.80768815023976,407.3010559082031,15855500,0.0,0.0
2024-04-18 00:00:00-04:00,406.1044050559459,407.3505281111276,399.4980333365914,399.8144836425781,21029900,0.0,0.0
2024-04-19 00:00:00-04:00,399.5770806601768,401.0111119112168,393.38606406583966,394.72119140625,30565800,0.0,0.0
2024-04-22 00:00:00-04:00,395.6706483655049,398.4101391191041,391.38838318863185,396.54095458984375,20286900,0.0,0.0
2024-04-23 00:00:00-04:00,399.78477819553336,403.70115595190015,398.61779046162303,403.0780944824219,15734500,0.0,0.0
2024-04-24 00:00:00-04:00,405.04615566067775,407.92408759573516,402.2967957988556,404.5516662597656,15065300,0.0,0.0
2024-04-25 00:00:00-04:00,389.6873267702122,395.4827584021969,383.7534537964164,394.6421203613281,40586500,0.0,0.0
2024-04-26 00:00:00-04:00,407.6273897054112,408.4482287983126,401.28803221781004,401.84185791015625,29694700,0.0,0.0
2024-04-29 00:00:00-04:00,400.7836477446808,401.84186227525186,394.7904387950027,397.81671142578125,19582100,0.0,0.0
2024-04-30 00:00:00-04:00,397.0650470671715,397.72767607334845,384.8808524680993,385.0390625,28781400,0.0,0.0
2024-05-01 00:00:00-04:00,388.2829428234783,397.29255516859246,386.0083037107917,390.5872802734375,23562500,0.0,0.0
2024-05-02 00:00:00-04:00,393.2773133250789,395.5222843363775,390.30047747836124,393.455322265625,17709400,0.0,0.0
2024-05-03 00:00:00-04:00,397.8463688482122,402.6626905136215,397.4309844950286,402.1781005859375,17446700,0.0,0.0
2024-05-06 00:00:00-04:00,404.25501253124213,409.3680163872942,401.89133854511044,408.9823303222656,16996600,0.0,0.0
2024-05-07 00:00:00-04:00,410.08995728026827,410.0998567263718,404.5813380609886,404.8285827636719,20018200,0.0,0.0
2024-05-08 00:00:00-04:00,403.6714754994307,407.68672686794355,402.2275447730789,406.0153503417969,11792300,0.0,0.0
2024-05-09 00:00:00-04:00,406.0450438901993,408.1713423301442,404.59124380852967,407.7757568359375,14689700,0.0,0.0
2024-05-10 00:00:00-04:00,408.38888718882157,410.8019977518393,407.2614369275202,410.1690368652344,13402300,0.0,0.0
2024-05-13 00:00:00-04:00,413.4030363250276,413.73928549404195,406.29227636469005,409.1603088378906,15440200,0.0,0.0
2024-05-14 00:00:00-04:00,407.47905225770086,412.8887677392151,407.01423099397886,411.9690246582031,15109300,0.0,0.0
2024-05-15 00:00:00-04:00,414.039731407047,419.89514266479534,413.41554606061356,419.171875,22239500,0.75,0.0
2024-05-16 00:00:00-04:00,417.9036505371182,421.4902365295034,416.4670629155656,417.10113525390625,17530100,0.0,0.0
2024-05-17 00:00:00-04:00,418.63686307177926,419.01335772051186,414.1685137971008,416.328369140625,15352200,0.0,0.0
2024-05-20 00:00:00-04:00,416.32839316238903,422.8277941720161,416.1104241550555,421.4110107421875,16272100,0.0,0.0
2024-05-21 00:00:00-04:00,422.88723589418726,428.9705334710034,420.9255450713884,425.07684326171875,21453300,0.0,0.0
2024-05-22 00:00:00-04:00,426.1171006588035,428.41567724259045,423.1844517072994,426.5431213378906,18073700,0.0,0.0
2024-05-23 00:00:00-04:00,428.97051846736764,429.5947037930371,421.4902723328989,423.0556640625,17211700,0.0,0.0
2024-05-24 00:00:00-04:00,423.2438961414034,427.07814273445496,420.4895772016025,426.18646240234375,11855300,0.0,0.0
2024-05-28 00:00:00-04:00,425.6613725566471,426.8403825578059,422.6593628632313,426.3450012207031,15718000,0.0,0.0
2024-05-29 00:00:00-04:00,421.7577322025146,426.959235835121,421.7577322025146,425.2055969238281,15517100,0.0,0.0
2024-05-30 00:00:00-04:00,420.3805569661453,420.3805569661453,410.4134876792539,410.83953857421875,28394500,0.0,0.0
2024-05-31 00:00:00-04:00,412.90034931684085,412.90034931684085,400.7734237177811,411.2953186035156,47995300,0.0,0.0
2024-06-03 00:00:00-04:00,411.69157675353347,412.58325703510326,405.142650563615,409.70013427734375,17484700,0.0,0.0
2024-06-04 00:00:00-04:00,408.62023297171766,412.5932008783865,405.89563568095855,412.22662353515625,14348900,0.0,0.0
2024-06-05 00:00:00-04:00,413.9505214749818,420.16259212196985,412.4544602663816,420.09326171875,16988000,0.0,0.0
2024-06-06 00:00:00-04:00,420.0933033590934,421.38128277867503,416.69496430881213,420.59857177734375,14861300,0.0,0.0
2024-06-07 00:00:00-04:00,422.26308236922915,422.3423300829449,419.09262957838365,419.9347839355469,13621700,0.0,0.0
2024-06-10 00:00:00-04:00,420.7769019274312,424.12565422580445,419.9743866143219,423.9176025390625,13982900,0.0,0.0
2024-06-11 00:00:00-04:00,421.54975374525634,428.82194883981816,421.32186742359215,428.6832275390625,14551100,0.0,0.0
2024-06-12 00:00:00-04:00,431.29878066385453,439.30412913800126,429.2478948330182,436.9857482910156,22366200,0.0,0.0
2024-06-13 00:00:00-04:00,436.7777391476236,439.2942848532079,435.31139947750404,437.5009765625,15960600,0.0,0.0
2024-06-14 00:00:00-04:00,434.23146172147676,439.04658401937843,432.6858743754039,438.4818420410156,13582000,0.0,0.0
2024-06-17 00:00:00-04:00,438.5016642294944,446.77453890586355,436.6489427993387,444.228271484375,20790000,0.0,0.0
2024-06-18 00:00:00-04:00,445.55587588842855,445.9819268194956,440.7804227549636,442.2170104980469,17112500,0.0,0.0
2024-06-20 00:00:00-04:00,442.17734964919055,442.4052359389207,437.1938148300054,441.5829162597656,19877400,0.0,0.0
2024-06-21 00:00:00-04:00,443.24738936292533,446.41781163119543,442.3854307142529,445.6252136230469,34187100,0.0,0.0
2024-06-24 00:00:00-04:00,445.64505871404725,448.5678208280709,442.2863888206815,443.5347595214844,15913700,0.0,0.0
2024-06-25 00:00:00-04:00,444.10935261048957,447.25008347754516,442.62320865306464,446.784423828125,16413400,0.0,0.0
2024-06-26 00:00:00-04:00,444.85243223057404,449.40994649209836,444.0499168986336,447.9832458496094,16507000,0.0,0.0
2024-06-27 00:00:00-04:00,448.00304584092294,451.9562093572158,447.5968295279366,448.6668701171875,14806300,0.0,0.0
2024-06-28 00:00:00-04:00,448.88484322432845,451.17350253784576,442.2863603157035,442.8213806152344,28362300,0.0,0.0
2024-07-01 00:00:00-04:00,444.5155853207817,453.1451197526249,441.5432972962699,452.51104736328125,17662800,0.0,0.0
2024-07-02 00:00:00-04:00,449.01362177266395,455.3445790550665,448.9244265313974,455.0374450683594,13979800,0.0,0.0
2024-07-03 00:00:00-04:00,453.957548019874,456.76139305889615,453.65041401249385,456.5137023925781,9932800,0.0,0.0
2024-07-05 00:00:00-04:00,455.36442189594607,464.02370829945494,454.73034950183035,463.2409973144531,16000300,0.0,0.0
2024-07-08 00:00:00-04:00,462.24030050538414,463.3797017370924,460.1696102030399,461.93316650390625,12962300,0.0,0.0
2024-07-09 00:00:00-04:00,462.6861243174569,463.0130626647768,453.76926110791277,455.2950439453125,17207200,0.0,0.0
2024-07-10 00:00:00-04:00,456.9595498058476,462.1511364069266,454.6213342335764,461.9430847167969,18196100,0.0,0.0
2024-07-11 00:00:00-04:00,458.70329986086364,460.4866605260143,447.37885985942484,450.4997863769531,23111200,0.0,0.0
2024-07-12 00:00:00-04:00,450.13314515773027,452.1443919655522,446.4871461564221,449.3603515625,16324300,0.0,0.0
2024-07-15 00:00:00-04:00,449.1126945889487,453.0361364302562,447.2599732817251,449.7666015625,14429400,0.0,0.0
2024-07-16 00:00:00-04:00,450.0242112870306,450.1034589951911,442.53404808528967,445.36761474609375,17175700,0.0,0.0
2024-07-17 00:00:00-04:00,438.5016326704633,440.7407659095282,435.12312844393387,439.42303466796875,21778000,0.0,0.0
2024-07-18 00:00:00-04:00,440.23548357189634,440.5426175824252,430.38730015927666,436.3021545410156,20794800,0.0,0.0
2024-07-19 00:00:00-04:00,429.09935802944165,437.0650990974587,428.00951294471497,433.0722961425781,20940400,0.0,0.0
2024-07-22 00:00:00-04:00,437.7090177284673,440.49305821693935,434.85561660140024,438.848388671875,15808800,0.0,0.0
2024-07-23 00:00:00-04:00,439.7995470523178,444.2480920401895,439.00694900358457,440.74078369140625,13107100,0.0,0.0
2024-07-24 00:00:00-04:00,436.3814061869237,437.4018904716854,423.64018322624884,424.9380798339844,26805800,0.0,0.0
2024-07-25 00:00:00-04:00,424.83902093903856,425.8297836093588,413.65333216081086,414.53509521484375,29943800,0.0,0.0
2024-07-26 00:00:00-04:00,414.33694493801545,424.9579215661057,413.41551271082733,421.34161376953125,23583800,0.0,0.0
2024-07-29 00:00:00-04:00,427.59332152811265,428.15806348242296,420.77690004799786,422.78814697265625,15125800,0.0,0.0
2024-07-30 00:00:00-04:00,423.7690154776861,425.0867165408092,413.5046983714735,419.01336669921875,32687600,0.0,0.0
2024-07-31 00:00:00-04:00,416.61569885909415,417.88387385546883,408.4022679352166,414.4855651855469,42891400,0.0,0.0
2024-08-01 00:00:00-04:00,416.9030180044247,423.5113878535516,409.2741336141255,413.2569885253906,30296400,0.0,0.0
2024-08-02 00:00:00-04:00,408.6796950737874,411.1665191178448,400.60498514306653,404.7166442871094,29437900,0.0,0.0
2024-08-05 00:00:00-04:00,385.57510623229217,397.3354538191348,382.01824178124633,391.4998474121094,40709200,0.0,0.0
2024-08-06 00:00:00-04:00,396.30508262297985,401.92272047285906,394.8189385631437,395.9186706542969,24946500,0.0,0.0
2024-08-07 00:00:00-04:00,404.86528162523547,406.29195208719375,393.7984490340414,394.74957275390625,20650900,0.0,0.0
2024-08-08 00:00:00-04:00,398.7225241806935,402.11091551932753,396.24561755012843,398.97021484375,20203000,0.0,0.0
2024-08-09 00:00:00-04:00,400.2978620699852,404.2807173346427,398.54422293378025,402.26947021484375,19276700,0.0,0.0
2024-08-12 00:00:00-04:00,403.29981466921953,404.98412315480687,400.5058569282367,403.0521240234375,16762900,0.0,0.0
2024-08-13 00:00:00-04:00,405.8064543815787,411.1169577013194,405.7866500141935,410.1856384277344,19414300,0.0,0.0
2024-08-14 00:00:00-04:00,410.9683392009438,413.8613794713292,408.6400711388976,413.0093078613281,18267000,0.0,0.0
2024-08-15 00:00:00-04:00,416.671793760154,417.972029702109,414.5477559984779,417.89263916015625,20752100,0.75,0.0
2024-08-16 00:00:00-04:00,417.4658479496036,418.20032404609645,414.19042017435385,415.3517150878906,22775600,0.0,0.0
2024-08-19 00:00:00-04:00,415.8380594178836,418.60727787010427,413.3566884761521,418.388916015625,15234000,0.0,0.0
2024-08-20 00:00:00-04:00,418.557706461252,422.68668148594463,418.4981559756192,421.63458251953125,16387600,0.0,0.0
2024-08-21 00:00:00-04:00,420.9199419299025,423.2226616504916,418.5775420794304,420.9795227050781,16067300,0.0,0.0
2024-08-22 00:00:00-04:00,421.1978093601494,423.6097249060729,411.5204628076481,412.4534606933594,19361900,0.0,0.0
2024-08-23 00:00:00-04:00,413.87282122855413,416.13583025134443,409.0192452654988,413.6842346191406,18493800,0.0,0.0
2024-08-26 00:00:00-04:00,413.26738834241513,414.17061105594456,408.274870910172,410.4088439941406,13152800,0.0,0.0
2024-08-27 00:00:00-04:00,409.7835172509794,411.27233984867695,407.19298047026894,410.7562255859375,13492900,0.0,0.0
2024-08-28 00:00:00-04:00,411.7884806509906,411.9075816112939,404.2748820734033,407.5403747558594,14882700,0.0,0.0
2024-08-29 00:00:00-04:00,411.8480408399638,418.9050455158515,407.5403843631331,410.0415954589844,17045200,0.0,0.0
2024-08-30 00:00:00-04:00,412.50314414345024,414.37904497336154,409.05899979142845,414.03167724609375,24308300,0.0,0.0
2024-09-03 00:00:00-04:00,414.79592463376775,416.7512462836699,403.99699269665393,406.3890380859375,20313600,0.0,0.0
2024-09-04 00:00:00-04:00,402.8853476688359,408.1756176150405,401.356814564364,405.8530578613281,15135800,0.0,0.0
2024-09-05 00:00:00-04:00,404.5825811257243,410.021757358501,403.10369367639237,405.34686279296875,14195500,0.0,0.0
2024-09-06 00:00:00-04:00,406.01183707940055,407.5899853655918,397.813377784307,398.7066955566406,19609500,0.0,0.0
2024-09-09 00:00:00-04:00,404.2054095225525,405.6049064318399,399.1533416913916,402.6967468261719,15295100,0.0,0.0
2024-09-10 00:00:00-04:00,405.1582655587275,413.2276585385216,404.6619913629379,411.1135559082031,19594300,0.0,0.0
2024-09-11 00:00:00-04:00,412.4038417131511,420.83056755855034,406.52794212087406,419.8876647949219,19266900,0.0,0.0
2024-09-12 00:00:00-04:00,420.1556701684846,424.18541433930886,416.62220020874884,423.81817626953125,17395700,0.0,0.0
2024-09-13 00:00:00-04:00,422.65686865025475,428.61215900524985,422.2896305914577,427.38140869140625,15874600,0.0,0.0
2024-09-16 00:00:00-04:00,427.3913783153956,430.29953807017074,425.02910810442387,428.1258544921875,13834700,0.0,0.0
2024-09-17 00:00:00-04:00,436.94957226274835,438.55749574787575,429.0488655654436,431.90740966796875,18874200,0.0,0.0
2024-09-18 00:00:00-04:00,431.7585420671652,432.78086567930353,427.2027486718979,427.5997619628906,18898000,0.0,0.0
2024-09-19 00:00:00-04:00,437.94213239056506,438.21010954856746,433.64438094484007,435.4210510253906,21706600,0.0,0.0
2024-09-20 00:00:00-04:00,433.962001220441,435.9669380311288,430.9843560989312,432.0265197753906,55167100,0.0,0.0
2024-09-23 00:00:00-04:00,431.0439144432746,433.2076626680782,427.1829169494896,430.2796630859375,15128900,0.0,0.0
2024-09-24 00:00:00-04:00,429.77346247181356,430.1208604741096,422.9248844858402,425.9720153808594,17015800,0.0,0.0
2024-09-25 00:00:00-04:00,426.6270665374025,429.89255926301774,425.3764761475162,428.89007568359375,13396400,0.0,0.0
2024-09-26 00:00:00-04:00,431.847870478453,432.05629715674354,425.93229062231114,428.0960388183594,14492000,0.0,0.0
2024-09-27 00:00:00-04:00,428.30445513023994,428.6320130497984,424.2846464096371,424.8305358886719,14896100,0.0,0.0
2024-09-30 00:00:00-04:00,425.01914436125503,427.21269814697155,422.20031052363777,427.09356689453125,16807300,0.0,0.0
2024-10-01 00:00:00-04:00,425.257391898111,425.28716713975047,415.68921038228643,417.5552062988281,19092900,0.0,0.0
2024-10-02 00:00:00-04:00,419.4310992466512,419.66933146547984,413.6048448503053,414.021728515625,16582300,0.0,0.0
2024-10-03 00:00:00-04:00,414.51800085029123,416.4236768512481,411.20289276743637,413.4361267089844,13686400,0.0,0.0
2024-10-04 00:00:00-04:00,415.1234652064613,416.62222309915006,411.87784259208183,412.959716796875,19169700,0.0,0.0
2024-10-07 00:00:00-04:00,412.90013544904184,414.0018496365578,405.95229663138974,406.48828125,20919800,0.0,0.0
2024-10-08 00:00:00-04:00,407.83814388099404,412.5626841012525,405.1285060524599,411.6197509765625,19229300,0.0,0.0
2024-10-09 00:00:00-04:00,412.7611596791307,417.247497795826,411.2127866111198,414.3492431640625,14974300,0.0,0.0
2024-10-10 00:00:00-04:00,412.1358625356339,414.24006019253727,410.0713450038319,412.7413024902344,13848400,0.0,0.0
2024-10-11 00:00:00-04:00,413.03912198810315,414.02173524996044,410.1706424598083,413.2177734375,14144900,0.0,0.0
2024-10-14 00:00:00-04:00,414.65693738807056,420.8802352901763,414.40880028614094,416.0167541503906,16653100,0.0,0.0
2024-10-15 00:00:00-04:00,419.03405871782695,419.3318413994773,412.16564103956983,415.61968994140625,18900200,0.0,0.0
2024-10-16 00:00:00-04:00,412.0763232895253,413.25742799200697,407.4212689749873,413.01922607421875,15508900,0.0,0.0
2024-10-17 00:00:00-04:00,419.2127339196968,419.35170523704693,412.49319205621896,413.6147766113281,14820000,0.0,0.0
2024-10-18 00:00:00-04:00,414.0316788587722,416.52295489433874,413.1582313681452,415.0440673828125,17145300,0.0,0.0
2024-10-21 00:00:00-04:00,413.01924141063614,415.8380752730999,410.6669065146117,415.659423828125,14206100,0.0,0.0
2024-10-22 00:00:00-04:00,415.37156548627684,427.37147187061,414.92493688547415,424.3243713378906,25482200,0.0,0.0
2024-10-23 00:00:00-04:00,427.6493981928425,427.86776005710016,419.3814831724278,421.4360656738281,19654400,0.0,0.0
2024-10-24 00:00:00-04:00,422.1605988036373,422.80577949754775,419.2524392532927,421.5650939941406,13581600,0.0,0.0
2024-10-25 00:00:00-04:00,423.5799681906594,429.29702642206786,423.3913815699701,424.9595947265625,16899100,0.0,0.0
2024-10-28 00:00:00-04:00,428.44345209470936,428.72136443906953,423.12337684387694,423.4112243652344,14882400,0.0,0.0
2024-10-29 00:00:00-04:00,424.8107144355948,429.94220298203743,422.62709584345464,428.7312927246094,17644100,0.0,0.0
2024-10-30 00:00:00-04:00,434.18039280239805,435.2324917274877,428.880187758029,429.3069763183594,29749100,0.0,0.0
2024-10-31 00:00:00-04:00,412.2648925685448,413.05894946974416,403.2724064074055,403.3220520019531,53971000,0.0,0.0
2024-11-01 00:00:00-04:00,405.96225191647693,412.4038816750557,404.46349406157685,407.3121032714844,24230400,0.0,0.0
2024-11-04 00:00:00-05:00,406.74633205416956,407.3617375208185,402.5478716062057,405.41632080078125,19672300,0.0,0.0
2024-11-05 00:00:00-05:00,405.32701081903,411.808351068097,405.0391632836315,408.39398193359375,17626000,0.0,0.0
2024-11-06 00:00:00-05:00,409.346825702744,417.31698816741806,407.4609595048601,417.0489807128906,26681800,0.0,0.0
2024-11-07 00:00:00-05:00,418.14078738908074,423.66928922885575,416.75122569160607,422.2598571777344,19901800,0.0,0.0
2024-11-08 00:00:00-05:00,422.15067113853826,423.3218709209174,418.6370415012291,419.3913879394531,16891400,0.0,0.0
2024-11-11 00:00:00-05:00,419.37154486777723,421.6444892164841,412.90014011467326,414.8951721191406,24503300,0.0,0.0
2024-11-12 00:00:00-05:00,415.1333664626366,421.27724345465793,414.09120276331856,419.87774658203125,19401200,0.0,0.0
2024-11-13 00:00:00-05:00,418.4981158636683,426.13078508233804,415.0936518803662,422.0315856933594,21502200,0.0,0.0
2024-11-14 00:00:00-05:00,421.83308381585454,424.9794756745813,416.87034165331505,423.7090148925781,30246900,0.0,0.0
2024-11-15 00:00:00-05:00,416.69168340974903,419.64945830467593,410.5577414665236,411.9075927734375,28247600,0.0,0.0
2024-11-18 00:00:00-05:00,411.77857411978533,415.28226896658396,409.0292257942814,412.6619567871094,24727000,0.0,0.0
2024-11-19 00:00:00-05:00,410.03166915459735,414.82569505476647,408.48329602030253,414.67681884765625,18133500,0.0,0.0
2024-11-20 00:00:00-05:00,413.76364252316546,414.18052617467214,407.52050466835993,412.3939208984375,19191700,0.0,0.0
2024-11-21 00:00:00-05:00,417.2074811714516,417.48594978990576,408.047821251109,410.61370849609375,20780200,0.83,0.0
2024-11-22 00:00:00-05:00,409.1219230929671,415.11896888171356,408.81361962204943,414.7211608886719,24814600,0.0,0.0
2024-11-25 00:00:00-05:00,416.09361024787086,418.778836873561,412.58290247238904,416.5013732910156,27691100,0.0,0.0
2024-11-26 00:00:00-05:00,417.29700327286355,426.69537265560376,416.5610569682543,425.6510925292969,23458900,0.0,0.0
2024-11-27 00:00:00-05:00,422.78681538537654,424.8952553598379,419.71370546967114,420.67840576171875,18332400,0.0,0.0
2024-11-29 00:00:00-05:00,417.7942649272981,422.55809676444443,415.51677094971404,421.1458435058594,16271900,0.0,0.0
2024-12-02 00:00:00-05:00,419.26617676175783,430.63370587040276,419.0075879189551,428.624755859375,20207200,0.0,0.0
2024-12-03 00:00:00-05:00,427.4909528928622,430.10658499561004,425.4024231657053,428.8435363769531,18302000,0.0,0.0
2024-12-04 00:00:00-05:00,430.6635477279166,437.2672755840065,430.26573974460115,435.0295715332031,26009400,0.0,0.0
2024-12-05 00:00:00-05:00,435.5268443828614,442.2300015529848,433.7864078777922,440.2011413574219,21697800,0.0,0.0
2024-12-06 00:00:00-05:00,439.8828865059849,443.66213830194334,439.35578408835863,441.1459655761719,18821000,0.0,0.0
2024-12-09 00:00:00-05:00,440.1812568830996,445.8799237829371,438.09272702914495,443.5825500488281,19144400,0.0,0.0
2024-12-10 00:00:00-05:00,441.96149226752044,447.16289170564096,439.1867306857862,440.9072570800781,18469500,0.0,0.0
2024-12-11 00:00:00-05:00,441.62334015579273,447.8889300799693,441.62334015579273,446.5363464355469,19200200,0.0,0.0
2024-12-12 00:00:00-05:00,446.65568798759284,453.66717934055725,446.65568798759284,447.1032409667969,20834800,0.0,0.0
2024-12-13 00:00:00-05:00,445.98933356109154,448.9629838704377,443.14494732322726,444.8257141113281,20177800,0.0,0.0
2024-12-16 00:00:00-05:00,444.82573215231423,449.7089034526842,442.8466168869823,449.12213134765625,23598800,0.0,0.0
2024-12-17 00:00:00-05:00,448.545282051395,452.80189103583194,447.11314908926647,451.9764099121094,22733500,0.0,0.0
2024-12-18 00:00:00-05:00,448.85359210839096,450.1763104473289,434.6317218572595,434.9997253417969,24444500,0.0,0.0
2024-12-19 00:00:00-05:00,439.2066057877418,440.7580781855559,433.9355816606558,434.6416931152344,22963700,0.0,0.0
2024-12-20 00:00:00-05:00,430.7431322726768,441.3150464611244,426.28763393531244,434.2140808105469,64263700,0.0,0.0
2024-12-23 00:00:00-05:00,434.35327712310794,435.25830776300677,430.4646409959487,432.8714294433594,19152500,0.0,0.0
2024-12-24 00:00:00-05:00,432.27469051669533,437.1976515770788,431.817212852652,436.9291076660156,7164500,0.0,0.0
2024-12-26 00:00:00-05:00,436.6804901261448,438.5303413291557,434.24389716434194,435.7157897949219,8194200,0.0,0.0
2024-12-27 00:00:00-05:00,432.2249501021284,432.84155699312345,424.0200357250834,428.17718505859375,18117700,0.0,0.0
2024-12-30 00:00:00-05:00,423.7316509986102,425.21349868579347,419.59438106008827,422.50836181640625,13158700,0.0,0.0
2024-12-31 00:00:00-05:00,423.77143145899026,424.3979934566231,418.36115784079396,419.1965637207031,13246500,0.0,0.0
2025-01-02 00:00:00-05:00,423.2045424399656,423.74159992080814,412.5829142901712,416.2925109863281,16896500,0.0,0.0
2025-01-03 00:00:00-05:00,418.77885425500915,421.712745134401,417.2472919522773,421.0364685058594,16662900,0.0,0.0
2025-01-06 00:00:00-05:00,425.66104554069966,431.9465149926899,423.15482788109534,425.5118713378906,20573600,0.0,0.0
2025-01-07 00:00:00-05:00,426.655570865203,428.29654775990844,418.50037065706186,420.0617980957031,18139100,0.0,0.0
2025-01-08 00:00:00-05:00,421.14581248112984,424.6366402910522,419.2363221421035,422.23980712890625,15054600,0.0,0.0
2025-01-10 00:00:00-05:00,422.3094749538564,422.3890244132644,412.7519761682606,416.6605224609375,20201100,0.0,0.0
2025-01-13 00:00:00-05:00,412.97077003054903,416.21296436365594,410.03690951971083,414.9101257324219,17604800,0.0,0.0
2025-01-14 00:00:00-05:00,415.5267269300622,417.4461724776856,408.4754763868852,413.3984375,16935900,0.0,0.0
2025-01-15 00:00:00-05:00,416.83950040874134,425.8101960648602,415.984184442192,423.9802551269531,19637800,0.0,0.0
2025-01-16 00:00:00-05:00,426.35721474684357,427.1428756329152,422.07077084126166,422.25970458984375,15300000,0.0,0.0
2025-01-17 00:00:00-05:00,431.717739483304,432.1056227420966,425.8301086663914,426.6853942871094,26197500,0.0,0.0
2025-01-21 00:00:00-05:00,427.8490471438773,428.54520356031776,423.2741792396476,426.1583251953125,26085700,0.0,0.0
2025-01-22 00:00:00-05:00,435.168798403502,444.8257262250376,433.6173259954359,443.7615966796875,27803800,0.0,0.0
2025-01-23 00:00:00-05:00,439.58451646364995,444.3085582129765,439.08724891108926,444.2687683105469,18389300,0.0,0.0
2025-01-24 00:00:00-05:00,442.727264983927,444.20911262497947,438.98780315861995,441.6332702636719,15549500,0.0,0.0
2025-01-27 00:00:00-05:00,421.69287703242304,432.82172827375285,421.18565437157145,432.1852111816406,35647800,0.0,0.0
2025-01-28 00:00:00-05:00,432.22498499378844,445.9296782334323,429.02258057650255,444.7561340332031,23491700,0.0,0.0
2025-01-29 00:00:00-05:00,444.2489087647689,444.4378728714111,437.9932741704639,439.9127197265625,23581400,0.0,0.0
2025-01-30 00:00:00-05:00,416.4814791520961,420.5491243253889,410.9021514578089,412.7221374511719,54586300,0.0,0.0
2025-01-31 00:00:00-05:00,416.69033910532374,418.39098567699745,412.64257384774635,412.791748046875,34161900,0.0,0.0
2025-02-03 00:00:00-05:00,409.350684594608,413.1398611878705,406.4267487485119,408.6744079589844,25679100,0.0,0.0
2025-02-04 00:00:00-05:00,410.43471361041793,411.65800277159144,407.5008227766752,410.116455078125,20532100,0.0,0.0
2025-02-05 00:00:00-05:00,410.0965981017129,411.5684907814938,408.1572423104593,411.0314636230469,16316700,0.0,0.0
2025-02-06 00:00:00-05:00,411.737515806655,415.9145752087822,411.737515806655,413.5475769042969,16309800,0.0,0.0
2025-02-07 00:00:00-05:00,414.2040051086223,416.36212936115334,405.86979579790295,407.5107727050781,22886800,0.0,0.0
2025-02-10 00:00:00-05:00,411.44913283343,413.1895693646485,408.6744015876666,409.96728515625,20817900,0.0,0.0
2025-02-11 00:00:00-05:00,407.40140764567894,410.23580864154656,407.0632389741584,409.1915588378906,18140600,0.0,0.0
2025-02-12 00:00:00-05:00,404.98464070295296,408.5053035519359,402.1601645834243,406.8046569824219,19121700,0.0,0.0
2025-02-13 00:00:00-05:00,404.775785007703,408.7539254008991,404.13926797640636,408.29644775390625,23891700,0.0,0.0
2025-02-14 00:00:00-05:00,405.5614808415711,406.6753553081934,403.66191514014076,406.1979675292969,22758500,0.0,0.0
2025-02-18 00:00:00-05:00,405.7703454735141,408.3561429609082,404.2785427328027,407.4013977050781,21423100,0.0,0.0
2025-02-19 00:00:00-05:00,405.65099512827777,413.21939292620334,405.4222411212721,412.5033264160156,24114200,0.0,0.0
2025-02-20 00:00:00-05:00,413.84867949906476,417.8547165109783,411.10822380495836,414.6857604980469,23508700,0.83,0.0
2025-02-21 00:00:00-05:00,415.8915301727366,416.59905745325864,406.4743466307379,406.793212890625,27524800,0.0,0.0
2025-02-24 00:00:00-05:00,407.09219625426255,407.9491968592537,397.93408950529806,402.59783935546875,26443700,0.0,0.0
2025-02-25 00:00:00-05:00,399.7079184567694,400.52507980230723,395.3231955078189,396.5190124511719,29387400,0.0,0.0
2025-02-26 00:00:00-05:00,396.6286502127144,402.19924554396545,392.88169018272754,398.3426818847656,19619000,0.0,0.0
2025-02-27 00:00:00-05:00,399.87728914292836,404.33177619538384,390.80889711711075,391.1676330566406,21127400,0.0,0.0
2025-02-28 00:00:00-05:00,391.29719366600983,396.24994544118493,385.2283339547379,395.6121520996094,32845700,0.0,0.0
2025-03-03 00:00:00-05:00,397.4358274187669,397.4358274187669,384.8197626823639,387.14166259765625,23007700,0.0,0.0
2025-03-04 00:00:00-05:00,382.06932141422595,391.21745294280987,379.67765721488945,387.26123046875,29342900,0.0,0.0
2025-03-05 00:00:00-05:00,387.9887187604894,400.27594221038044,387.4605594414927,399.628173828125,23433100,0.0,0.0
2025-03-06 00:00:00-05:00,392.91158534383527,400.7542663515353,391.3171323240562,395.5125427246094,23304600,0.0,0.0
2025-03-07 00:00:00-05:00,390.9583919892802,393.42976525122566,384.20192438386283,391.9449462890625,22034100,0.0,0.0
2025-03-10 00:00:00-04:00,384.50085520495696,385.05890917094194,375.9107776446238,378.840576171875,32840100,0.0,0.0
2025-03-11 00:00:00-04:00,377.6846284139058,384.6603339518935,375.6018856955347,379.1296081542969,30380200,0.0,0.0
2025-03-12 00:00:00-04:00,381.62092254273574,383.883033194115,377.634805186652,381.9397888183594,24253600,0.0,0.0
2025-03-13 00:00:00-04:00,381.8301614244045,383.9826683121219,376.139987768004,377.45538330078125,20473000,0.0,0.0
2025-03-14 00:00:00-04:00,378.46189966674945,388.87564310802037,378.19284770158055,387.21142578125,19952800,0.0,0.0
2025-03-17 00:00:00-04:00,385.35789354291256,391.3470139725856,384.23181056492524,387.3509521484375,22474300,0.0,0.0
2025-03-18 00:00:00-04:00,385.72663184862864,386.02557849597406,379.7773502731509,382.1889343261719,19486900,0.0,0.0
2025-03-19 00:00:00-04:00,384.1919384194473,388.3275289171194,382.66724981244226,386.4739990234375,19185500,0.0,0.0
2025-03-20 00:00:00-04:00,384.40121765018193,390.4302384005767,381.9497639905121,385.4974060058594,18470500,0.0,0.0
2025-03-21 00:00:00-04:00,381.8899648927027,390.38038369901005,381.47140919973003,389.9020690917969,39675900,0.0,0.0
2025-03-24 00:00:00-04:00,394.02768406346627,394.02768406346627,388.45708885622673,391.7157287597656,21004500,0.0,0.0
2025-03-25 00:00:00-04:00,392.552857032296,394.98436068056907,391.2773006739415,393.7885437011719,15775000,0.0,0.0
2025-03-26 00:00:00-04:00,393.6290879777552,393.93800963918454,387.2214116418782,388.6165466308594,16108400,0.0,0.0
2025-03-27 00:00:00-04:00,388.7759758195498,390.87863801869304,386.05543991632794,389.2243957519531,13766800,0.0,0.0
2025-03-28 00:00:00-04:00,386.7330813092454,387.77945533191945,375.6217855831935,377.48529052734375,21632000,0.0,0.0
2025-03-31 00:00:00-04:00,371.2470435423123,375.761320171641,365.96541986866765,374.087158203125,35184700,0.0,0.0
2025-04-01 00:00:00-04:00,373.34968615477356,381.52123836039385,371.93463161723514,380.863525390625,19689500,0.0,0.0
2025-04-02 00:00:00-04:00,376.6581801475031,383.74348886180815,375.3128595122782,380.813720703125,16092600,0.0,0.0
2025-04-03 00:00:00-04:00,373.4892252977989,376.16989155085776,368.06810346654436,371.8150329589844,30198000,0.0,0.0
2025-04-04 00:00:00-04:00,362.86621412703136,373.28990195338014,358.2323590249941,358.5910949707031,49209900,0.0,0.0
2025-04-07 00:00:00-04:00,349.66222551139305,369.7123913004176,343.5933653790687,356.61798095703125,50425000,0.0,0.0
2025-04-08 00:00:00-04:00,366.98190125867967,372.35317854006513,349.0343982710952,353.3294372558594,35868900,0.0,0.0
2025-04-09 00:00:00-04:00,352.3129939705509,391.8652461990382,351.8745186247924,389.1347351074219,50199700,0.0,0.0
2025-04-10 00:00:00-04:00,380.7339860356081,382.56759631800514,366.5234683324548,380.0264587402344,38024400,0.0,0.0
2025-04-11 00:00:00-04:00,379.3189154840166,388.6962291414208,377.57498926356885,387.101806640625,23839200,0.0,0.0
2025-04-14 00:00:00-04:00,391.8552468593249,393.28027643878613,382.8765082652718,386.4640197753906,19251200,0.0,0.0
2025-04-15 00:00:00-04:00,387.16161616456134,390.5298901348079,382.82670753665025,384.3912658691406,17199900,0.0,0.0
2025-04-16 00:00:00-04:00,379.34883521582236,380.2855448116978,366.72279516422714,370.32025146484375,21967800,0.0,0.0
2025-04-17 00:00:00-04:00,372.45282110026085,373.02085009277744,365.61664478749583,366.5035400390625,21120200,0.0,0.0
2025-04-21 00:00:00-04:00,361.5607667541322,363.21500903617533,354.43558836453434,357.87359619140625,20807300,0.0,0.0
2025-04-22 00:00:00-04:00,362.1188421014038,366.4935901583944,358.611039306251,365.5469055175781,19485000,0.0,0.0
2025-04-23 00:00:00-04:00,374.75482418771264,379.069813295219,371.7253664544321,373.09063720703125,20545500,0.0,0.0
2025-04-24 00:00:00-04:00,374.3960646492269,387.10181303671203,373.8878249819962,385.9557800292969,22232300,0.0,0.0
2025-04-25 00:00:00-04:00,385.65684745985266,390.79894240871675,383.2651831703409,390.4900207519531,18973200,0.0,0.0
2025-04-28 00:00:00-04:00,390.59964052478745,391.37693221129894,385.2981274275963,389.80242919921875,16579400,0.0,0.0
2025-04-29 00:00:00-04:00,389.9419132819562,393.7287429695286,389.02512333213684,392.67242431640625,14974000,0.0,0.0
2025-04-30 00:00:00-04:00,388.94537633492024,395.2833185411371,383.10572919383554,393.88818359375,36461100,0.0,0.0
2025-05-01 00:00:00-04:00,429.6137271918364,435.47332427713997,423.4252888222868,423.9235534667969,58938100,0.0,0.0
2025-05-02 00:00:00-04:00,430.2415647531947,437.91485278651635,428.49763841940904,433.769287109375,30757400,0.0,0.0
2025-05-05 00:00:00-04:00,431.367624097433,437.97461808249534,430.6102521137275,434.65618896484375,20136100,0.0,0.0
2025-05-06 00:00:00-04:00,430.6999888667604,436.2107948487266,429.6735648726689,431.8061218261719,15104200,0.0,0.0
2025-05-07 00:00:00-04:00,432.3342674079582,436.5994115910065,429.6137314736212,431.8459777832031,23295300,0.0,0.0
2025-05-08 00:00:00-04:00,436.41007376009867,442.1301726837614,434.147963172883,436.6492614746094,23491300,0.0,0.0
2025-05-09 00:00:00-04:00,438.4728871570268,439.21030909915044,434.3671913522403,437.2073059082031,15324200,0.0,0.0
2025-05-12 00:00:00-04:00,444.39229048229146,447.8103787748487,438.2536661790282,447.7007751464844,22821900,0.0,0.0
2025-05-13 00:00:00-04:00,446.22591154405814,449.1058959658508,443.8142971336702,447.5812072753906,23618800,0.0,0.0
2025-05-14 00:00:00-04:00,446.5846525094385,452.32464056421765,446.5846525094385,451.36798095703125,19902800,0.0,0.0
2025-05-15 00:00:00-04:00,450.0301794411029,455.44129747226026,449.6907411096269,452.3863220214844,21992300,0.83,0.0
2025-05-16 00:00:00-04:00,451.30808680840903,453.6142932166669,447.99355872232604,453.5244445800781,23849800,0.0,0.0
2025-05-19 00:00:00-04:00,450.14000552921704,458.83570185482216,450.0601197660991,458.11688232421875,21336500,0.0,0.0
2025-05-20 00:00:00-04:00,454.8422775622727,457.58776423526933,453.57437286704067,457.4180603027344,15441800,0.0,0.0
2025-05-21 00:00:00-04:00,453.8239575485261,457.02868069868646,451.06847756848606,451.8272399902344,19216900,0.0,0.0
2025-05-22 00:00:00-04:00,454.2033434579146,459.49463285512667,453.1550484484722,454.11346435546875,18025600,0.0,0.0
2025-05-23 00:00:00-04:00,449.24150862772166,452.94541128469075,448.17325738802526,449.441162109375,16883500,0.0,0.0
2025-05-27 00:00:00-04:00,455.7308170830738,460.19348195260824,455.3713920868909,459.93389892578125,20974300,0.0,0.0
2025-05-28 00:00:00-04:00,460.4630558858422,461.7609101640183,456.1800880198718,456.609375,17086300,0.0,0.0
2025-05-29 00:00:00-04:00,460.79250051058557,460.9622349154345,454.56275123248776,457.9272155761719,13974800,0.0,0.0
2025-05-30 00:00:00-04:00,458.96549737927586,460.9222720478794,454.79236501090486,459.60443115234375,34770500,0.0,0.0
2025-06-02 00:00:00-04:00,456.3897628439735,461.35157690062545,456.1401731404802,461.2118225097656,16626500,0.0,0.0
2025-06-03 00:00:00-04:00,460.7126363614999,463.3782677615003,460.1036216507913,462.2101745605469,15743800,0.0,0.0
2025-06-04 00:00:00-04:00,463.2384646092932,464.9256933509807,462.2600620562611,463.1086730957031,14162700,0.0,0.0
2025-06-05 00:00:00-04:00,464.1968775224098,468.8791825139859,463.26841119380083,466.91241455078125,20131700,0.0,0.0
2025-06-06 00:00:00-04:00,469.31846913564885,472.56313512848675,468.0106215882427,469.6080017089844,15285600,0.0,0.0
2025-06-09 00:00:00-04:00,468.92913895110996,472.6529977632414,467.8508943889836,471.97412109375,16469900,0.0,0.0
2025-06-10 00:00:00-04:00,470.4166711436691,472.02401413852874,466.19360257943936,470.1471252441406,15375900,0.0,0.0
2025-06-11 00:00:00-04:00,469.24859086789724,474.68965849935887,468.88919632531986,471.8443298339844,16399200,0.0,0.0
2025-06-12 00:00:00-04:00,474.2403884361742,479.6315503555016,472.7428502291372,478.0840759277344,18950600,0.0,0.0
2025-06-13 00:00:00-04:00,475.62811338522215,478.3935562569989,471.98410990605987,474.18048095703125,16814500,0.0,0.0
2025-06-16 00:00:00-04:00,474.4300645574067,479.90108160832807,474.2204177457221,478.3536376953125,15626100,0.0,0.0
2025-06-17 00:00:00-04:00,474.6197503672441,477.9542649832925,473.30190948641297,477.25543212890625,15414100,0.0,0.0
2025-06-18 00:00:00-04:00,477.21549881727225,480.2105751696819,473.68130019053103,479.4518127441406,17526500,0.0,0.0
2025-06-20 00:00:00-04:00,481.4385756672578,482.666537493529,476.0873566497709,476.6164855957031,37576200,0.0,0.0
2025-06-23 00:00:00-04:00,477.425138713905,486.94948990747275,471.7345120072702,485.2023620605469,24864000,0.0,0.0
2025-06-24 00:00:00-04:00,488.1475336634371,491.0427680081874,486.0010379300524,489.30560302734375,22305600,0.0,0.0
2025-06-25 00:00:00-04:00,491.2324636297239,493.7483167920849,488.58681895090325,491.4620666503906,17495100,0.0,0.0
2025-06-26 00:00:00-04:00,492.1709105807123,497.2226034494893,492.0011761864687,496.6335754394531,21578900,0.0,0.0
2025-06-27 00:00:00-04:00,496.73341116664807,498.4805390751374,492.22084033701867,495.1260681152344,34539200,0.0,0.0
2025-06-30 00:00:00-04:00,496.22427056302723,499.9381665482639,494.51705506439515,496.5936584472656,28369000,0.0,0.0
2025-07-01 00:00:00-04:00,495.655190908974,497.2325843953567,490.1742108879921,491.242431640625,19945400,0.0,0.0
2025-07-02 00:00:00-04:00,489.1858263089447,492.69007550131784,487.8979653734086,490.2840270996094,16319600,0.0,0.0
2025-07-03 00:00:00-04:00,492.99955771280014,499.3091926553608,492.6301698307581,498.02130126953125,13984800,0.0,0.0
2025-07-07 00:00:00-04:00,496.56369887519327,497.9314455400232,494.41723357438383,496.90313720703125,13981600,0.0,0.0
2025-07-08 00:00:00-04:00,496.42390920841734,497.3823555722493,493.2990413573122,495.804931640625,11846600,0.0,0.0
2025-07-09 00:00:00-04:00,499.47890106455674,505.94827712953634,498.919822567675,502.68365478515625,18659500,0.0,0.0
2025-07-10 00:00:00-04:00,502.22438258392543,503.6121159415126,496.93309312638246,500.656982421875,16492100,0.0,0.0
2025-07-11 00:00:00-04:00,497.6519112557523,504.20114253320645,496.9829974553982,502.49395751953125,16459500,0.0,0.0
2025-07-14 00:00:00-04:00,500.6968893054946,503.14288052756655,500.20770324807717,502.1944274902344,12058800,0.0,0.0
2025-07-15 00:00:00-04:00,502.19441482497484,507.465747883617,501.9648118083004,504.9898376464844,14927200,0.0,0.0
2025-07-16 00:00:00-04:00,504.35088083250554,505.88836188358,501.06630238508603,504.7901611328125,15154400,0.0,0.0
2025-07-17 00:00:00-04:00,504.85005963085433,512.5274410723513,504.7901605415637,510.8601989746094,17503100,0.0,0.0
2025-07-18 00:00:00-04:00,513.6356127696338,513.7953843002441,506.59719545986655,509.212890625,21209700,0.0,0.0
2025-07-21 00:00:00-04:00,505.8783619126309,511.24956741731427,504.7202620876888,509.2228698730469,14066800,0.0,0.0
2025-07-22 00:00:00-04:00,510.13139215337156,510.3610256433726,504.44073486328125,504.44073486328125,13868600,0.0,0.0
2025-07-23 00:00:00-04:00,505.9183250285286,505.95826791167354,499.87826643817476,505.0397644042969,16396600,0.0,0.0
2025-07-24 00:00:00-04:00,507.93498157135946,512.826933461713,506.4673929575042,510.0415344238281,16107000,0.0,0.0
2025-07-25 00:00:00-04:00,511.6289272082179,517.4393829887753,509.52240467312413,512.866943359375,19125700,0.0,0.0
2025-07-28 00:00:00-04:00,513.2362984451797,514.1547714605564,509.2827757416266,511.65887451171875,14308000,0.0,0.0
2025-07-29 00:00:00-04:00,514.6839236482208,516.7704593446111,510.7204076628311,511.728759765625,16469200,0.0,0.0
2025-07-30 00:00:00-04:00,514.3244691518986,515.1032182392812,508.6038929137552,512.3976440429688,26380400,0.0,0.0
2025-07-31 00:00:00-04:00,554.3187056451394,554.5383762548963,531.0270400328567,532.6243896484375,51617300,0.0,0.0
2025-08-01 00:00:00-04:00,534.1219588686084,534.9206337229102,520.0051507892547,523.2498168945312,28977600,0.0,0.0
2025-08-04 00:00:00-04:00,527.4030257699867,537.3666271513684,527.2632409127965,534.7609252929688,25349000,0.0,0.0
2025-08-05 00:00:00-04:00,536.2983661514853,536.4181643311854,526.374677366439,526.8838500976562,19171600,0.0,0.0
2025-08-06 00:00:00-04:00,530.0287318260303,530.8274067099719,523.1700114791388,524.0784912109375,21355700,0.0,0.0
2025-08-07 00:00:00-04:00,525.9354090023164,527.2233308658066,516.7005900083886,519.9852294921875,16079100,0.0,0.0
2025-08-08 00:00:00-04:00,521.7423060527517,523.7989228282858,518.5575389118288,521.1832275390625,15531000,0.0,0.0
2025-08-11 00:00:00-04:00,521.4427947726738,526.7241518809952,518.8670119786243,520.9136962890625,20194400,0.0,0.0
2025-08-12 00:00:00-04:00,522.8904188907295,530.1085334795151,521.8421543429575,528.3713989257812,18667000,0.0,0.0
2025-08-13 00:00:00-04:00,531.236692379076,531.825750889051,518.5176108745642,519.7256469726562,19619200,0.0,0.0
2025-08-14 00:00:00-04:00,521.7023833261101,525.0868343553949,519.2863720398742,521.6224975585938,20269100,0.0,0.0
2025-08-15 00:00:00-04:00,521.9120536418995,525.2365445998882,518.2281072023833,519.3162841796875,25213300,0.0,0.0
2025-08-18 00:00:00-04:00,520.7339636806648,521.9619254356152,513.176380682391,516.2512817382812,23760600,0.0,0.0
2025-08-19 00:00:00-04:00,514.1547770514178,514.314487646487,507.7153506663982,508.933349609375,21481000,0.0,0.0
2025-08-20 00:00:00-04:00,509.0331975839143,510.161347905157,503.6121166003689,504.8900146484375,27723000,0.0,0.0
2025-08-21 00:00:00-04:00,503.69000244140625,507.6300048828125,502.7200012207031,504.239990234375,18443300,0.83,0.0
2025-08-22 00:00:00-04:00,504.25,510.7300109863281,502.4100036621094,507.2300109863281,24324200,0.0,0.0
2025-08-25 00:00:00-04:00,506.6300048828125,508.19000244140625,504.1199951171875,504.260009765625,21638600,0.0,0.0
2025-08-26 00:00:00-04:00,504.3599853515625,504.9800109863281,498.510009765625,502.0400085449219,30835700,0.0,0.0
2025-08-27 00:00:00-04:00,502.0,507.2900085449219,499.8999938964844,506.739990234375,17277900,0.0,0.0
2025-08-28 00:00:00-04:00,507.0899963378906,511.0899963378906,505.5,509.6400146484375,18015600,0.0,0.0
2025-08-29 00:00:00-04:00,508.6600036621094,509.6000061035156,504.489990234375,506.69000244140625,20961600,0.0,0.0
2025-09-02 00:00:00-04:00,500.4700012207031,506.0,496.80999755859375,505.1199951171875,18128000,0.0,0.0
2025-09-03 00:00:00-04:00,503.7900085449219,507.7900085449219,502.32000732421875,505.3500061035156,16345100,0.0,0.0
2025-09-04 00:00:00-04:00,504.29998779296875,508.1499938964844,503.1499938964844,507.9700012207031,15509500,0.0,0.0
2025-09-05 00:00:00-04:00,509.07000732421875,511.9700012207031,492.3699951171875,495.0,31994800,0.0,0.0
2025-09-08 00:00:00-04:00,498.1099853515625,501.20001220703125,495.0299987792969,498.20001220703125,16771000,0.0,0.0
2025-09-09 00:00:00-04:00,501.42999267578125,502.25,497.70001220703125,498.4100036621094,14410500,0.0,0.0
2025-09-10 00:00:00-04:00,502.9800109863281,503.2300109863281,496.7200012207031,500.3699951171875,21611800,0.0,0.0
2025-09-11 00:00:00-04:00,502.25,503.1700134277344,497.8800048828125,501.010009765625,18881600,0.0,0.0
2025-09-12 00:00:00-04:00,506.6499938964844,512.5499877929688,503.8500061035156,509.8999938964844,23624900,0.0,0.0
2025-09-15 00:00:00-04:00,508.7900085449219,515.469970703125,507.0,515.3599853515625,17143800,0.0,0.0
2025-09-16 00:00:00-04:00,516.8800048828125,517.22998046875,508.6000061035156,509.0400085449219,19711900,0.0,0.0
2025-09-17 00:00:00-04:00,510.6199951171875,511.2900085449219,505.92999267578125,510.0199890136719,15816600,0.0,0.0
2025-09-18 00:00:00-04:00,511.489990234375,513.0700073242188,507.6600036621094,508.45001220703125,18913700,0.0,0.0
2025-09-19 00:00:00-04:00,510.55999755859375,519.2999877929688,510.30999755859375,517.9299926757812,52474100,0.0,0.0
2025-09-22 00:00:00-04:00,515.5900268554688,517.739990234375,512.5399780273438,514.4500122070312,20009300,0.0,0.0
2025-09-23 00:00:00-04:00,513.7999877929688,514.5900268554688,507.30999755859375,509.2300109863281,19799600,0.0,0.0
2025-09-24 00:00:00-04:00,510.3800048828125,512.47998046875,506.9200134277344,510.1499938964844,13533700,0.0,0.0
2025-09-25 00:00:00-04:00,508.29998779296875,510.010009765625,505.0400085449219,507.0299987792969,15786500,0.0,0.0
2025-09-26 00:00:00-04:00,510.05999755859375,513.9400024414062,506.6199951171875,511.4599914550781,16200700,0.0,0.0
